t_s,codigo
0,128
1e-07,128
2e-07,128
3e-07,128
4e-07,128
5e-07,128
6e-07,128
7e-07,128
8e-07,128
9e-07,128
1e-06,129
1.1e-06,129
1.2e-06,129
1.3e-06,129
1.4e-06,129
1.5e-06,129
1.6e-06,129
1.7e-06,129
1.8e-06,129
1.9e-06,129
2e-06,130
2.1e-06,130
2.2e-06,130
2.3e-06,130
2.4e-06,130
2.5e-06,130
2.6e-06,130
2.7e-06,130
2.8e-06,130
2.9e-06,130
3e-06,130
3.1e-06,130
3.2e-06,130
3.3e-06,130
3.4e-06,130
3.5e-06,130
3.6e-06,130
3.7e-06,130
3.8e-06,130
3.9e-06,130
4e-06,131
4.1e-06,131
4.2e-06,131
4.3e-06,131
4.4e-06,131
4.5e-06,131
4.6e-06,131
4.7e-06,131
4.8e-06,131
4.9e-06,132
5e-06,132
5.1e-06,132
5.2e-06,132
5.3e-06,132
5.4e-06,132
5.5e-06,132
5.6e-06,132
5.7e-06,132
5.8e-06,132
5.9e-06,133
6e-06,133
6.1e-06,133
6.2e-06,133
6.3e-06,133
6.4e-06,133
6.5e-06,133
6.6e-06,133
6.7e-06,133
6.8e-06,133
6.9e-06,133
7e-06,133
7.1e-06,133
7.2e-06,133
7.3e-06,133
7.4e-06,133
7.5e-06,133
7.6e-06,133
7.7e-06,133
7.8e-06,133
7.9e-06,134
8e-06,134
8.1e-06,134
8.2e-06,134
8.3e-06,134
8.4e-06,134
8.5e-06,134
8.6e-06,134
8.7e-06,134
8.8e-06,135
8.9e-06,135
9e-06,135
9.1e-06,135
9.2e-06,135
9.3e-06,135
9.4e-06,135
9.5e-06,135
9.6e-06,135
9.7e-06,135
9.8e-06,136
9.9e-06,136
1e-05,136
1.01e-05,136
1.02e-05,136
1.03e-05,136
1.04e-05,136
1.05e-05,136
1.06e-05,136
1.07e-05,136
1.08e-05,137
1.09e-05,137
1.1e-05,137
1.11e-05,137
1.12e-05,137
1.13e-05,137
1.14e-05,137
1.15e-05,137
1.16e-05,137
1.17e-05,137
1.18e-05,137
1.19e-05,137
1.2e-05,137
1.21e-05,137
1.22e-05,137
1.23e-05,137
1.24e-05,137
1.25e-05,137
1.26e-05,137
1.27e-05,138
1.28e-05,138
1.29e-05,138
1.3e-05,138
1.31e-05,138
1.32e-05,138
1.33e-05,138
1.34e-05,138
1.35e-05,138
1.36e-05,138
1.37e-05,139
1.38e-05,139
1.39e-05,139
1.4e-05,139
1.41e-05,139
1.42e-05,139
1.43e-05,139
1.44e-05,139
1.45e-05,139
1.46e-05,139
1.47e-05,140
1.48e-05,140
1.49e-05,140
1.5e-05,140
1.51e-05,140
1.52e-05,140
1.53e-05,140
1.54e-05,140
1.55e-05,140
1.56e-05,140
1.57e-05,140
1.58e-05,140
1.59e-05,140
1.6e-05,140
1.61e-05,140
1.62e-05,140
1.63e-05,140
1.64e-05,140
1.65e-05,140
1.66e-05,140
1.67e-05,141
1.68e-05,141
1.69e-05,141
1.7e-05,141
1.71e-05,141
1.72e-05,141
1.73e-05,141
1.74e-05,141
1.75e-05,141
1.76e-05,142
1.77e-05,142
1.78e-05,142
1.79e-05,142
1.8e-05,142
1.81e-05,142
1.82e-05,142
1.83e-05,142
1.84e-05,142
1.85e-05,142
1.86e-05,143
1.87e-05,143
1.88e-05,143
1.89e-05,143
1.9e-05,143
1.91e-05,143
1.92e-05,143
1.93e-05,143
1.94e-05,143
1.95e-05,143
1.96e-05,144
1.97e-05,144
1.98e-05,144
1.99e-05,144
2e-05,144
2.01e-05,144
2.02e-05,144
2.03e-05,144
2.04e-05,144
2.05e-05,144
2.06e-05,144
2.07e-05,144
2.08e-05,144
2.09e-05,144
2.1e-05,144
2.11e-05,144
2.12e-05,144
2.13e-05,144
2.14e-05,144
2.15e-05,145
2.16e-05,145
2.17e-05,145
2.18e-05,145
2.19e-05,145
2.2e-05,145
2.21e-05,145
2.22e-05,145
2.23e-05,145
2.24e-05,145
2.25e-05,146
2.26e-05,146
2.27e-05,146
2.28e-05,146
2.29e-05,146
2.3e-05,146
2.31e-05,146
2.32e-05,146
2.33e-05,146
2.34e-05,146
2.35e-05,147
2.36e-05,147
2.37e-05,147
2.38e-05,147
2.39e-05,147
2.4e-05,147
2.41e-05,147
2.42e-05,147
2.43e-05,147
2.44e-05,147
2.45e-05,147
2.46e-05,147
2.47e-05,147
2.48e-05,147
2.49e-05,147
2.5e-05,147
2.51e-05,147
2.52e-05,147
2.53e-05,147
2.54e-05,148
2.55e-05,148
2.56e-05,148
2.57e-05,148
2.58e-05,148
2.59e-05,148
2.6e-05,148
2.61e-05,148
2.62e-05,148
2.63e-05,148
2.64e-05,149
2.65e-05,149
2.66e-05,149
2.67e-05,149
2.68e-05,149
2.69e-05,149
2.7e-05,149
2.71e-05,149
2.72e-05,149
2.73e-05,149
2.74e-05,150
2.75e-05,150
2.76e-05,150
2.77e-05,150
2.78e-05,150
2.79e-05,150
2.8e-05,150
2.81e-05,150
2.82e-05,150
2.83e-05,150
2.84e-05,150
2.85e-05,150
2.86e-05,150
2.87e-05,150
2.88e-05,150
2.89e-05,150
2.9e-05,150
2.91e-05,150
2.92e-05,150
2.93e-05,151
2.94e-05,151
2.95e-05,151
2.96e-05,151
2.97e-05,151
2.98e-05,151
2.99e-05,151
3e-05,151
3.01e-05,151
3.02e-05,151
3.03e-05,152
3.04e-05,152
3.05e-05,152
3.06e-05,152
3.07e-05,152
3.08e-05,152
3.09e-05,152
3.1e-05,152
3.11e-05,152
3.12e-05,152
3.13e-05,153
3.14e-05,153
3.15e-05,153
3.16e-05,153
3.17e-05,153
3.18e-05,153
3.19e-05,153
3.2e-05,153
3.21e-05,153
3.22e-05,153
3.23e-05,154
3.24e-05,154
3.25e-05,154
3.26e-05,154
3.27e-05,154
3.28e-05,154
3.29e-05,154
3.3e-05,154
3.31e-05,154
3.32e-05,154
3.33e-05,154
3.34e-05,154
3.35e-05,154
3.36e-05,154
3.37e-05,154
3.38e-05,154
3.39e-05,154
3.4e-05,154
3.41e-05,154
3.42e-05,155
3.43e-05,155
3.44e-05,155
3.45e-05,155
3.46e-05,155
3.47e-05,155
3.48e-05,155
3.49e-05,155
3.5e-05,155
3.51e-05,155
3.52e-05,156
3.53e-05,156
3.54e-05,156
3.55e-05,156
3.56e-05,156
3.57e-05,156
3.58e-05,156
3.59e-05,156
3.6e-05,156
3.61e-05,156
3.62e-05,157
3.63e-05,157
3.64e-05,157
3.65e-05,157
3.66e-05,157
3.67e-05,157
3.68e-05,157
3.69e-05,157
3.7e-05,157
3.71e-05,157
3.72e-05,157
3.73e-05,157
3.74e-05,157
3.75e-05,157
3.76e-05,157
3.77e-05,157
3.78e-05,157
3.79e-05,157
3.8e-05,157
3.81e-05,158
3.82e-05,158
3.83e-05,158
3.84e-05,158
3.85e-05,158
3.86e-05,158
3.87e-05,158
3.88e-05,158
3.89e-05,158
3.9e-05,158
3.91e-05,159
3.92e-05,159
3.93e-05,159
3.94e-05,159
3.95e-05,159
3.96e-05,159
3.97e-05,159
3.98e-05,159
3.99e-05,159
4e-05,159
4.01e-05,160
4.02e-05,160
4.03e-05,160
4.04e-05,160
4.05e-05,160
4.06e-05,160
4.07e-05,160
4.08e-05,160
4.09e-05,160
4.1e-05,160
4.11e-05,160
4.12e-05,160
4.13e-05,160
4.14e-05,160
4.15e-05,160
4.16e-05,160
4.17e-05,160
4.18e-05,160
4.19e-05,160
4.2e-05,161
4.21e-05,161
4.22e-05,161
4.23e-05,161
4.24e-05,161
4.25e-05,161
4.26e-05,161
4.27e-05,161
4.28e-05,161
4.29e-05,161
4.3e-05,162
4.31e-05,162
4.32e-05,162
4.33e-05,162
4.34e-05,162
4.35e-05,162
4.36e-05,162
4.37e-05,162
4.38e-05,162
4.39e-05,162
4.4e-05,163
4.41e-05,163
4.42e-05,163
4.43e-05,163
4.44e-05,163
4.45e-05,163
4.46e-05,163
4.47e-05,163
4.48e-05,163
4.49e-05,163
4.5e-05,163
4.51e-05,163
4.52e-05,163
4.53e-05,163
4.54e-05,163
4.55e-05,163
4.56e-05,163
4.57e-05,163
4.58e-05,163
4.59e-05,164
4.6e-05,164
4.61e-05,164
4.62e-05,164
4.63e-05,164
4.64e-05,164
4.65e-05,164
4.66e-05,164
4.67e-05,164
4.68e-05,164
4.69e-05,165
4.7e-05,165
4.71e-05,165
4.72e-05,165
4.73e-05,165
4.74e-05,165
4.75e-05,165
4.76e-05,165
4.77e-05,165
4.78e-05,165
4.79e-05,166
4.8e-05,166
4.81e-05,166
4.82e-05,166
4.83e-05,166
4.84e-05,166
4.85e-05,166
4.86e-05,166
4.87e-05,166
4.88e-05,166
4.89e-05,166
4.9e-05,166
4.91e-05,166
4.92e-05,166
4.93e-05,166
4.94e-05,166
4.95e-05,166
4.96e-05,166
4.97e-05,166
4.98e-05,166
4.99e-05,167
5e-05,167
5.01e-05,167
5.02e-05,167
5.03e-05,167
5.04e-05,167
5.05e-05,167
5.06e-05,167
5.07e-05,167
5.08e-05,168
5.09e-05,168
5.1e-05,168
5.11e-05,168
5.12e-05,168
5.13e-05,168
5.14e-05,168
5.15e-05,168
5.16e-05,168
5.17e-05,168
5.18e-05,169
5.19e-05,169
5.2e-05,169
5.21e-05,169
5.22e-05,169
5.23e-05,169
5.24e-05,169
5.25e-05,169
5.26e-05,169
5.27e-05,169
5.28e-05,169
5.29e-05,169
5.3e-05,169
5.31e-05,169
5.32e-05,169
5.33e-05,169
5.34e-05,169
5.35e-05,169
5.36e-05,169
5.37e-05,169
5.38e-05,170
5.39e-05,170
5.4e-05,170
5.41e-05,170
5.42e-05,170
5.43e-05,170
5.44e-05,170
5.45e-05,170
5.46e-05,170
5.47e-05,171
5.48e-05,171
5.49e-05,171
5.5e-05,171
5.51e-05,171
5.52e-05,171
5.53e-05,171
5.54e-05,171
5.55e-05,171
5.56e-05,171
5.57e-05,172
5.58e-05,172
5.59e-05,172
5.6e-05,172
5.61e-05,172
5.62e-05,172
5.63e-05,172
5.64e-05,172
5.65e-05,172
5.66e-05,172
5.67e-05,172
5.68e-05,172
5.69e-05,172
5.7e-05,172
5.71e-05,172
5.72e-05,172
5.73e-05,172
5.74e-05,172
5.75e-05,172
5.76e-05,172
5.77e-05,173
5.78e-05,173
5.79e-05,173
5.8e-05,173
5.81e-05,173
5.82e-05,173
5.83e-05,173
5.84e-05,173
5.85e-05,173
5.86e-05,174
5.87e-05,174
5.88e-05,174
5.89e-05,174
5.9e-05,174
5.91e-05,174
5.92e-05,174
5.93e-05,174
5.94e-05,174
5.95e-05,174
5.96e-05,174
5.97e-05,174
5.98e-05,174
5.99e-05,174
6e-05,174
6.01e-05,174
6.02e-05,174
6.03e-05,174
6.04e-05,174
6.05e-05,174
6.06e-05,175
6.07e-05,175
6.08e-05,175
6.09e-05,175
6.1e-05,175
6.11e-05,175
6.12e-05,175
6.13e-05,175
6.14e-05,175
6.15e-05,175
6.16e-05,176
6.17e-05,176
6.18e-05,176
6.19e-05,176
6.2e-05,176
6.21e-05,176
6.22e-05,176
6.23e-05,176
6.24e-05,176
6.25e-05,176
6.26e-05,177
6.27e-05,177
6.28e-05,177
6.29e-05,177
6.3e-05,177
6.31e-05,177
6.32e-05,177
6.33e-05,177
6.34e-05,177
6.35e-05,177
6.36e-05,177
6.37e-05,177
6.38e-05,177
6.39e-05,177
6.4e-05,177
6.41e-05,177
6.42e-05,177
6.43e-05,177
6.44e-05,177
6.45e-05,178
6.46e-05,178
6.47e-05,178
6.48e-05,178
6.49e-05,178
6.5e-05,178
6.51e-05,178
6.52e-05,178
6.53e-05,178
6.54e-05,178
6.55e-05,179
6.56e-05,179
6.57e-05,179
6.58e-05,179
6.59e-05,179
6.6e-05,179
6.61e-05,179
6.62e-05,179
6.63e-05,179
6.64e-05,179
6.65e-05,179
6.66e-05,179
6.67e-05,179
6.68e-05,179
6.69e-05,179
6.7e-05,179
6.71e-05,179
6.72e-05,179
6.73e-05,179
6.74e-05,180
6.75e-05,180
6.76e-05,180
6.77e-05,180
6.78e-05,180
6.79e-05,180
6.8e-05,180
6.81e-05,180
6.82e-05,180
6.83e-05,180
6.84e-05,181
6.85e-05,181
6.86e-05,181
6.87e-05,181
6.88e-05,181
6.89e-05,181
6.9e-05,181
6.91e-05,181
6.92e-05,181
6.93e-05,181
6.94e-05,182
6.95e-05,182
6.96e-05,182
6.97e-05,182
6.98e-05,182
6.99e-05,182
7e-05,182
7.01e-05,182
7.02e-05,182
7.03e-05,182
7.04e-05,182
7.05e-05,182
7.06e-05,182
7.07e-05,182
7.08e-05,182
7.09e-05,182
7.1e-05,182
7.11e-05,182
7.12e-05,182
7.13e-05,183
7.14e-05,183
7.15e-05,183
7.16e-05,183
7.17e-05,183
7.18e-05,183
7.19e-05,183
7.2e-05,183
7.21e-05,183
7.22e-05,183
7.23e-05,184
7.24e-05,184
7.25e-05,184
7.26e-05,184
7.27e-05,184
7.28e-05,184
7.29e-05,184
7.3e-05,184
7.31e-05,184
7.32e-05,184
7.33e-05,184
7.34e-05,184
7.35e-05,184
7.36e-05,184
7.37e-05,184
7.38e-05,184
7.39e-05,184
7.4e-05,184
7.41e-05,184
7.42e-05,184
7.43e-05,185
7.44e-05,185
7.45e-05,185
7.46e-05,185
7.47e-05,185
7.48e-05,185
7.49e-05,185
7.5e-05,185
7.51e-05,185
7.52e-05,186
7.53e-05,186
7.54e-05,186
7.55e-05,186
7.56e-05,186
7.57e-05,186
7.58e-05,186
7.59e-05,186
7.6e-05,186
7.61e-05,186
7.62e-05,186
7.63e-05,186
7.64e-05,186
7.65e-05,186
7.66e-05,186
7.67e-05,186
7.68e-05,186
7.69e-05,186
7.7e-05,186
7.71e-05,186
7.72e-05,187
7.73e-05,187
7.74e-05,187
7.75e-05,187
7.76e-05,187
7.77e-05,187
7.78e-05,187
7.79e-05,187
7.8e-05,187
7.81e-05,187
7.82e-05,188
7.83e-05,188
7.84e-05,188
7.85e-05,188
7.86e-05,188
7.87e-05,188
7.88e-05,188
7.89e-05,188
7.9e-05,188
7.91e-05,188
7.92e-05,189
7.93e-05,189
7.94e-05,189
7.95e-05,189
7.96e-05,189
7.97e-05,189
7.98e-05,189
7.99e-05,189
8e-05,189
8.01e-05,189
8.02e-05,189
8.03e-05,189
8.04e-05,189
8.05e-05,189
8.06e-05,189
8.07e-05,189
8.08e-05,189
8.09e-05,189
8.1e-05,189
8.11e-05,190
8.12e-05,190
8.13e-05,190
8.14e-05,190
8.15e-05,190
8.16e-05,190
8.17e-05,190
8.18e-05,190
8.19e-05,190
8.2e-05,190
8.21e-05,191
8.22e-05,191
8.23e-05,191
8.24e-05,191
8.25e-05,191
8.26e-05,191
8.27e-05,191
8.28e-05,191
8.29e-05,191
8.3e-05,191
8.31e-05,191
8.32e-05,191
8.33e-05,191
8.34e-05,191
8.35e-05,191
8.36e-05,191
8.37e-05,191
8.38e-05,191
8.39e-05,191
8.4e-05,192
8.41e-05,192
8.42e-05,192
8.43e-05,192
8.44e-05,192
8.45e-05,192
8.46e-05,192
8.47e-05,192
8.48e-05,192
8.49e-05,192
8.5e-05,193
8.51e-05,193
8.52e-05,193
8.53e-05,193
8.54e-05,193
8.55e-05,193
8.56e-05,193
8.57e-05,193
8.58e-05,193
8.59e-05,193
8.6e-05,193
8.61e-05,193
8.62e-05,193
8.63e-05,193
8.64e-05,193
8.65e-05,193
8.66e-05,193
8.67e-05,193
8.68e-05,193
8.69e-05,193
8.7e-05,194
8.71e-05,194
8.72e-05,194
8.73e-05,194
8.74e-05,194
8.75e-05,194
8.76e-05,194
8.77e-05,194
8.78e-05,194
8.79e-05,195
8.8e-05,195
8.81e-05,195
8.82e-05,195
8.83e-05,195
8.84e-05,195
8.85e-05,195
8.86e-05,195
8.87e-05,195
8.88e-05,195
8.89e-05,195
8.9e-05,195
8.91e-05,195
8.92e-05,195
8.93e-05,195
8.94e-05,195
8.95e-05,195
8.96e-05,195
8.97e-05,195
8.98e-05,195
8.99e-05,196
9e-05,196
9.01e-05,196
9.02e-05,196
9.03e-05,196
9.04e-05,196
9.05e-05,196
9.06e-05,196
9.07e-05,196
9.08e-05,196
9.09e-05,197
9.1e-05,197
9.11e-05,197
9.12e-05,197
9.13e-05,197
9.14e-05,197
9.15e-05,197
9.16e-05,197
9.17e-05,197
9.18e-05,197
9.19e-05,197
9.2e-05,197
9.21e-05,197
9.22e-05,197
9.23e-05,197
9.24e-05,197
9.25e-05,197
9.26e-05,197
9.27e-05,197
9.28e-05,198
9.29e-05,198
9.3e-05,198
9.31e-05,198
9.32e-05,198
9.33e-05,198
9.34e-05,198
9.35e-05,198
9.36e-05,198
9.37e-05,198
9.38e-05,199
9.39e-05,199
9.4e-05,199
9.41e-05,199
9.42e-05,199
9.43e-05,199
9.44e-05,199
9.45e-05,199
9.46e-05,199
9.47e-05,199
9.48e-05,199
9.49e-05,199
9.5e-05,199
9.51e-05,199
9.52e-05,199
9.53e-05,199
9.54e-05,199
9.55e-05,199
9.56e-05,199
9.57e-05,199
9.58e-05,200
9.59e-05,200
9.6e-05,200
9.61e-05,200
9.62e-05,200
9.63e-05,200
9.64e-05,200
9.65e-05,200
9.66e-05,200
9.67e-05,200
9.68e-05,200
9.69e-05,200
9.7e-05,200
9.71e-05,200
9.72e-05,200
9.73e-05,200
9.74e-05,200
9.75e-05,200
9.76e-05,200
9.77e-05,201
9.78e-05,201
9.79e-05,201
9.8e-05,201
9.81e-05,201
9.82e-05,201
9.83e-05,201
9.84e-05,201
9.85e-05,201
9.86e-05,201
9.87e-05,202
9.88e-05,202
9.89e-05,202
9.9e-05,202
9.91e-05,202
9.92e-05,202
9.93e-05,202
9.94e-05,202
9.95e-05,202
9.96e-05,202
9.97e-05,202
9.98e-05,202
9.99e-05,202
0.0001,202
0.0001001,202
0.0001002,202
0.0001003,202
0.0001004,202
0.0001005,202
0.0001006,203
0.0001007,203
0.0001008,203
0.0001009,203
0.000101,203
0.0001011,203
0.0001012,203
0.0001013,203
0.0001014,203
0.0001015,203
0.0001016,204
0.0001017,204
0.0001018,204
0.0001019,204
0.000102,204
0.0001021,204
0.0001022,204
0.0001023,204
0.0001024,204
0.0001025,204
0.0001026,204
0.0001027,204
0.0001028,204
0.0001029,204
0.000103,204
0.0001031,204
0.0001032,204
0.0001033,204
0.0001034,204
0.0001035,204
0.0001036,205
0.0001037,205
0.0001038,205
0.0001039,205
0.000104,205
0.0001041,205
0.0001042,205
0.0001043,205
0.0001044,205
0.0001045,206
0.0001046,206
0.0001047,206
0.0001048,206
0.0001049,206
0.000105,206
0.0001051,206
0.0001052,206
0.0001053,206
0.0001054,206
0.0001055,206
0.0001056,206
0.0001057,206
0.0001058,206
0.0001059,206
0.000106,206
0.0001061,206
0.0001062,206
0.0001063,206
0.0001064,206
0.0001065,207
0.0001066,207
0.0001067,207
0.0001068,207
0.0001069,207
0.000107,207
0.0001071,207
0.0001072,207
0.0001073,207
0.0001074,207
0.0001075,207
0.0001076,207
0.0001077,207
0.0001078,207
0.0001079,207
0.000108,207
0.0001081,207
0.0001082,207
0.0001083,207
0.0001084,208
0.0001085,208
0.0001086,208
0.0001087,208
0.0001088,208
0.0001089,208
0.000109,208
0.0001091,208
0.0001092,208
0.0001093,208
0.0001094,209
0.0001095,209
0.0001096,209
0.0001097,209
0.0001098,209
0.0001099,209
0.00011,209
0.0001101,209
0.0001102,209
0.0001103,209
0.0001104,209
0.0001105,209
0.0001106,209
0.0001107,209
0.0001108,209
0.0001109,209
0.000111,209
0.0001111,209
0.0001112,209
0.0001113,209
0.0001114,210
0.0001115,210
0.0001116,210
0.0001117,210
0.0001118,210
0.0001119,210
0.000112,210
0.0001121,210
0.0001122,210
0.0001123,210
0.0001124,210
0.0001125,210
0.0001126,210
0.0001127,210
0.0001128,210
0.0001129,210
0.000113,210
0.0001131,210
0.0001132,210
0.0001133,211
0.0001134,211
0.0001135,211
0.0001136,211
0.0001137,211
0.0001138,211
0.0001139,211
0.000114,211
0.0001141,211
0.0001142,211
0.0001143,212
0.0001144,212
0.0001145,212
0.0001146,212
0.0001147,212
0.0001148,212
0.0001149,212
0.000115,212
0.0001151,212
0.0001152,212
0.0001153,212
0.0001154,212
0.0001155,212
0.0001156,212
0.0001157,212
0.0001158,212
0.0001159,212
0.000116,212
0.0001161,212
0.0001162,212
0.0001163,213
0.0001164,213
0.0001165,213
0.0001166,213
0.0001167,213
0.0001168,213
0.0001169,213
0.000117,213
0.0001171,213
0.0001172,213
0.0001173,213
0.0001174,213
0.0001175,213
0.0001176,213
0.0001177,213
0.0001178,213
0.0001179,213
0.000118,213
0.0001181,213
0.0001182,214
0.0001183,214
0.0001184,214
0.0001185,214
0.0001186,214
0.0001187,214
0.0001188,214
0.0001189,214
0.000119,214
0.0001191,214
0.0001192,214
0.0001193,214
0.0001194,214
0.0001195,214
0.0001196,214
0.0001197,214
0.0001198,214
0.0001199,214
0.00012,214
0.0001201,214
0.0001202,215
0.0001203,215
0.0001204,215
0.0001205,215
0.0001206,215
0.0001207,215
0.0001208,215
0.0001209,215
0.000121,215
0.0001211,216
0.0001212,216
0.0001213,216
0.0001214,216
0.0001215,216
0.0001216,216
0.0001217,216
0.0001218,216
0.0001219,216
0.000122,216
0.0001221,216
0.0001222,216
0.0001223,216
0.0001224,216
0.0001225,216
0.0001226,216
0.0001227,216
0.0001228,216
0.0001229,216
0.000123,216
0.0001231,217
0.0001232,217
0.0001233,217
0.0001234,217
0.0001235,217
0.0001236,217
0.0001237,217
0.0001238,217
0.0001239,217
0.000124,217
0.0001241,217
0.0001242,217
0.0001243,217
0.0001244,217
0.0001245,217
0.0001246,217
0.0001247,217
0.0001248,217
0.0001249,217
0.000125,217
0.0001251,218
0.0001252,218
0.0001253,218
0.0001254,218
0.0001255,218
0.0001256,218
0.0001257,218
0.0001258,218
0.0001259,218
0.000126,218
0.0001261,218
0.0001262,218
0.0001263,218
0.0001264,218
0.0001265,218
0.0001266,218
0.0001267,218
0.0001268,218
0.0001269,218
0.000127,219
0.0001271,219
0.0001272,219
0.0001273,219
0.0001274,219
0.0001275,219
0.0001276,219
0.0001277,219
0.0001278,219
0.0001279,219
0.000128,219
0.0001281,219
0.0001282,219
0.0001283,219
0.0001284,219
0.0001285,219
0.0001286,219
0.0001287,219
0.0001288,219
0.0001289,219
0.000129,220
0.0001291,220
0.0001292,220
0.0001293,220
0.0001294,220
0.0001295,220
0.0001296,220
0.0001297,220
0.0001298,220
0.0001299,221
0.00013,221
0.0001301,221
0.0001302,221
0.0001303,221
0.0001304,221
0.0001305,221
0.0001306,221
0.0001307,221
0.0001308,221
0.0001309,221
0.000131,221
0.0001311,221
0.0001312,221
0.0001313,221
0.0001314,221
0.0001315,221
0.0001316,221
0.0001317,221
0.0001318,221
0.0001319,222
0.000132,222
0.0001321,222
0.0001322,222
0.0001323,222
0.0001324,222
0.0001325,222
0.0001326,222
0.0001327,222
0.0001328,222
0.0001329,222
0.000133,222
0.0001331,222
0.0001332,222
0.0001333,222
0.0001334,222
0.0001335,222
0.0001336,222
0.0001337,222
0.0001338,223
0.0001339,223
0.000134,223
0.0001341,223
0.0001342,223
0.0001343,223
0.0001344,223
0.0001345,223
0.0001346,223
0.0001347,223
0.0001348,223
0.0001349,223
0.000135,223
0.0001351,223
0.0001352,223
0.0001353,223
0.0001354,223
0.0001355,223
0.0001356,223
0.0001357,223
0.0001358,224
0.0001359,224
0.000136,224
0.0001361,224
0.0001362,224
0.0001363,224
0.0001364,224
0.0001365,224
0.0001366,224
0.0001367,224
0.0001368,224
0.0001369,224
0.000137,224
0.0001371,224
0.0001372,224
0.0001373,224
0.0001374,224
0.0001375,224
0.0001376,224
0.0001377,225
0.0001378,225
0.0001379,225
0.000138,225
0.0001381,225
0.0001382,225
0.0001383,225
0.0001384,225
0.0001385,225
0.0001386,225
0.0001387,225
0.0001388,225
0.0001389,225
0.000139,225
0.0001391,225
0.0001392,225
0.0001393,225
0.0001394,225
0.0001395,225
0.0001396,225
0.0001397,226
0.0001398,226
0.0001399,226
0.00014,226
0.0001401,226
0.0001402,226
0.0001403,226
0.0001404,226
0.0001405,226
0.0001406,226
0.0001407,226
0.0001408,226
0.0001409,226
0.000141,226
0.0001411,226
0.0001412,226
0.0001413,226
0.0001414,226
0.0001415,226
0.0001416,226
0.0001417,227
0.0001418,227
0.0001419,227
0.000142,227
0.0001421,227
0.0001422,227
0.0001423,227
0.0001424,227
0.0001425,227
0.0001426,227
0.0001427,227
0.0001428,227
0.0001429,227
0.000143,227
0.0001431,227
0.0001432,227
0.0001433,227
0.0001434,227
0.0001435,227
0.0001436,228
0.0001437,228
0.0001438,228
0.0001439,228
0.000144,228
0.0001441,228
0.0001442,228
0.0001443,228
0.0001444,228
0.0001445,228
0.0001446,228
0.0001447,228
0.0001448,228
0.0001449,228
0.000145,228
0.0001451,228
0.0001452,228
0.0001453,228
0.0001454,228
0.0001455,228
0.0001456,229
0.0001457,229
0.0001458,229
0.0001459,229
0.000146,229
0.0001461,229
0.0001462,229
0.0001463,229
0.0001464,229
0.0001465,229
0.0001466,229
0.0001467,229
0.0001468,229
0.0001469,229
0.000147,229
0.0001471,229
0.0001472,229
0.0001473,229
0.0001474,229
0.0001475,230
0.0001476,230
0.0001477,230
0.0001478,230
0.0001479,230
0.000148,230
0.0001481,230
0.0001482,230
0.0001483,230
0.0001484,230
0.0001485,230
0.0001486,230
0.0001487,230
0.0001488,230
0.0001489,230
0.000149,230
0.0001491,230
0.0001492,230
0.0001493,230
0.0001494,230
0.0001495,230
0.0001496,230
0.0001497,230
0.0001498,230
0.0001499,230
0.00015,230
0.0001501,230
0.0001502,230
0.0001503,230
0.0001504,231
0.0001505,231
0.0001506,231
0.0001507,231
0.0001508,231
0.0001509,231
0.000151,231
0.0001511,231
0.0001512,231
0.0001513,231
0.0001514,231
0.0001515,231
0.0001516,231
0.0001517,231
0.0001518,231
0.0001519,231
0.000152,231
0.0001521,231
0.0001522,231
0.0001523,231
0.0001524,232
0.0001525,232
0.0001526,232
0.0001527,232
0.0001528,232
0.0001529,232
0.000153,232
0.0001531,232
0.0001532,232
0.0001533,232
0.0001534,232
0.0001535,232
0.0001536,232
0.0001537,232
0.0001538,232
0.0001539,232
0.000154,232
0.0001541,232
0.0001542,232
0.0001543,233
0.0001544,233
0.0001545,233
0.0001546,233
0.0001547,233
0.0001548,233
0.0001549,233
0.000155,233
0.0001551,233
0.0001552,233
0.0001553,233
0.0001554,233
0.0001555,233
0.0001556,233
0.0001557,233
0.0001558,233
0.0001559,233
0.000156,233
0.0001561,233
0.0001562,233
0.0001563,234
0.0001564,234
0.0001565,234
0.0001566,234
0.0001567,234
0.0001568,234
0.0001569,234
0.000157,234
0.0001571,234
0.0001572,234
0.0001573,234
0.0001574,234
0.0001575,234
0.0001576,234
0.0001577,234
0.0001578,234
0.0001579,234
0.000158,234
0.0001581,234
0.0001582,234
0.0001583,234
0.0001584,234
0.0001585,234
0.0001586,234
0.0001587,234
0.0001588,234
0.0001589,234
0.000159,234
0.0001591,234
0.0001592,235
0.0001593,235
0.0001594,235
0.0001595,235
0.0001596,235
0.0001597,235
0.0001598,235
0.0001599,235
0.00016,235
0.0001601,235
0.0001602,235
0.0001603,235
0.0001604,235
0.0001605,235
0.0001606,235
0.0001607,235
0.0001608,235
0.0001609,235
0.000161,235
0.0001611,235
0.0001612,236
0.0001613,236
0.0001614,236
0.0001615,236
0.0001616,236
0.0001617,236
0.0001618,236
0.0001619,236
0.000162,236
0.0001621,236
0.0001622,236
0.0001623,236
0.0001624,236
0.0001625,236
0.0001626,236
0.0001627,236
0.0001628,236
0.0001629,236
0.000163,236
0.0001631,237
0.0001632,237
0.0001633,237
0.0001634,237
0.0001635,237
0.0001636,237
0.0001637,237
0.0001638,237
0.0001639,237
0.000164,237
0.0001641,237
0.0001642,237
0.0001643,237
0.0001644,237
0.0001645,237
0.0001646,237
0.0001647,237
0.0001648,237
0.0001649,237
0.000165,237
0.0001651,237
0.0001652,237
0.0001653,237
0.0001654,237
0.0001655,237
0.0001656,237
0.0001657,237
0.0001658,237
0.0001659,237
0.000166,237
0.0001661,238
0.0001662,238
0.0001663,238
0.0001664,238
0.0001665,238
0.0001666,238
0.0001667,238
0.0001668,238
0.0001669,238
0.000167,238
0.0001671,238
0.0001672,238
0.0001673,238
0.0001674,238
0.0001675,238
0.0001676,238
0.0001677,238
0.0001678,238
0.0001679,238
0.000168,239
0.0001681,239
0.0001682,239
0.0001683,239
0.0001684,239
0.0001685,239
0.0001686,239
0.0001687,239
0.0001688,239
0.0001689,239
0.000169,239
0.0001691,239
0.0001692,239
0.0001693,239
0.0001694,239
0.0001695,239
0.0001696,239
0.0001697,239
0.0001698,239
0.0001699,239
0.00017,239
0.0001701,239
0.0001702,239
0.0001703,239
0.0001704,239
0.0001705,239
0.0001706,239
0.0001707,239
0.0001708,239
0.0001709,240
0.000171,240
0.0001711,240
0.0001712,240
0.0001713,240
0.0001714,240
0.0001715,240
0.0001716,240
0.0001717,240
0.0001718,240
0.0001719,240
0.000172,240
0.0001721,240
0.0001722,240
0.0001723,240
0.0001724,240
0.0001725,240
0.0001726,240
0.0001727,240
0.0001728,240
0.0001729,240
0.000173,240
0.0001731,240
0.0001732,240
0.0001733,240
0.0001734,240
0.0001735,240
0.0001736,240
0.0001737,240
0.0001738,240
0.0001739,241
0.000174,241
0.0001741,241
0.0001742,241
0.0001743,241
0.0001744,241
0.0001745,241
0.0001746,241
0.0001747,241
0.0001748,241
0.0001749,241
0.000175,241
0.0001751,241
0.0001752,241
0.0001753,241
0.0001754,241
0.0001755,241
0.0001756,241
0.0001757,241
0.0001758,241
0.0001759,241
0.000176,241
0.0001761,241
0.0001762,241
0.0001763,241
0.0001764,241
0.0001765,241
0.0001766,241
0.0001767,241
0.0001768,242
0.0001769,242
0.000177,242
0.0001771,242
0.0001772,242
0.0001773,242
0.0001774,242
0.0001775,242
0.0001776,242
0.0001777,242
0.0001778,242
0.0001779,242
0.000178,242
0.0001781,242
0.0001782,242
0.0001783,242
0.0001784,242
0.0001785,242
0.0001786,242
0.0001787,242
0.0001788,242
0.0001789,242
0.000179,242
0.0001791,242
0.0001792,242
0.0001793,242
0.0001794,242
0.0001795,242
0.0001796,242
0.0001797,243
0.0001798,243
0.0001799,243
0.00018,243
0.0001801,243
0.0001802,243
0.0001803,243
0.0001804,243
0.0001805,243
0.0001806,243
0.0001807,243
0.0001808,243
0.0001809,243
0.000181,243
0.0001811,243
0.0001812,243
0.0001813,243
0.0001814,243
0.0001815,243
0.0001816,243
0.0001817,243
0.0001818,243
0.0001819,243
0.000182,243
0.0001821,243
0.0001822,243
0.0001823,243
0.0001824,243
0.0001825,243
0.0001826,243
0.0001827,244
0.0001828,244
0.0001829,244
0.000183,244
0.0001831,244
0.0001832,244
0.0001833,244
0.0001834,244
0.0001835,244
0.0001836,244
0.0001837,244
0.0001838,244
0.0001839,244
0.000184,244
0.0001841,244
0.0001842,244
0.0001843,244
0.0001844,244
0.0001845,244
0.0001846,244
0.0001847,244
0.0001848,244
0.0001849,244
0.000185,244
0.0001851,244
0.0001852,244
0.0001853,244
0.0001854,244
0.0001855,244
0.0001856,245
0.0001857,245
0.0001858,245
0.0001859,245
0.000186,245
0.0001861,245
0.0001862,245
0.0001863,245
0.0001864,245
0.0001865,245
0.0001866,245
0.0001867,245
0.0001868,245
0.0001869,245
0.000187,245
0.0001871,245
0.0001872,245
0.0001873,245
0.0001874,245
0.0001875,245
0.0001876,245
0.0001877,245
0.0001878,245
0.0001879,245
0.000188,245
0.0001881,245
0.0001882,245
0.0001883,245
0.0001884,245
0.0001885,246
0.0001886,246
0.0001887,246
0.0001888,246
0.0001889,246
0.000189,246
0.0001891,246
0.0001892,246
0.0001893,246
0.0001894,246
0.0001895,246
0.0001896,246
0.0001897,246
0.0001898,246
0.0001899,246
0.00019,246
0.0001901,246
0.0001902,246
0.0001903,246
0.0001904,246
0.0001905,246
0.0001906,246
0.0001907,246
0.0001908,246
0.0001909,246
0.000191,246
0.0001911,246
0.0001912,246
0.0001913,246
0.0001914,246
0.0001915,246
0.0001916,246
0.0001917,246
0.0001918,246
0.0001919,246
0.000192,246
0.0001921,246
0.0001922,246
0.0001923,246
0.0001924,247
0.0001925,247
0.0001926,247
0.0001927,247
0.0001928,247
0.0001929,247
0.000193,247
0.0001931,247
0.0001932,247
0.0001933,247
0.0001934,247
0.0001935,247
0.0001936,247
0.0001937,247
0.0001938,247
0.0001939,247
0.000194,247
0.0001941,247
0.0001942,247
0.0001943,247
0.0001944,247
0.0001945,247
0.0001946,247
0.0001947,247
0.0001948,247
0.0001949,247
0.000195,247
0.0001951,247
0.0001952,247
0.0001953,247
0.0001954,248
0.0001955,248
0.0001956,248
0.0001957,248
0.0001958,248
0.0001959,248
0.000196,248
0.0001961,248
0.0001962,248
0.0001963,248
0.0001964,248
0.0001965,248
0.0001966,248
0.0001967,248
0.0001968,248
0.0001969,248
0.000197,248
0.0001971,248
0.0001972,248
0.0001973,248
0.0001974,248
0.0001975,248
0.0001976,248
0.0001977,248
0.0001978,248
0.0001979,248
0.000198,248
0.0001981,248
0.0001982,248
0.0001983,248
0.0001984,248
0.0001985,248
0.0001986,248
0.0001987,248
0.0001988,248
0.0001989,248
0.000199,248
0.0001991,248
0.0001992,248
0.0001993,249
0.0001994,249
0.0001995,249
0.0001996,249
0.0001997,249
0.0001998,249
0.0001999,249
0.0002,249
0.0002001,249
0.0002002,249
0.0002003,249
0.0002004,249
0.0002005,249
0.0002006,249
0.0002007,249
0.0002008,249
0.0002009,249
0.000201,249
0.0002011,249
0.0002012,249
0.0002013,249
0.0002014,249
0.0002015,249
0.0002016,249
0.0002017,249
0.0002018,249
0.0002019,249
0.000202,249
0.0002021,249
0.0002022,249
0.0002023,249
0.0002024,249
0.0002025,249
0.0002026,249
0.0002027,249
0.0002028,249
0.0002029,249
0.000203,249
0.0002031,249
0.0002032,250
0.0002033,250
0.0002034,250
0.0002035,250
0.0002036,250
0.0002037,250
0.0002038,250
0.0002039,250
0.000204,250
0.0002041,250
0.0002042,250
0.0002043,250
0.0002044,250
0.0002045,250
0.0002046,250
0.0002047,250
0.0002048,250
0.0002049,250
0.000205,250
0.0002051,250
0.0002052,250
0.0002053,250
0.0002054,250
0.0002055,250
0.0002056,250
0.0002057,250
0.0002058,250
0.0002059,250
0.000206,250
0.0002061,250
0.0002062,250
0.0002063,250
0.0002064,250
0.0002065,250
0.0002066,250
0.0002067,250
0.0002068,250
0.0002069,250
0.000207,250
0.0002071,250
0.0002072,250
0.0002073,250
0.0002074,250
0.0002075,250
0.0002076,250
0.0002077,250
0.0002078,250
0.0002079,250
0.000208,250
0.0002081,251
0.0002082,251
0.0002083,251
0.0002084,251
0.0002085,251
0.0002086,251
0.0002087,251
0.0002088,251
0.0002089,251
0.000209,251
0.0002091,251
0.0002092,251
0.0002093,251
0.0002094,251
0.0002095,251
0.0002096,251
0.0002097,251
0.0002098,251
0.0002099,251
0.00021,251
0.0002101,251
0.0002102,251
0.0002103,251
0.0002104,251
0.0002105,251
0.0002106,251
0.0002107,251
0.0002108,251
0.0002109,251
0.000211,251
0.0002111,251
0.0002112,251
0.0002113,251
0.0002114,251
0.0002115,251
0.0002116,251
0.0002117,251
0.0002118,251
0.0002119,251
0.000212,251
0.0002121,251
0.0002122,251
0.0002123,251
0.0002124,251
0.0002125,251
0.0002126,251
0.0002127,251
0.0002128,251
0.0002129,252
0.000213,252
0.0002131,252
0.0002132,252
0.0002133,252
0.0002134,252
0.0002135,252
0.0002136,252
0.0002137,252
0.0002138,252
0.0002139,252
0.000214,252
0.0002141,252
0.0002142,252
0.0002143,252
0.0002144,252
0.0002145,252
0.0002146,252
0.0002147,252
0.0002148,252
0.0002149,252
0.000215,252
0.0002151,252
0.0002152,252
0.0002153,252
0.0002154,252
0.0002155,252
0.0002156,252
0.0002157,252
0.0002158,252
0.0002159,252
0.000216,252
0.0002161,252
0.0002162,252
0.0002163,252
0.0002164,252
0.0002165,252
0.0002166,252
0.0002167,252
0.0002168,252
0.0002169,252
0.000217,252
0.0002171,252
0.0002172,252
0.0002173,252
0.0002174,252
0.0002175,252
0.0002176,252
0.0002177,252
0.0002178,252
0.0002179,252
0.000218,252
0.0002181,252
0.0002182,252
0.0002183,252
0.0002184,252
0.0002185,252
0.0002186,252
0.0002187,252
0.0002188,253
0.0002189,253
0.000219,253
0.0002191,253
0.0002192,253
0.0002193,253
0.0002194,253
0.0002195,253
0.0002196,253
0.0002197,253
0.0002198,253
0.0002199,253
0.00022,253
0.0002201,253
0.0002202,253
0.0002203,253
0.0002204,253
0.0002205,253
0.0002206,253
0.0002207,253
0.0002208,253
0.0002209,253
0.000221,253
0.0002211,253
0.0002212,253
0.0002213,253
0.0002214,253
0.0002215,253
0.0002216,253
0.0002217,253
0.0002218,253
0.0002219,253
0.000222,253
0.0002221,253
0.0002222,253
0.0002223,253
0.0002224,253
0.0002225,253
0.0002226,253
0.0002227,253
0.0002228,253
0.0002229,253
0.000223,253
0.0002231,253
0.0002232,253
0.0002233,253
0.0002234,253
0.0002235,253
0.0002236,253
0.0002237,253
0.0002238,253
0.0002239,253
0.000224,253
0.0002241,253
0.0002242,253
0.0002243,253
0.0002244,253
0.0002245,253
0.0002246,253
0.0002247,253
0.0002248,253
0.0002249,253
0.000225,253
0.0002251,253
0.0002252,253
0.0002253,253
0.0002254,253
0.0002255,253
0.0002256,254
0.0002257,254
0.0002258,254
0.0002259,254
0.000226,254
0.0002261,254
0.0002262,254
0.0002263,254
0.0002264,254
0.0002265,254
0.0002266,254
0.0002267,254
0.0002268,254
0.0002269,254
0.000227,254
0.0002271,254
0.0002272,254
0.0002273,254
0.0002274,254
0.0002275,254
0.0002276,254
0.0002277,254
0.0002278,254
0.0002279,254
0.000228,254
0.0002281,254
0.0002282,254
0.0002283,254
0.0002284,254
0.0002285,254
0.0002286,254
0.0002287,254
0.0002288,254
0.0002289,254
0.000229,254
0.0002291,254
0.0002292,254
0.0002293,254
0.0002294,254
0.0002295,254
0.0002296,254
0.0002297,254
0.0002298,254
0.0002299,254
0.00023,254
0.0002301,254
0.0002302,254
0.0002303,254
0.0002304,254
0.0002305,254
0.0002306,254
0.0002307,254
0.0002308,254
0.0002309,254
0.000231,254
0.0002311,254
0.0002312,254
0.0002313,254
0.0002314,254
0.0002315,254
0.0002316,254
0.0002317,254
0.0002318,254
0.0002319,254
0.000232,254
0.0002321,254
0.0002322,254
0.0002323,254
0.0002324,254
0.0002325,254
0.0002326,254
0.0002327,254
0.0002328,254
0.0002329,254
0.000233,254
0.0002331,254
0.0002332,254
0.0002333,254
0.0002334,254
0.0002335,254
0.0002336,254
0.0002337,254
0.0002338,254
0.0002339,254
0.000234,254
0.0002341,254
0.0002342,254
0.0002343,254
0.0002344,254
0.0002345,254
0.0002346,254
0.0002347,254
0.0002348,254
0.0002349,254
0.000235,254
0.0002351,254
0.0002352,254
0.0002353,254
0.0002354,254
0.0002355,254
0.0002356,254
0.0002357,254
0.0002358,254
0.0002359,254
0.000236,254
0.0002361,254
0.0002362,254
0.0002363,254
0.0002364,255
0.0002365,255
0.0002366,255
0.0002367,255
0.0002368,255
0.0002369,255
0.000237,255
0.0002371,255
0.0002372,255
0.0002373,255
0.0002374,255
0.0002375,255
0.0002376,255
0.0002377,255
0.0002378,255
0.0002379,255
0.000238,255
0.0002381,255
0.0002382,255
0.0002383,255
0.0002384,255
0.0002385,255
0.0002386,255
0.0002387,255
0.0002388,255
0.0002389,255
0.000239,255
0.0002391,255
0.0002392,255
0.0002393,255
0.0002394,255
0.0002395,255
0.0002396,255
0.0002397,255
0.0002398,255
0.0002399,255
0.00024,255
0.0002401,255
0.0002402,255
0.0002403,255
0.0002404,255
0.0002405,255
0.0002406,255
0.0002407,255
0.0002408,255
0.0002409,255
0.000241,255
0.0002411,255
0.0002412,255
0.0002413,255
0.0002414,255
0.0002415,255
0.0002416,255
0.0002417,255
0.0002418,255
0.0002419,255
0.000242,255
0.0002421,255
0.0002422,255
0.0002423,255
0.0002424,255
0.0002425,255
0.0002426,255
0.0002427,255
0.0002428,255
0.0002429,255
0.000243,255
0.0002431,255
0.0002432,255
0.0002433,255
0.0002434,255
0.0002435,255
0.0002436,255
0.0002437,255
0.0002438,255
0.0002439,255
0.000244,255
0.0002441,255
0.0002442,255
0.0002443,255
0.0002444,255
0.0002445,255
0.0002446,255
0.0002447,255
0.0002448,255
0.0002449,255
0.000245,255
0.0002451,255
0.0002452,255
0.0002453,255
0.0002454,255
0.0002455,255
0.0002456,255
0.0002457,255
0.0002458,255
0.0002459,255
0.000246,255
0.0002461,255
0.0002462,255
0.0002463,255
0.0002464,255
0.0002465,255
0.0002466,255
0.0002467,255
0.0002468,255
0.0002469,255
0.000247,255
0.0002471,255
0.0002472,255
0.0002473,255
0.0002474,255
0.0002475,255
0.0002476,255
0.0002477,255
0.0002478,255
0.0002479,255
0.000248,255
0.0002481,255
0.0002482,255
0.0002483,255
0.0002484,255
0.0002485,255
0.0002486,255
0.0002487,255
0.0002488,255
0.0002489,255
0.000249,255
0.0002491,255
0.0002492,255
0.0002493,255
0.0002494,255
0.0002495,255
0.0002496,255
0.0002497,255
0.0002498,255
0.0002499,255
0.00025,255
0.0002501,255
0.0002502,255
0.0002503,255
0.0002504,255
0.0002505,255
0.0002506,255
0.0002507,255
0.0002508,255
0.0002509,255
0.000251,255
0.0002511,255
0.0002512,255
0.0002513,255
0.0002514,255
0.0002515,255
0.0002516,255
0.0002517,255
0.0002518,255
0.0002519,255
0.000252,255
0.0002521,255
0.0002522,255
0.0002523,255
0.0002524,255
0.0002525,255
0.0002526,255
0.0002527,255
0.0002528,255
0.0002529,255
0.000253,255
0.0002531,255
0.0002532,255
0.0002533,255
0.0002534,255
0.0002535,255
0.0002536,255
0.0002537,255
0.0002538,255
0.0002539,255
0.000254,255
0.0002541,255
0.0002542,255
0.0002543,255
0.0002544,255
0.0002545,255
0.0002546,255
0.0002547,255
0.0002548,255
0.0002549,255
0.000255,255
0.0002551,255
0.0002552,255
0.0002553,255
0.0002554,255
0.0002555,255
0.0002556,255
0.0002557,255
0.0002558,255
0.0002559,255
0.000256,255
0.0002561,255
0.0002562,255
0.0002563,255
0.0002564,255
0.0002565,255
0.0002566,255
0.0002567,255
0.0002568,255
0.0002569,255
0.000257,255
0.0002571,255
0.0002572,255
0.0002573,255
0.0002574,255
0.0002575,255
0.0002576,255
0.0002577,255
0.0002578,255
0.0002579,255
0.000258,255
0.0002581,255
0.0002582,255
0.0002583,255
0.0002584,255
0.0002585,255
0.0002586,255
0.0002587,255
0.0002588,255
0.0002589,255
0.000259,255
0.0002591,255
0.0002592,255
0.0002593,255
0.0002594,255
0.0002595,255
0.0002596,255
0.0002597,255
0.0002598,255
0.0002599,255
0.00026,255
0.0002601,255
0.0002602,255
0.0002603,255
0.0002604,255
0.0002605,255
0.0002606,255
0.0002607,255
0.0002608,255
0.0002609,255
0.000261,255
0.0002611,255
0.0002612,255
0.0002613,255
0.0002614,255
0.0002615,255
0.0002616,255
0.0002617,255
0.0002618,255
0.0002619,255
0.000262,255
0.0002621,255
0.0002622,255
0.0002623,255
0.0002624,255
0.0002625,255
0.0002626,255
0.0002627,255
0.0002628,255
0.0002629,255
0.000263,255
0.0002631,255
0.0002632,255
0.0002633,255
0.0002634,255
0.0002635,255
0.0002636,255
0.0002637,255
0.0002638,255
0.0002639,255
0.000264,255
0.0002641,255
0.0002642,255
0.0002643,255
0.0002644,255
0.0002645,255
0.0002646,255
0.0002647,254
0.0002648,254
0.0002649,254
0.000265,254
0.0002651,254
0.0002652,254
0.0002653,254
0.0002654,254
0.0002655,254
0.0002656,254
0.0002657,254
0.0002658,254
0.0002659,254
0.000266,254
0.0002661,254
0.0002662,254
0.0002663,254
0.0002664,254
0.0002665,254
0.0002666,254
0.0002667,254
0.0002668,254
0.0002669,254
0.000267,254
0.0002671,254
0.0002672,254
0.0002673,254
0.0002674,254
0.0002675,254
0.0002676,254
0.0002677,254
0.0002678,254
0.0002679,254
0.000268,254
0.0002681,254
0.0002682,254
0.0002683,254
0.0002684,254
0.0002685,254
0.0002686,254
0.0002687,254
0.0002688,254
0.0002689,254
0.000269,254
0.0002691,254
0.0002692,254
0.0002693,254
0.0002694,254
0.0002695,254
0.0002696,254
0.0002697,254
0.0002698,254
0.0002699,254
0.00027,254
0.0002701,254
0.0002702,254
0.0002703,254
0.0002704,254
0.0002705,254
0.0002706,254
0.0002707,254
0.0002708,254
0.0002709,254
0.000271,254
0.0002711,254
0.0002712,254
0.0002713,254
0.0002714,254
0.0002715,254
0.0002716,254
0.0002717,254
0.0002718,254
0.0002719,254
0.000272,254
0.0002721,254
0.0002722,254
0.0002723,254
0.0002724,254
0.0002725,254
0.0002726,254
0.0002727,254
0.0002728,254
0.0002729,254
0.000273,254
0.0002731,254
0.0002732,254
0.0002733,254
0.0002734,254
0.0002735,254
0.0002736,254
0.0002737,254
0.0002738,254
0.0002739,254
0.000274,254
0.0002741,254
0.0002742,254
0.0002743,254
0.0002744,254
0.0002745,254
0.0002746,254
0.0002747,254
0.0002748,254
0.0002749,254
0.000275,254
0.0002751,254
0.0002752,254
0.0002753,254
0.0002754,253
0.0002755,253
0.0002756,253
0.0002757,253
0.0002758,253
0.0002759,253
0.000276,253
0.0002761,253
0.0002762,253
0.0002763,253
0.0002764,253
0.0002765,253
0.0002766,253
0.0002767,253
0.0002768,253
0.0002769,253
0.000277,253
0.0002771,253
0.0002772,253
0.0002773,253
0.0002774,253
0.0002775,253
0.0002776,253
0.0002777,253
0.0002778,253
0.0002779,253
0.000278,253
0.0002781,253
0.0002782,253
0.0002783,253
0.0002784,253
0.0002785,253
0.0002786,253
0.0002787,253
0.0002788,253
0.0002789,253
0.000279,253
0.0002791,253
0.0002792,253
0.0002793,253
0.0002794,253
0.0002795,253
0.0002796,253
0.0002797,253
0.0002798,253
0.0002799,253
0.00028,253
0.0002801,253
0.0002802,253
0.0002803,253
0.0002804,253
0.0002805,253
0.0002806,253
0.0002807,253
0.0002808,253
0.0002809,253
0.000281,253
0.0002811,253
0.0002812,253
0.0002813,253
0.0002814,253
0.0002815,253
0.0002816,253
0.0002817,253
0.0002818,253
0.0002819,253
0.000282,253
0.0002821,253
0.0002822,253
0.0002823,252
0.0002824,252
0.0002825,252
0.0002826,252
0.0002827,252
0.0002828,252
0.0002829,252
0.000283,252
0.0002831,252
0.0002832,252
0.0002833,252
0.0002834,252
0.0002835,252
0.0002836,252
0.0002837,252
0.0002838,252
0.0002839,252
0.000284,252
0.0002841,252
0.0002842,252
0.0002843,252
0.0002844,252
0.0002845,252
0.0002846,252
0.0002847,252
0.0002848,252
0.0002849,252
0.000285,252
0.0002851,252
0.0002852,252
0.0002853,252
0.0002854,252
0.0002855,252
0.0002856,252
0.0002857,252
0.0002858,252
0.0002859,252
0.000286,252
0.0002861,252
0.0002862,252
0.0002863,252
0.0002864,252
0.0002865,252
0.0002866,252
0.0002867,252
0.0002868,252
0.0002869,252
0.000287,252
0.0002871,252
0.0002872,252
0.0002873,252
0.0002874,252
0.0002875,252
0.0002876,252
0.0002877,252
0.0002878,252
0.0002879,252
0.000288,252
0.0002881,251
0.0002882,251
0.0002883,251
0.0002884,251
0.0002885,251
0.0002886,251
0.0002887,251
0.0002888,251
0.0002889,251
0.000289,251
0.0002891,251
0.0002892,251
0.0002893,251
0.0002894,251
0.0002895,251
0.0002896,251
0.0002897,251
0.0002898,251
0.0002899,251
0.00029,251
0.0002901,251
0.0002902,251
0.0002903,251
0.0002904,251
0.0002905,251
0.0002906,251
0.0002907,251
0.0002908,251
0.0002909,251
0.000291,251
0.0002911,251
0.0002912,251
0.0002913,251
0.0002914,251
0.0002915,251
0.0002916,251
0.0002917,251
0.0002918,251
0.0002919,251
0.000292,251
0.0002921,251
0.0002922,251
0.0002923,251
0.0002924,251
0.0002925,251
0.0002926,251
0.0002927,251
0.0002928,251
0.0002929,251
0.000293,250
0.0002931,250
0.0002932,250
0.0002933,250
0.0002934,250
0.0002935,250
0.0002936,250
0.0002937,250
0.0002938,250
0.0002939,250
0.000294,250
0.0002941,250
0.0002942,250
0.0002943,250
0.0002944,250
0.0002945,250
0.0002946,250
0.0002947,250
0.0002948,250
0.0002949,250
0.000295,250
0.0002951,250
0.0002952,250
0.0002953,250
0.0002954,250
0.0002955,250
0.0002956,250
0.0002957,250
0.0002958,250
0.0002959,250
0.000296,250
0.0002961,250
0.0002962,250
0.0002963,250
0.0002964,250
0.0002965,250
0.0002966,250
0.0002967,250
0.0002968,250
0.0002969,250
0.000297,250
0.0002971,250
0.0002972,250
0.0002973,250
0.0002974,250
0.0002975,250
0.0002976,250
0.0002977,250
0.0002978,250
0.0002979,249
0.000298,249
0.0002981,249
0.0002982,249
0.0002983,249
0.0002984,249
0.0002985,249
0.0002986,249
0.0002987,249
0.0002988,249
0.0002989,249
0.000299,249
0.0002991,249
0.0002992,249
0.0002993,249
0.0002994,249
0.0002995,249
0.0002996,249
0.0002997,249
0.0002998,249
0.0002999,249
0.0003,249
0.0003001,249
0.0003002,249
0.0003003,249
0.0003004,249
0.0003005,249
0.0003006,249
0.0003007,249
0.0003008,249
0.0003009,249
0.000301,249
0.0003011,249
0.0003012,249
0.0003013,249
0.0003014,249
0.0003015,249
0.0003016,249
0.0003017,249
0.0003018,248
0.0003019,248
0.000302,248
0.0003021,248
0.0003022,248
0.0003023,248
0.0003024,248
0.0003025,248
0.0003026,248
0.0003027,248
0.0003028,248
0.0003029,248
0.000303,248
0.0003031,248
0.0003032,248
0.0003033,248
0.0003034,248
0.0003035,248
0.0003036,248
0.0003037,248
0.0003038,248
0.0003039,248
0.000304,248
0.0003041,248
0.0003042,248
0.0003043,248
0.0003044,248
0.0003045,248
0.0003046,248
0.0003047,248
0.0003048,248
0.0003049,248
0.000305,248
0.0003051,248
0.0003052,248
0.0003053,248
0.0003054,248
0.0003055,248
0.0003056,248
0.0003057,247
0.0003058,247
0.0003059,247
0.000306,247
0.0003061,247
0.0003062,247
0.0003063,247
0.0003064,247
0.0003065,247
0.0003066,247
0.0003067,247
0.0003068,247
0.0003069,247
0.000307,247
0.0003071,247
0.0003072,247
0.0003073,247
0.0003074,247
0.0003075,247
0.0003076,247
0.0003077,247
0.0003078,247
0.0003079,247
0.000308,247
0.0003081,247
0.0003082,247
0.0003083,247
0.0003084,247
0.0003085,247
0.0003086,246
0.0003087,246
0.0003088,246
0.0003089,246
0.000309,246
0.0003091,246
0.0003092,246
0.0003093,246
0.0003094,246
0.0003095,246
0.0003096,246
0.0003097,246
0.0003098,246
0.0003099,246
0.00031,246
0.0003101,246
0.0003102,246
0.0003103,246
0.0003104,246
0.0003105,246
0.0003106,246
0.0003107,246
0.0003108,246
0.0003109,246
0.000311,246
0.0003111,246
0.0003112,246
0.0003113,246
0.0003114,246
0.0003115,246
0.0003116,246
0.0003117,246
0.0003118,246
0.0003119,246
0.000312,246
0.0003121,246
0.0003122,246
0.0003123,246
0.0003124,246
0.0003125,246
0.0003126,245
0.0003127,245
0.0003128,245
0.0003129,245
0.000313,245
0.0003131,245
0.0003132,245
0.0003133,245
0.0003134,245
0.0003135,245
0.0003136,245
0.0003137,245
0.0003138,245
0.0003139,245
0.000314,245
0.0003141,245
0.0003142,245
0.0003143,245
0.0003144,245
0.0003145,245
0.0003146,245
0.0003147,245
0.0003148,245
0.0003149,245
0.000315,245
0.0003151,245
0.0003152,245
0.0003153,245
0.0003154,245
0.0003155,244
0.0003156,244
0.0003157,244
0.0003158,244
0.0003159,244
0.000316,244
0.0003161,244
0.0003162,244
0.0003163,244
0.0003164,244
0.0003165,244
0.0003166,244
0.0003167,244
0.0003168,244
0.0003169,244
0.000317,244
0.0003171,244
0.0003172,244
0.0003173,244
0.0003174,244
0.0003175,244
0.0003176,244
0.0003177,244
0.0003178,244
0.0003179,244
0.000318,244
0.0003181,244
0.0003182,244
0.0003183,244
0.0003184,243
0.0003185,243
0.0003186,243
0.0003187,243
0.0003188,243
0.0003189,243
0.000319,243
0.0003191,243
0.0003192,243
0.0003193,243
0.0003194,243
0.0003195,243
0.0003196,243
0.0003197,243
0.0003198,243
0.0003199,243
0.00032,243
0.0003201,243
0.0003202,243
0.0003203,243
0.0003204,243
0.0003205,243
0.0003206,243
0.0003207,243
0.0003208,243
0.0003209,243
0.000321,243
0.0003211,243
0.0003212,243
0.0003213,242
0.0003214,242
0.0003215,242
0.0003216,242
0.0003217,242
0.0003218,242
0.0003219,242
0.000322,242
0.0003221,242
0.0003222,242
0.0003223,242
0.0003224,242
0.0003225,242
0.0003226,242
0.0003227,242
0.0003228,242
0.0003229,242
0.000323,242
0.0003231,242
0.0003232,242
0.0003233,242
0.0003234,242
0.0003235,242
0.0003236,242
0.0003237,242
0.0003238,242
0.0003239,242
0.000324,242
0.0003241,242
0.0003242,242
0.0003243,241
0.0003244,241
0.0003245,241
0.0003246,241
0.0003247,241
0.0003248,241
0.0003249,241
0.000325,241
0.0003251,241
0.0003252,241
0.0003253,241
0.0003254,241
0.0003255,241
0.0003256,241
0.0003257,241
0.0003258,241
0.0003259,241
0.000326,241
0.0003261,241
0.0003262,241
0.0003263,241
0.0003264,241
0.0003265,241
0.0003266,241
0.0003267,241
0.0003268,241
0.0003269,241
0.000327,241
0.0003271,241
0.0003272,240
0.0003273,240
0.0003274,240
0.0003275,240
0.0003276,240
0.0003277,240
0.0003278,240
0.0003279,240
0.000328,240
0.0003281,240
0.0003282,240
0.0003283,240
0.0003284,240
0.0003285,240
0.0003286,240
0.0003287,240
0.0003288,240
0.0003289,240
0.000329,240
0.0003291,240
0.0003292,240
0.0003293,240
0.0003294,240
0.0003295,240
0.0003296,240
0.0003297,240
0.0003298,240
0.0003299,240
0.00033,240
0.0003301,239
0.0003302,239
0.0003303,239
0.0003304,239
0.0003305,239
0.0003306,239
0.0003307,239
0.0003308,239
0.0003309,239
0.000331,239
0.0003311,239
0.0003312,239
0.0003313,239
0.0003314,239
0.0003315,239
0.0003316,239
0.0003317,239
0.0003318,239
0.0003319,239
0.000332,239
0.0003321,239
0.0003322,239
0.0003323,239
0.0003324,239
0.0003325,239
0.0003326,239
0.0003327,239
0.0003328,239
0.0003329,239
0.000333,239
0.0003331,238
0.0003332,238
0.0003333,238
0.0003334,238
0.0003335,238
0.0003336,238
0.0003337,238
0.0003338,238
0.0003339,238
0.000334,238
0.0003341,238
0.0003342,238
0.0003343,238
0.0003344,238
0.0003345,238
0.0003346,238
0.0003347,238
0.0003348,238
0.0003349,238
0.000335,237
0.0003351,237
0.0003352,237
0.0003353,237
0.0003354,237
0.0003355,237
0.0003356,237
0.0003357,237
0.0003358,237
0.0003359,237
0.000336,237
0.0003361,237
0.0003362,237
0.0003363,237
0.0003364,237
0.0003365,237
0.0003366,237
0.0003367,237
0.0003368,237
0.0003369,237
0.000337,237
0.0003371,237
0.0003372,237
0.0003373,237
0.0003374,237
0.0003375,237
0.0003376,237
0.0003377,237
0.0003378,237
0.0003379,236
0.000338,236
0.0003381,236
0.0003382,236
0.0003383,236
0.0003384,236
0.0003385,236
0.0003386,236
0.0003387,236
0.0003388,236
0.0003389,236
0.000339,236
0.0003391,236
0.0003392,236
0.0003393,236
0.0003394,236
0.0003395,236
0.0003396,236
0.0003397,236
0.0003398,236
0.0003399,235
0.00034,235
0.0003401,235
0.0003402,235
0.0003403,235
0.0003404,235
0.0003405,235
0.0003406,235
0.0003407,235
0.0003408,235
0.0003409,235
0.000341,235
0.0003411,235
0.0003412,235
0.0003413,235
0.0003414,235
0.0003415,235
0.0003416,235
0.0003417,235
0.0003418,234
0.0003419,234
0.000342,234
0.0003421,234
0.0003422,234
0.0003423,234
0.0003424,234
0.0003425,234
0.0003426,234
0.0003427,234
0.0003428,234
0.0003429,234
0.000343,234
0.0003431,234
0.0003432,234
0.0003433,234
0.0003434,234
0.0003435,234
0.0003436,234
0.0003437,234
0.0003438,234
0.0003439,234
0.000344,234
0.0003441,234
0.0003442,234
0.0003443,234
0.0003444,234
0.0003445,234
0.0003446,234
0.0003447,234
0.0003448,233
0.0003449,233
0.000345,233
0.0003451,233
0.0003452,233
0.0003453,233
0.0003454,233
0.0003455,233
0.0003456,233
0.0003457,233
0.0003458,233
0.0003459,233
0.000346,233
0.0003461,233
0.0003462,233
0.0003463,233
0.0003464,233
0.0003465,233
0.0003466,233
0.0003467,232
0.0003468,232
0.0003469,232
0.000347,232
0.0003471,232
0.0003472,232
0.0003473,232
0.0003474,232
0.0003475,232
0.0003476,232
0.0003477,232
0.0003478,232
0.0003479,232
0.000348,232
0.0003481,232
0.0003482,232
0.0003483,232
0.0003484,232
0.0003485,232
0.0003486,232
0.0003487,231
0.0003488,231
0.0003489,231
0.000349,231
0.0003491,231
0.0003492,231
0.0003493,231
0.0003494,231
0.0003495,231
0.0003496,231
0.0003497,231
0.0003498,231
0.0003499,231
0.00035,231
0.0003501,231
0.0003502,231
0.0003503,231
0.0003504,231
0.0003505,231
0.0003506,230
0.0003507,230
0.0003508,230
0.0003509,230
0.000351,230
0.0003511,230
0.0003512,230
0.0003513,230
0.0003514,230
0.0003515,230
0.0003516,230
0.0003517,230
0.0003518,230
0.0003519,230
0.000352,230
0.0003521,230
0.0003522,230
0.0003523,230
0.0003524,230
0.0003525,230
0.0003526,230
0.0003527,230
0.0003528,230
0.0003529,230
0.000353,230
0.0003531,230
0.0003532,230
0.0003533,230
0.0003534,230
0.0003535,230
0.0003536,229
0.0003537,229
0.0003538,229
0.0003539,229
0.000354,229
0.0003541,229
0.0003542,229
0.0003543,229
0.0003544,229
0.0003545,229
0.0003546,229
0.0003547,229
0.0003548,229
0.0003549,229
0.000355,229
0.0003551,229
0.0003552,229
0.0003553,229
0.0003554,229
0.0003555,228
0.0003556,228
0.0003557,228
0.0003558,228
0.0003559,228
0.000356,228
0.0003561,228
0.0003562,228
0.0003563,228
0.0003564,228
0.0003565,228
0.0003566,228
0.0003567,228
0.0003568,228
0.0003569,228
0.000357,228
0.0003571,228
0.0003572,228
0.0003573,228
0.0003574,228
0.0003575,227
0.0003576,227
0.0003577,227
0.0003578,227
0.0003579,227
0.000358,227
0.0003581,227
0.0003582,227
0.0003583,227
0.0003584,227
0.0003585,227
0.0003586,227
0.0003587,227
0.0003588,227
0.0003589,227
0.000359,227
0.0003591,227
0.0003592,227
0.0003593,227
0.0003594,226
0.0003595,226
0.0003596,226
0.0003597,226
0.0003598,226
0.0003599,226
0.00036,226
0.0003601,226
0.0003602,226
0.0003603,226
0.0003604,226
0.0003605,226
0.0003606,226
0.0003607,226
0.0003608,226
0.0003609,226
0.000361,226
0.0003611,226
0.0003612,226
0.0003613,226
0.0003614,225
0.0003615,225
0.0003616,225
0.0003617,225
0.0003618,225
0.0003619,225
0.000362,225
0.0003621,225
0.0003622,225
0.0003623,225
0.0003624,225
0.0003625,225
0.0003626,225
0.0003627,225
0.0003628,225
0.0003629,225
0.000363,225
0.0003631,225
0.0003632,225
0.0003633,224
0.0003634,224
0.0003635,224
0.0003636,224
0.0003637,224
0.0003638,224
0.0003639,224
0.000364,224
0.0003641,224
0.0003642,224
0.0003643,224
0.0003644,224
0.0003645,224
0.0003646,224
0.0003647,224
0.0003648,224
0.0003649,224
0.000365,224
0.0003651,224
0.0003652,224
0.0003653,223
0.0003654,223
0.0003655,223
0.0003656,223
0.0003657,223
0.0003658,223
0.0003659,223
0.000366,223
0.0003661,223
0.0003662,223
0.0003663,223
0.0003664,223
0.0003665,223
0.0003666,223
0.0003667,223
0.0003668,223
0.0003669,223
0.000367,223
0.0003671,223
0.0003672,222
0.0003673,222
0.0003674,222
0.0003675,222
0.0003676,222
0.0003677,222
0.0003678,222
0.0003679,222
0.000368,222
0.0003681,222
0.0003682,222
0.0003683,222
0.0003684,222
0.0003685,222
0.0003686,222
0.0003687,222
0.0003688,222
0.0003689,222
0.000369,222
0.0003691,222
0.0003692,221
0.0003693,221
0.0003694,221
0.0003695,221
0.0003696,221
0.0003697,221
0.0003698,221
0.0003699,221
0.00037,221
0.0003701,221
0.0003702,221
0.0003703,221
0.0003704,221
0.0003705,221
0.0003706,221
0.0003707,221
0.0003708,221
0.0003709,221
0.000371,221
0.0003711,220
0.0003712,220
0.0003713,220
0.0003714,220
0.0003715,220
0.0003716,220
0.0003717,220
0.0003718,220
0.0003719,220
0.000372,220
0.0003721,219
0.0003722,219
0.0003723,219
0.0003724,219
0.0003725,219
0.0003726,219
0.0003727,219
0.0003728,219
0.0003729,219
0.000373,219
0.0003731,219
0.0003732,219
0.0003733,219
0.0003734,219
0.0003735,219
0.0003736,219
0.0003737,219
0.0003738,219
0.0003739,219
0.000374,219
0.0003741,218
0.0003742,218
0.0003743,218
0.0003744,218
0.0003745,218
0.0003746,218
0.0003747,218
0.0003748,218
0.0003749,218
0.000375,218
0.0003751,218
0.0003752,218
0.0003753,218
0.0003754,218
0.0003755,218
0.0003756,218
0.0003757,218
0.0003758,218
0.0003759,218
0.000376,217
0.0003761,217
0.0003762,217
0.0003763,217
0.0003764,217
0.0003765,217
0.0003766,217
0.0003767,217
0.0003768,217
0.0003769,217
0.000377,217
0.0003771,217
0.0003772,217
0.0003773,217
0.0003774,217
0.0003775,217
0.0003776,217
0.0003777,217
0.0003778,217
0.0003779,217
0.000378,216
0.0003781,216
0.0003782,216
0.0003783,216
0.0003784,216
0.0003785,216
0.0003786,216
0.0003787,216
0.0003788,216
0.0003789,216
0.000379,216
0.0003791,216
0.0003792,216
0.0003793,216
0.0003794,216
0.0003795,216
0.0003796,216
0.0003797,216
0.0003798,216
0.0003799,215
0.00038,215
0.0003801,215
0.0003802,215
0.0003803,215
0.0003804,215
0.0003805,215
0.0003806,215
0.0003807,215
0.0003808,215
0.0003809,214
0.000381,214
0.0003811,214
0.0003812,214
0.0003813,214
0.0003814,214
0.0003815,214
0.0003816,214
0.0003817,214
0.0003818,214
0.0003819,214
0.000382,214
0.0003821,214
0.0003822,214
0.0003823,214
0.0003824,214
0.0003825,214
0.0003826,214
0.0003827,214
0.0003828,214
0.0003829,213
0.000383,213
0.0003831,213
0.0003832,213
0.0003833,213
0.0003834,213
0.0003835,213
0.0003836,213
0.0003837,213
0.0003838,213
0.0003839,213
0.000384,213
0.0003841,213
0.0003842,213
0.0003843,213
0.0003844,213
0.0003845,213
0.0003846,213
0.0003847,213
0.0003848,212
0.0003849,212
0.000385,212
0.0003851,212
0.0003852,212
0.0003853,212
0.0003854,212
0.0003855,212
0.0003856,212
0.0003857,212
0.0003858,212
0.0003859,212
0.000386,212
0.0003861,212
0.0003862,212
0.0003863,212
0.0003864,212
0.0003865,212
0.0003866,212
0.0003867,212
0.0003868,211
0.0003869,211
0.000387,211
0.0003871,211
0.0003872,211
0.0003873,211
0.0003874,211
0.0003875,211
0.0003876,211
0.0003877,210
0.0003878,210
0.0003879,210
0.000388,210
0.0003881,210
0.0003882,210
0.0003883,210
0.0003884,210
0.0003885,210
0.0003886,210
0.0003887,210
0.0003888,210
0.0003889,210
0.000389,210
0.0003891,210
0.0003892,210
0.0003893,210
0.0003894,210
0.0003895,210
0.0003896,210
0.0003897,209
0.0003898,209
0.0003899,209
0.00039,209
0.0003901,209
0.0003902,209
0.0003903,209
0.0003904,209
0.0003905,209
0.0003906,209
0.0003907,209
0.0003908,209
0.0003909,209
0.000391,209
0.0003911,209
0.0003912,209
0.0003913,209
0.0003914,209
0.0003915,209
0.0003916,209
0.0003917,208
0.0003918,208
0.0003919,208
0.000392,208
0.0003921,208
0.0003922,208
0.0003923,208
0.0003924,208
0.0003925,208
0.0003926,207
0.0003927,207
0.0003928,207
0.0003929,207
0.000393,207
0.0003931,207
0.0003932,207
0.0003933,207
0.0003934,207
0.0003935,207
0.0003936,207
0.0003937,207
0.0003938,207
0.0003939,207
0.000394,207
0.0003941,207
0.0003942,207
0.0003943,207
0.0003944,207
0.0003945,207
0.0003946,206
0.0003947,206
0.0003948,206
0.0003949,206
0.000395,206
0.0003951,206
0.0003952,206
0.0003953,206
0.0003954,206
0.0003955,206
0.0003956,206
0.0003957,206
0.0003958,206
0.0003959,206
0.000396,206
0.0003961,206
0.0003962,206
0.0003963,206
0.0003964,206
0.0003965,205
0.0003966,205
0.0003967,205
0.0003968,205
0.0003969,205
0.000397,205
0.0003971,205
0.0003972,205
0.0003973,205
0.0003974,205
0.0003975,204
0.0003976,204
0.0003977,204
0.0003978,204
0.0003979,204
0.000398,204
0.0003981,204
0.0003982,204
0.0003983,204
0.0003984,204
0.0003985,204
0.0003986,204
0.0003987,204
0.0003988,204
0.0003989,204
0.000399,204
0.0003991,204
0.0003992,204
0.0003993,204
0.0003994,204
0.0003995,203
0.0003996,203
0.0003997,203
0.0003998,203
0.0003999,203
0.0004,203
0.0004001,203
0.0004002,203
0.0004003,203
0.0004004,202
0.0004005,202
0.0004006,202
0.0004007,202
0.0004008,202
0.0004009,202
0.000401,202
0.0004011,202
0.0004012,202
0.0004013,202
0.0004014,202
0.0004015,202
0.0004016,202
0.0004017,202
0.0004018,202
0.0004019,202
0.000402,202
0.0004021,202
0.0004022,202
0.0004023,202
0.0004024,201
0.0004025,201
0.0004026,201
0.0004027,201
0.0004028,201
0.0004029,201
0.000403,201
0.0004031,201
0.0004032,201
0.0004033,201
0.0004034,200
0.0004035,200
0.0004036,200
0.0004037,200
0.0004038,200
0.0004039,200
0.000404,200
0.0004041,200
0.0004042,200
0.0004043,200
0.0004044,200
0.0004045,200
0.0004046,200
0.0004047,200
0.0004048,200
0.0004049,200
0.000405,200
0.0004051,200
0.0004052,200
0.0004053,199
0.0004054,199
0.0004055,199
0.0004056,199
0.0004057,199
0.0004058,199
0.0004059,199
0.000406,199
0.0004061,199
0.0004062,199
0.0004063,199
0.0004064,199
0.0004065,199
0.0004066,199
0.0004067,199
0.0004068,199
0.0004069,199
0.000407,199
0.0004071,199
0.0004072,199
0.0004073,198
0.0004074,198
0.0004075,198
0.0004076,198
0.0004077,198
0.0004078,198
0.0004079,198
0.000408,198
0.0004081,198
0.0004082,198
0.0004083,197
0.0004084,197
0.0004085,197
0.0004086,197
0.0004087,197
0.0004088,197
0.0004089,197
0.000409,197
0.0004091,197
0.0004092,197
0.0004093,197
0.0004094,197
0.0004095,197
0.0004096,197
0.0004097,197
0.0004098,197
0.0004099,197
0.00041,197
0.0004101,197
0.0004102,196
0.0004103,196
0.0004104,196
0.0004105,196
0.0004106,196
0.0004107,196
0.0004108,196
0.0004109,196
0.000411,196
0.0004111,196
0.0004112,195
0.0004113,195
0.0004114,195
0.0004115,195
0.0004116,195
0.0004117,195
0.0004118,195
0.0004119,195
0.000412,195
0.0004121,195
0.0004122,195
0.0004123,195
0.0004124,195
0.0004125,195
0.0004126,195
0.0004127,195
0.0004128,195
0.0004129,195
0.000413,195
0.0004131,194
0.0004132,194
0.0004133,194
0.0004134,194
0.0004135,194
0.0004136,194
0.0004137,194
0.0004138,194
0.0004139,194
0.000414,194
0.0004141,193
0.0004142,193
0.0004143,193
0.0004144,193
0.0004145,193
0.0004146,193
0.0004147,193
0.0004148,193
0.0004149,193
0.000415,193
0.0004151,193
0.0004152,193
0.0004153,193
0.0004154,193
0.0004155,193
0.0004156,193
0.0004157,193
0.0004158,193
0.0004159,193
0.000416,193
0.0004161,192
0.0004162,192
0.0004163,192
0.0004164,192
0.0004165,192
0.0004166,192
0.0004167,192
0.0004168,192
0.0004169,192
0.000417,191
0.0004171,191
0.0004172,191
0.0004173,191
0.0004174,191
0.0004175,191
0.0004176,191
0.0004177,191
0.0004178,191
0.0004179,191
0.000418,191
0.0004181,191
0.0004182,191
0.0004183,191
0.0004184,191
0.0004185,191
0.0004186,191
0.0004187,191
0.0004188,191
0.0004189,191
0.000419,190
0.0004191,190
0.0004192,190
0.0004193,190
0.0004194,190
0.0004195,190
0.0004196,190
0.0004197,190
0.0004198,190
0.0004199,190
0.00042,189
0.0004201,189
0.0004202,189
0.0004203,189
0.0004204,189
0.0004205,189
0.0004206,189
0.0004207,189
0.0004208,189
0.0004209,189
0.000421,189
0.0004211,189
0.0004212,189
0.0004213,189
0.0004214,189
0.0004215,189
0.0004216,189
0.0004217,189
0.0004218,189
0.0004219,188
0.000422,188
0.0004221,188
0.0004222,188
0.0004223,188
0.0004224,188
0.0004225,188
0.0004226,188
0.0004227,188
0.0004228,188
0.0004229,187
0.000423,187
0.0004231,187
0.0004232,187
0.0004233,187
0.0004234,187
0.0004235,187
0.0004236,187
0.0004237,187
0.0004238,187
0.0004239,186
0.000424,186
0.0004241,186
0.0004242,186
0.0004243,186
0.0004244,186
0.0004245,186
0.0004246,186
0.0004247,186
0.0004248,186
0.0004249,186
0.000425,186
0.0004251,186
0.0004252,186
0.0004253,186
0.0004254,186
0.0004255,186
0.0004256,186
0.0004257,186
0.0004258,185
0.0004259,185
0.000426,185
0.0004261,185
0.0004262,185
0.0004263,185
0.0004264,185
0.0004265,185
0.0004266,185
0.0004267,185
0.0004268,184
0.0004269,184
0.000427,184
0.0004271,184
0.0004272,184
0.0004273,184
0.0004274,184
0.0004275,184
0.0004276,184
0.0004277,184
0.0004278,184
0.0004279,184
0.000428,184
0.0004281,184
0.0004282,184
0.0004283,184
0.0004284,184
0.0004285,184
0.0004286,184
0.0004287,184
0.0004288,183
0.0004289,183
0.000429,183
0.0004291,183
0.0004292,183
0.0004293,183
0.0004294,183
0.0004295,183
0.0004296,183
0.0004297,182
0.0004298,182
0.0004299,182
0.00043,182
0.0004301,182
0.0004302,182
0.0004303,182
0.0004304,182
0.0004305,182
0.0004306,182
0.0004307,182
0.0004308,182
0.0004309,182
0.000431,182
0.0004311,182
0.0004312,182
0.0004313,182
0.0004314,182
0.0004315,182
0.0004316,182
0.0004317,181
0.0004318,181
0.0004319,181
0.000432,181
0.0004321,181
0.0004322,181
0.0004323,181
0.0004324,181
0.0004325,181
0.0004326,181
0.0004327,180
0.0004328,180
0.0004329,180
0.000433,180
0.0004331,180
0.0004332,180
0.0004333,180
0.0004334,180
0.0004335,180
0.0004336,179
0.0004337,179
0.0004338,179
0.0004339,179
0.000434,179
0.0004341,179
0.0004342,179
0.0004343,179
0.0004344,179
0.0004345,179
0.0004346,179
0.0004347,179
0.0004348,179
0.0004349,179
0.000435,179
0.0004351,179
0.0004352,179
0.0004353,179
0.0004354,179
0.0004355,179
0.0004356,178
0.0004357,178
0.0004358,178
0.0004359,178
0.000436,178
0.0004361,178
0.0004362,178
0.0004363,178
0.0004364,178
0.0004365,178
0.0004366,177
0.0004367,177
0.0004368,177
0.0004369,177
0.000437,177
0.0004371,177
0.0004372,177
0.0004373,177
0.0004374,177
0.0004375,177
0.0004376,177
0.0004377,177
0.0004378,177
0.0004379,177
0.000438,177
0.0004381,177
0.0004382,177
0.0004383,177
0.0004384,177
0.0004385,176
0.0004386,176
0.0004387,176
0.0004388,176
0.0004389,176
0.000439,176
0.0004391,176
0.0004392,176
0.0004393,176
0.0004394,176
0.0004395,175
0.0004396,175
0.0004397,175
0.0004398,175
0.0004399,175
0.00044,175
0.0004401,175
0.0004402,175
0.0004403,175
0.0004404,175
0.0004405,174
0.0004406,174
0.0004407,174
0.0004408,174
0.0004409,174
0.000441,174
0.0004411,174
0.0004412,174
0.0004413,174
0.0004414,174
0.0004415,174
0.0004416,174
0.0004417,174
0.0004418,174
0.0004419,174
0.000442,174
0.0004421,174
0.0004422,174
0.0004423,174
0.0004424,173
0.0004425,173
0.0004426,173
0.0004427,173
0.0004428,173
0.0004429,173
0.000443,173
0.0004431,173
0.0004432,173
0.0004433,173
0.0004434,172
0.0004435,172
0.0004436,172
0.0004437,172
0.0004438,172
0.0004439,172
0.000444,172
0.0004441,172
0.0004442,172
0.0004443,172
0.0004444,172
0.0004445,172
0.0004446,172
0.0004447,172
0.0004448,172
0.0004449,172
0.000445,172
0.0004451,172
0.0004452,172
0.0004453,172
0.0004454,171
0.0004455,171
0.0004456,171
0.0004457,171
0.0004458,171
0.0004459,171
0.000446,171
0.0004461,171
0.0004462,171
0.0004463,170
0.0004464,170
0.0004465,170
0.0004466,170
0.0004467,170
0.0004468,170
0.0004469,170
0.000447,170
0.0004471,170
0.0004472,170
0.0004473,169
0.0004474,169
0.0004475,169
0.0004476,169
0.0004477,169
0.0004478,169
0.0004479,169
0.000448,169
0.0004481,169
0.0004482,169
0.0004483,169
0.0004484,169
0.0004485,169
0.0004486,169
0.0004487,169
0.0004488,169
0.0004489,169
0.000449,169
0.0004491,169
0.0004492,169
0.0004493,168
0.0004494,168
0.0004495,168
0.0004496,168
0.0004497,168
0.0004498,168
0.0004499,168
0.00045,168
0.0004501,168
0.0004502,167
0.0004503,167
0.0004504,167
0.0004505,167
0.0004506,167
0.0004507,167
0.0004508,167
0.0004509,167
0.000451,167
0.0004511,167
0.0004512,166
0.0004513,166
0.0004514,166
0.0004515,166
0.0004516,166
0.0004517,166
0.0004518,166
0.0004519,166
0.000452,166
0.0004521,166
0.0004522,166
0.0004523,166
0.0004524,166
0.0004525,166
0.0004526,166
0.0004527,166
0.0004528,166
0.0004529,166
0.000453,166
0.0004531,166
0.0004532,165
0.0004533,165
0.0004534,165
0.0004535,165
0.0004536,165
0.0004537,165
0.0004538,165
0.0004539,165
0.000454,165
0.0004541,165
0.0004542,164
0.0004543,164
0.0004544,164
0.0004545,164
0.0004546,164
0.0004547,164
0.0004548,164
0.0004549,164
0.000455,164
0.0004551,163
0.0004552,163
0.0004553,163
0.0004554,163
0.0004555,163
0.0004556,163
0.0004557,163
0.0004558,163
0.0004559,163
0.000456,163
0.0004561,163
0.0004562,163
0.0004563,163
0.0004564,163
0.0004565,163
0.0004566,163
0.0004567,163
0.0004568,163
0.0004569,163
0.000457,163
0.0004571,162
0.0004572,162
0.0004573,162
0.0004574,162
0.0004575,162
0.0004576,162
0.0004577,162
0.0004578,162
0.0004579,162
0.000458,162
0.0004581,161
0.0004582,161
0.0004583,161
0.0004584,161
0.0004585,161
0.0004586,161
0.0004587,161
0.0004588,161
0.0004589,161
0.000459,160
0.0004591,160
0.0004592,160
0.0004593,160
0.0004594,160
0.0004595,160
0.0004596,160
0.0004597,160
0.0004598,160
0.0004599,160
0.00046,160
0.0004601,160
0.0004602,160
0.0004603,160
0.0004604,160
0.0004605,160
0.0004606,160
0.0004607,160
0.0004608,160
0.0004609,160
0.000461,159
0.0004611,159
0.0004612,159
0.0004613,159
0.0004614,159
0.0004615,159
0.0004616,159
0.0004617,159
0.0004618,159
0.0004619,159
0.000462,158
0.0004621,158
0.0004622,158
0.0004623,158
0.0004624,158
0.0004625,158
0.0004626,158
0.0004627,158
0.0004628,158
0.0004629,157
0.000463,157
0.0004631,157
0.0004632,157
0.0004633,157
0.0004634,157
0.0004635,157
0.0004636,157
0.0004637,157
0.0004638,157
0.0004639,157
0.000464,157
0.0004641,157
0.0004642,157
0.0004643,157
0.0004644,157
0.0004645,157
0.0004646,157
0.0004647,157
0.0004648,157
0.0004649,156
0.000465,156
0.0004651,156
0.0004652,156
0.0004653,156
0.0004654,156
0.0004655,156
0.0004656,156
0.0004657,156
0.0004658,156
0.0004659,155
0.000466,155
0.0004661,155
0.0004662,155
0.0004663,155
0.0004664,155
0.0004665,155
0.0004666,155
0.0004667,155
0.0004668,154
0.0004669,154
0.000467,154
0.0004671,154
0.0004672,154
0.0004673,154
0.0004674,154
0.0004675,154
0.0004676,154
0.0004677,154
0.0004678,154
0.0004679,154
0.000468,154
0.0004681,154
0.0004682,154
0.0004683,154
0.0004684,154
0.0004685,154
0.0004686,154
0.0004687,154
0.0004688,153
0.0004689,153
0.000469,153
0.0004691,153
0.0004692,153
0.0004693,153
0.0004694,153
0.0004695,153
0.0004696,153
0.0004697,153
0.0004698,152
0.0004699,152
0.00047,152
0.0004701,152
0.0004702,152
0.0004703,152
0.0004704,152
0.0004705,152
0.0004706,152
0.0004707,152
0.0004708,151
0.0004709,151
0.000471,151
0.0004711,151
0.0004712,151
0.0004713,151
0.0004714,151
0.0004715,151
0.0004716,151
0.0004717,150
0.0004718,150
0.0004719,150
0.000472,150
0.0004721,150
0.0004722,150
0.0004723,150
0.0004724,150
0.0004725,150
0.0004726,150
0.0004727,150
0.0004728,150
0.0004729,150
0.000473,150
0.0004731,150
0.0004732,150
0.0004733,150
0.0004734,150
0.0004735,150
0.0004736,150
0.0004737,149
0.0004738,149
0.0004739,149
0.000474,149
0.0004741,149
0.0004742,149
0.0004743,149
0.0004744,149
0.0004745,149
0.0004746,149
0.0004747,148
0.0004748,148
0.0004749,148
0.000475,148
0.0004751,148
0.0004752,148
0.0004753,148
0.0004754,148
0.0004755,148
0.0004756,147
0.0004757,147
0.0004758,147
0.0004759,147
0.000476,147
0.0004761,147
0.0004762,147
0.0004763,147
0.0004764,147
0.0004765,147
0.0004766,147
0.0004767,147
0.0004768,147
0.0004769,147
0.000477,147
0.0004771,147
0.0004772,147
0.0004773,147
0.0004774,147
0.0004775,147
0.0004776,146
0.0004777,146
0.0004778,146
0.0004779,146
0.000478,146
0.0004781,146
0.0004782,146
0.0004783,146
0.0004784,146
0.0004785,146
0.0004786,145
0.0004787,145
0.0004788,145
0.0004789,145
0.000479,145
0.0004791,145
0.0004792,145
0.0004793,145
0.0004794,145
0.0004795,144
0.0004796,144
0.0004797,144
0.0004798,144
0.0004799,144
0.00048,144
0.0004801,144
0.0004802,144
0.0004803,144
0.0004804,144
0.0004805,144
0.0004806,144
0.0004807,144
0.0004808,144
0.0004809,144
0.000481,144
0.0004811,144
0.0004812,144
0.0004813,144
0.0004814,144
0.0004815,143
0.0004816,143
0.0004817,143
0.0004818,143
0.0004819,143
0.000482,143
0.0004821,143
0.0004822,143
0.0004823,143
0.0004824,143
0.0004825,142
0.0004826,142
0.0004827,142
0.0004828,142
0.0004829,142
0.000483,142
0.0004831,142
0.0004832,142
0.0004833,142
0.0004834,141
0.0004835,141
0.0004836,141
0.0004837,141
0.0004838,141
0.0004839,141
0.000484,141
0.0004841,141
0.0004842,141
0.0004843,141
0.0004844,140
0.0004845,140
0.0004846,140
0.0004847,140
0.0004848,140
0.0004849,140
0.000485,140
0.0004851,140
0.0004852,140
0.0004853,140
0.0004854,140
0.0004855,140
0.0004856,140
0.0004857,140
0.0004858,140
0.0004859,140
0.000486,140
0.0004861,140
0.0004862,140
0.0004863,140
0.0004864,139
0.0004865,139
0.0004866,139
0.0004867,139
0.0004868,139
0.0004869,139
0.000487,139
0.0004871,139
0.0004872,139
0.0004873,139
0.0004874,138
0.0004875,138
0.0004876,138
0.0004877,138
0.0004878,138
0.0004879,138
0.000488,138
0.0004881,138
0.0004882,138
0.0004883,137
0.0004884,137
0.0004885,137
0.0004886,137
0.0004887,137
0.0004888,137
0.0004889,137
0.000489,137
0.0004891,137
0.0004892,137
0.0004893,137
0.0004894,137
0.0004895,137
0.0004896,137
0.0004897,137
0.0004898,137
0.0004899,137
0.00049,137
0.0004901,137
0.0004902,137
0.0004903,136
0.0004904,136
0.0004905,136
0.0004906,136
0.0004907,136
0.0004908,136
0.0004909,136
0.000491,136
0.0004911,136
0.0004912,136
0.0004913,135
0.0004914,135
0.0004915,135
0.0004916,135
0.0004917,135
0.0004918,135
0.0004919,135
0.000492,135
0.0004921,135
0.0004922,134
0.0004923,134
0.0004924,134
0.0004925,134
0.0004926,134
0.0004927,134
0.0004928,134
0.0004929,134
0.000493,134
0.0004931,134
0.0004932,133
0.0004933,133
0.0004934,133
0.0004935,133
0.0004936,133
0.0004937,133
0.0004938,133
0.0004939,133
0.000494,133
0.0004941,133
0.0004942,133
0.0004943,133
0.0004944,133
0.0004945,133
0.0004946,133
0.0004947,133
0.0004948,133
0.0004949,133
0.000495,133
0.0004951,133
0.0004952,132
0.0004953,132
0.0004954,132
0.0004955,132
0.0004956,132
0.0004957,132
0.0004958,132
0.0004959,132
0.000496,132
0.0004961,131
0.0004962,131
0.0004963,131
0.0004964,131
0.0004965,131
0.0004966,131
0.0004967,131
0.0004968,131
0.0004969,131
0.000497,131
0.0004971,130
0.0004972,130
0.0004973,130
0.0004974,130
0.0004975,130
0.0004976,130
0.0004977,130
0.0004978,130
0.0004979,130
0.000498,130
0.0004981,130
0.0004982,130
0.0004983,130
0.0004984,130
0.0004985,130
0.0004986,130
0.0004987,130
0.0004988,130
0.0004989,130
0.000499,130
0.0004991,129
0.0004992,129
0.0004993,129
0.0004994,129
0.0004995,129
0.0004996,129
0.0004997,129
0.0004998,129
0.0004999,129
0.0005,129
0.0005001,128
0.0005002,128
0.0005003,128
0.0005004,128
0.0005005,128
0.0005006,128
0.0005007,128
0.0005008,128
0.0005009,128
0.000501,127
0.0005011,127
0.0005012,127
0.0005013,127
0.0005014,127
0.0005015,127
0.0005016,127
0.0005017,127
0.0005018,127
0.0005019,127
0.000502,126
0.0005021,126
0.0005022,126
0.0005023,126
0.0005024,126
0.0005025,126
0.0005026,126
0.0005027,126
0.0005028,126
0.0005029,126
0.000503,126
0.0005031,126
0.0005032,126
0.0005033,126
0.0005034,126
0.0005035,126
0.0005036,126
0.0005037,126
0.0005038,126
0.0005039,126
0.000504,125
0.0005041,125
0.0005042,125
0.0005043,125
0.0005044,125
0.0005045,125
0.0005046,125
0.0005047,125
0.0005048,125
0.0005049,124
0.000505,124
0.0005051,124
0.0005052,124
0.0005053,124
0.0005054,124
0.0005055,124
0.0005056,124
0.0005057,124
0.0005058,124
0.0005059,123
0.000506,123
0.0005061,123
0.0005062,123
0.0005063,123
0.0005064,123
0.0005065,123
0.0005066,123
0.0005067,123
0.0005068,123
0.0005069,123
0.000507,123
0.0005071,123
0.0005072,123
0.0005073,123
0.0005074,123
0.0005075,123
0.0005076,123
0.0005077,123
0.0005078,123
0.0005079,122
0.000508,122
0.0005081,122
0.0005082,122
0.0005083,122
0.0005084,122
0.0005085,122
0.0005086,122
0.0005087,122
0.0005088,121
0.0005089,121
0.000509,121
0.0005091,121
0.0005092,121
0.0005093,121
0.0005094,121
0.0005095,121
0.0005096,121
0.0005097,121
0.0005098,120
0.0005099,120
0.00051,120
0.0005101,120
0.0005102,120
0.0005103,120
0.0005104,120
0.0005105,120
0.0005106,120
0.0005107,120
0.0005108,119
0.0005109,119
0.000511,119
0.0005111,119
0.0005112,119
0.0005113,119
0.0005114,119
0.0005115,119
0.0005116,119
0.0005117,119
0.0005118,119
0.0005119,119
0.000512,119
0.0005121,119
0.0005122,119
0.0005123,119
0.0005124,119
0.0005125,119
0.0005126,119
0.0005127,118
0.0005128,118
0.0005129,118
0.000513,118
0.0005131,118
0.0005132,118
0.0005133,118
0.0005134,118
0.0005135,118
0.0005136,118
0.0005137,117
0.0005138,117
0.0005139,117
0.000514,117
0.0005141,117
0.0005142,117
0.0005143,117
0.0005144,117
0.0005145,117
0.0005146,117
0.0005147,116
0.0005148,116
0.0005149,116
0.000515,116
0.0005151,116
0.0005152,116
0.0005153,116
0.0005154,116
0.0005155,116
0.0005156,116
0.0005157,116
0.0005158,116
0.0005159,116
0.000516,116
0.0005161,116
0.0005162,116
0.0005163,116
0.0005164,116
0.0005165,116
0.0005166,116
0.0005167,115
0.0005168,115
0.0005169,115
0.000517,115
0.0005171,115
0.0005172,115
0.0005173,115
0.0005174,115
0.0005175,115
0.0005176,114
0.0005177,114
0.0005178,114
0.0005179,114
0.000518,114
0.0005181,114
0.0005182,114
0.0005183,114
0.0005184,114
0.0005185,114
0.0005186,113
0.0005187,113
0.0005188,113
0.0005189,113
0.000519,113
0.0005191,113
0.0005192,113
0.0005193,113
0.0005194,113
0.0005195,113
0.0005196,112
0.0005197,112
0.0005198,112
0.0005199,112
0.00052,112
0.0005201,112
0.0005202,112
0.0005203,112
0.0005204,112
0.0005205,112
0.0005206,112
0.0005207,112
0.0005208,112
0.0005209,112
0.000521,112
0.0005211,112
0.0005212,112
0.0005213,112
0.0005214,112
0.0005215,111
0.0005216,111
0.0005217,111
0.0005218,111
0.0005219,111
0.000522,111
0.0005221,111
0.0005222,111
0.0005223,111
0.0005224,111
0.0005225,110
0.0005226,110
0.0005227,110
0.0005228,110
0.0005229,110
0.000523,110
0.0005231,110
0.0005232,110
0.0005233,110
0.0005234,110
0.0005235,109
0.0005236,109
0.0005237,109
0.0005238,109
0.0005239,109
0.000524,109
0.0005241,109
0.0005242,109
0.0005243,109
0.0005244,109
0.0005245,109
0.0005246,109
0.0005247,109
0.0005248,109
0.0005249,109
0.000525,109
0.0005251,109
0.0005252,109
0.0005253,109
0.0005254,108
0.0005255,108
0.0005256,108
0.0005257,108
0.0005258,108
0.0005259,108
0.000526,108
0.0005261,108
0.0005262,108
0.0005263,108
0.0005264,107
0.0005265,107
0.0005266,107
0.0005267,107
0.0005268,107
0.0005269,107
0.000527,107
0.0005271,107
0.0005272,107
0.0005273,107
0.0005274,106
0.0005275,106
0.0005276,106
0.0005277,106
0.0005278,106
0.0005279,106
0.000528,106
0.0005281,106
0.0005282,106
0.0005283,106
0.0005284,106
0.0005285,106
0.0005286,106
0.0005287,106
0.0005288,106
0.0005289,106
0.000529,106
0.0005291,106
0.0005292,106
0.0005293,105
0.0005294,105
0.0005295,105
0.0005296,105
0.0005297,105
0.0005298,105
0.0005299,105
0.00053,105
0.0005301,105
0.0005302,105
0.0005303,104
0.0005304,104
0.0005305,104
0.0005306,104
0.0005307,104
0.0005308,104
0.0005309,104
0.000531,104
0.0005311,104
0.0005312,104
0.0005313,103
0.0005314,103
0.0005315,103
0.0005316,103
0.0005317,103
0.0005318,103
0.0005319,103
0.000532,103
0.0005321,103
0.0005322,103
0.0005323,102
0.0005324,102
0.0005325,102
0.0005326,102
0.0005327,102
0.0005328,102
0.0005329,102
0.000533,102
0.0005331,102
0.0005332,102
0.0005333,102
0.0005334,102
0.0005335,102
0.0005336,102
0.0005337,102
0.0005338,102
0.0005339,102
0.000534,102
0.0005341,102
0.0005342,101
0.0005343,101
0.0005344,101
0.0005345,101
0.0005346,101
0.0005347,101
0.0005348,101
0.0005349,101
0.000535,101
0.0005351,101
0.0005352,100
0.0005353,100
0.0005354,100
0.0005355,100
0.0005356,100
0.0005357,100
0.0005358,100
0.0005359,100
0.000536,100
0.0005361,100
0.0005362,99
0.0005363,99
0.0005364,99
0.0005365,99
0.0005366,99
0.0005367,99
0.0005368,99
0.0005369,99
0.000537,99
0.0005371,99
0.0005372,99
0.0005373,99
0.0005374,99
0.0005375,99
0.0005376,99
0.0005377,99
0.0005378,99
0.0005379,99
0.000538,99
0.0005381,98
0.0005382,98
0.0005383,98
0.0005384,98
0.0005385,98
0.0005386,98
0.0005387,98
0.0005388,98
0.0005389,98
0.000539,98
0.0005391,97
0.0005392,97
0.0005393,97
0.0005394,97
0.0005395,97
0.0005396,97
0.0005397,97
0.0005398,97
0.0005399,97
0.00054,97
0.0005401,96
0.0005402,96
0.0005403,96
0.0005404,96
0.0005405,96
0.0005406,96
0.0005407,96
0.0005408,96
0.0005409,96
0.000541,96
0.0005411,96
0.0005412,96
0.0005413,96
0.0005414,96
0.0005415,96
0.0005416,96
0.0005417,96
0.0005418,96
0.0005419,96
0.000542,95
0.0005421,95
0.0005422,95
0.0005423,95
0.0005424,95
0.0005425,95
0.0005426,95
0.0005427,95
0.0005428,95
0.0005429,95
0.000543,94
0.0005431,94
0.0005432,94
0.0005433,94
0.0005434,94
0.0005435,94
0.0005436,94
0.0005437,94
0.0005438,94
0.0005439,94
0.000544,93
0.0005441,93
0.0005442,93
0.0005443,93
0.0005444,93
0.0005445,93
0.0005446,93
0.0005447,93
0.0005448,93
0.0005449,93
0.000545,93
0.0005451,93
0.0005452,93
0.0005453,93
0.0005454,93
0.0005455,93
0.0005456,93
0.0005457,93
0.0005458,93
0.0005459,92
0.000546,92
0.0005461,92
0.0005462,92
0.0005463,92
0.0005464,92
0.0005465,92
0.0005466,92
0.0005467,92
0.0005468,92
0.0005469,91
0.000547,91
0.0005471,91
0.0005472,91
0.0005473,91
0.0005474,91
0.0005475,91
0.0005476,91
0.0005477,91
0.0005478,91
0.0005479,90
0.000548,90
0.0005481,90
0.0005482,90
0.0005483,90
0.0005484,90
0.0005485,90
0.0005486,90
0.0005487,90
0.0005488,90
0.0005489,90
0.000549,90
0.0005491,90
0.0005492,90
0.0005493,90
0.0005494,90
0.0005495,90
0.0005496,90
0.0005497,90
0.0005498,90
0.0005499,89
0.00055,89
0.0005501,89
0.0005502,89
0.0005503,89
0.0005504,89
0.0005505,89
0.0005506,89
0.0005507,89
0.0005508,88
0.0005509,88
0.000551,88
0.0005511,88
0.0005512,88
0.0005513,88
0.0005514,88
0.0005515,88
0.0005516,88
0.0005517,88
0.0005518,87
0.0005519,87
0.000552,87
0.0005521,87
0.0005522,87
0.0005523,87
0.0005524,87
0.0005525,87
0.0005526,87
0.0005527,87
0.0005528,87
0.0005529,87
0.000553,87
0.0005531,87
0.0005532,87
0.0005533,87
0.0005534,87
0.0005535,87
0.0005536,87
0.0005537,87
0.0005538,86
0.0005539,86
0.000554,86
0.0005541,86
0.0005542,86
0.0005543,86
0.0005544,86
0.0005545,86
0.0005546,86
0.0005547,85
0.0005548,85
0.0005549,85
0.000555,85
0.0005551,85
0.0005552,85
0.0005553,85
0.0005554,85
0.0005555,85
0.0005556,85
0.0005557,84
0.0005558,84
0.0005559,84
0.000556,84
0.0005561,84
0.0005562,84
0.0005563,84
0.0005564,84
0.0005565,84
0.0005566,84
0.0005567,84
0.0005568,84
0.0005569,84
0.000557,84
0.0005571,84
0.0005572,84
0.0005573,84
0.0005574,84
0.0005575,84
0.0005576,84
0.0005577,83
0.0005578,83
0.0005579,83
0.000558,83
0.0005581,83
0.0005582,83
0.0005583,83
0.0005584,83
0.0005585,83
0.0005586,82
0.0005587,82
0.0005588,82
0.0005589,82
0.000559,82
0.0005591,82
0.0005592,82
0.0005593,82
0.0005594,82
0.0005595,82
0.0005596,82
0.0005597,82
0.0005598,82
0.0005599,82
0.00056,82
0.0005601,82
0.0005602,82
0.0005603,82
0.0005604,82
0.0005605,82
0.0005606,81
0.0005607,81
0.0005608,81
0.0005609,81
0.000561,81
0.0005611,81
0.0005612,81
0.0005613,81
0.0005614,81
0.0005615,81
0.0005616,80
0.0005617,80
0.0005618,80
0.0005619,80
0.000562,80
0.0005621,80
0.0005622,80
0.0005623,80
0.0005624,80
0.0005625,80
0.0005626,79
0.0005627,79
0.0005628,79
0.0005629,79
0.000563,79
0.0005631,79
0.0005632,79
0.0005633,79
0.0005634,79
0.0005635,79
0.0005636,79
0.0005637,79
0.0005638,79
0.0005639,79
0.000564,79
0.0005641,79
0.0005642,79
0.0005643,79
0.0005644,79
0.0005645,78
0.0005646,78
0.0005647,78
0.0005648,78
0.0005649,78
0.000565,78
0.0005651,78
0.0005652,78
0.0005653,78
0.0005654,78
0.0005655,77
0.0005656,77
0.0005657,77
0.0005658,77
0.0005659,77
0.000566,77
0.0005661,77
0.0005662,77
0.0005663,77
0.0005664,77
0.0005665,77
0.0005666,77
0.0005667,77
0.0005668,77
0.0005669,77
0.000567,77
0.0005671,77
0.0005672,77
0.0005673,77
0.0005674,76
0.0005675,76
0.0005676,76
0.0005677,76
0.0005678,76
0.0005679,76
0.000568,76
0.0005681,76
0.0005682,76
0.0005683,76
0.0005684,75
0.0005685,75
0.0005686,75
0.0005687,75
0.0005688,75
0.0005689,75
0.000569,75
0.0005691,75
0.0005692,75
0.0005693,75
0.0005694,74
0.0005695,74
0.0005696,74
0.0005697,74
0.0005698,74
0.0005699,74
0.00057,74
0.0005701,74
0.0005702,74
0.0005703,74
0.0005704,74
0.0005705,74
0.0005706,74
0.0005707,74
0.0005708,74
0.0005709,74
0.000571,74
0.0005711,74
0.0005712,74
0.0005713,73
0.0005714,73
0.0005715,73
0.0005716,73
0.0005717,73
0.0005718,73
0.0005719,73
0.000572,73
0.0005721,73
0.0005722,73
0.0005723,72
0.0005724,72
0.0005725,72
0.0005726,72
0.0005727,72
0.0005728,72
0.0005729,72
0.000573,72
0.0005731,72
0.0005732,72
0.0005733,72
0.0005734,72
0.0005735,72
0.0005736,72
0.0005737,72
0.0005738,72
0.0005739,72
0.000574,72
0.0005741,72
0.0005742,72
0.0005743,71
0.0005744,71
0.0005745,71
0.0005746,71
0.0005747,71
0.0005748,71
0.0005749,71
0.000575,71
0.0005751,71
0.0005752,70
0.0005753,70
0.0005754,70
0.0005755,70
0.0005756,70
0.0005757,70
0.0005758,70
0.0005759,70
0.000576,70
0.0005761,70
0.0005762,70
0.0005763,70
0.0005764,70
0.0005765,70
0.0005766,70
0.0005767,70
0.0005768,70
0.0005769,70
0.000577,70
0.0005771,70
0.0005772,69
0.0005773,69
0.0005774,69
0.0005775,69
0.0005776,69
0.0005777,69
0.0005778,69
0.0005779,69
0.000578,69
0.0005781,69
0.0005782,68
0.0005783,68
0.0005784,68
0.0005785,68
0.0005786,68
0.0005787,68
0.0005788,68
0.0005789,68
0.000579,68
0.0005791,68
0.0005792,67
0.0005793,67
0.0005794,67
0.0005795,67
0.0005796,67
0.0005797,67
0.0005798,67
0.0005799,67
0.00058,67
0.0005801,67
0.0005802,67
0.0005803,67
0.0005804,67
0.0005805,67
0.0005806,67
0.0005807,67
0.0005808,67
0.0005809,67
0.000581,67
0.0005811,66
0.0005812,66
0.0005813,66
0.0005814,66
0.0005815,66
0.0005816,66
0.0005817,66
0.0005818,66
0.0005819,66
0.000582,66
0.0005821,65
0.0005822,65
0.0005823,65
0.0005824,65
0.0005825,65
0.0005826,65
0.0005827,65
0.0005828,65
0.0005829,65
0.000583,65
0.0005831,65
0.0005832,65
0.0005833,65
0.0005834,65
0.0005835,65
0.0005836,65
0.0005837,65
0.0005838,65
0.0005839,65
0.000584,64
0.0005841,64
0.0005842,64
0.0005843,64
0.0005844,64
0.0005845,64
0.0005846,64
0.0005847,64
0.0005848,64
0.0005849,64
0.000585,63
0.0005851,63
0.0005852,63
0.0005853,63
0.0005854,63
0.0005855,63
0.0005856,63
0.0005857,63
0.0005858,63
0.0005859,63
0.000586,63
0.0005861,63
0.0005862,63
0.0005863,63
0.0005864,63
0.0005865,63
0.0005866,63
0.0005867,63
0.0005868,63
0.0005869,63
0.000587,62
0.0005871,62
0.0005872,62
0.0005873,62
0.0005874,62
0.0005875,62
0.0005876,62
0.0005877,62
0.0005878,62
0.0005879,61
0.000588,61
0.0005881,61
0.0005882,61
0.0005883,61
0.0005884,61
0.0005885,61
0.0005886,61
0.0005887,61
0.0005888,61
0.0005889,61
0.000589,61
0.0005891,61
0.0005892,61
0.0005893,61
0.0005894,61
0.0005895,61
0.0005896,61
0.0005897,61
0.0005898,61
0.0005899,60
0.00059,60
0.0005901,60
0.0005902,60
0.0005903,60
0.0005904,60
0.0005905,60
0.0005906,60
0.0005907,60
0.0005908,60
0.0005909,59
0.000591,59
0.0005911,59
0.0005912,59
0.0005913,59
0.0005914,59
0.0005915,59
0.0005916,59
0.0005917,59
0.0005918,59
0.0005919,59
0.000592,59
0.0005921,59
0.0005922,59
0.0005923,59
0.0005924,59
0.0005925,59
0.0005926,59
0.0005927,59
0.0005928,58
0.0005929,58
0.000593,58
0.0005931,58
0.0005932,58
0.0005933,58
0.0005934,58
0.0005935,58
0.0005936,58
0.0005937,58
0.0005938,57
0.0005939,57
0.000594,57
0.0005941,57
0.0005942,57
0.0005943,57
0.0005944,57
0.0005945,57
0.0005946,57
0.0005947,57
0.0005948,57
0.0005949,57
0.000595,57
0.0005951,57
0.0005952,57
0.0005953,57
0.0005954,57
0.0005955,57
0.0005956,57
0.0005957,57
0.0005958,56
0.0005959,56
0.000596,56
0.0005961,56
0.0005962,56
0.0005963,56
0.0005964,56
0.0005965,56
0.0005966,56
0.0005967,56
0.0005968,56
0.0005969,56
0.000597,56
0.0005971,56
0.0005972,56
0.0005973,56
0.0005974,56
0.0005975,56
0.0005976,56
0.0005977,55
0.0005978,55
0.0005979,55
0.000598,55
0.0005981,55
0.0005982,55
0.0005983,55
0.0005984,55
0.0005985,55
0.0005986,55
0.0005987,54
0.0005988,54
0.0005989,54
0.000599,54
0.0005991,54
0.0005992,54
0.0005993,54
0.0005994,54
0.0005995,54
0.0005996,54
0.0005997,54
0.0005998,54
0.0005999,54
0.0006,54
0.0006001,54
0.0006002,54
0.0006003,54
0.0006004,54
0.0006005,54
0.0006006,53
0.0006007,53
0.0006008,53
0.0006009,53
0.000601,53
0.0006011,53
0.0006012,53
0.0006013,53
0.0006014,53
0.0006015,53
0.0006016,52
0.0006017,52
0.0006018,52
0.0006019,52
0.000602,52
0.0006021,52
0.0006022,52
0.0006023,52
0.0006024,52
0.0006025,52
0.0006026,52
0.0006027,52
0.0006028,52
0.0006029,52
0.000603,52
0.0006031,52
0.0006032,52
0.0006033,52
0.0006034,52
0.0006035,52
0.0006036,51
0.0006037,51
0.0006038,51
0.0006039,51
0.000604,51
0.0006041,51
0.0006042,51
0.0006043,51
0.0006044,51
0.0006045,50
0.0006046,50
0.0006047,50
0.0006048,50
0.0006049,50
0.000605,50
0.0006051,50
0.0006052,50
0.0006053,50
0.0006054,50
0.0006055,50
0.0006056,50
0.0006057,50
0.0006058,50
0.0006059,50
0.000606,50
0.0006061,50
0.0006062,50
0.0006063,50
0.0006064,50
0.0006065,49
0.0006066,49
0.0006067,49
0.0006068,49
0.0006069,49
0.000607,49
0.0006071,49
0.0006072,49
0.0006073,49
0.0006074,49
0.0006075,49
0.0006076,49
0.0006077,49
0.0006078,49
0.0006079,49
0.000608,49
0.0006081,49
0.0006082,49
0.0006083,49
0.0006084,48
0.0006085,48
0.0006086,48
0.0006087,48
0.0006088,48
0.0006089,48
0.000609,48
0.0006091,48
0.0006092,48
0.0006093,48
0.0006094,47
0.0006095,47
0.0006096,47
0.0006097,47
0.0006098,47
0.0006099,47
0.00061,47
0.0006101,47
0.0006102,47
0.0006103,47
0.0006104,47
0.0006105,47
0.0006106,47
0.0006107,47
0.0006108,47
0.0006109,47
0.000611,47
0.0006111,47
0.0006112,47
0.0006113,47
0.0006114,46
0.0006115,46
0.0006116,46
0.0006117,46
0.0006118,46
0.0006119,46
0.000612,46
0.0006121,46
0.0006122,46
0.0006123,46
0.0006124,46
0.0006125,46
0.0006126,46
0.0006127,46
0.0006128,46
0.0006129,46
0.000613,46
0.0006131,46
0.0006132,46
0.0006133,45
0.0006134,45
0.0006135,45
0.0006136,45
0.0006137,45
0.0006138,45
0.0006139,45
0.000614,45
0.0006141,45
0.0006142,45
0.0006143,44
0.0006144,44
0.0006145,44
0.0006146,44
0.0006147,44
0.0006148,44
0.0006149,44
0.000615,44
0.0006151,44
0.0006152,44
0.0006153,44
0.0006154,44
0.0006155,44
0.0006156,44
0.0006157,44
0.0006158,44
0.0006159,44
0.000616,44
0.0006161,44
0.0006162,44
0.0006163,43
0.0006164,43
0.0006165,43
0.0006166,43
0.0006167,43
0.0006168,43
0.0006169,43
0.000617,43
0.0006171,43
0.0006172,43
0.0006173,43
0.0006174,43
0.0006175,43
0.0006176,43
0.0006177,43
0.0006178,43
0.0006179,43
0.000618,43
0.0006181,43
0.0006182,42
0.0006183,42
0.0006184,42
0.0006185,42
0.0006186,42
0.0006187,42
0.0006188,42
0.0006189,42
0.000619,42
0.0006191,42
0.0006192,42
0.0006193,42
0.0006194,42
0.0006195,42
0.0006196,42
0.0006197,42
0.0006198,42
0.0006199,42
0.00062,42
0.0006201,42
0.0006202,41
0.0006203,41
0.0006204,41
0.0006205,41
0.0006206,41
0.0006207,41
0.0006208,41
0.0006209,41
0.000621,41
0.0006211,40
0.0006212,40
0.0006213,40
0.0006214,40
0.0006215,40
0.0006216,40
0.0006217,40
0.0006218,40
0.0006219,40
0.000622,40
0.0006221,40
0.0006222,40
0.0006223,40
0.0006224,40
0.0006225,40
0.0006226,40
0.0006227,40
0.0006228,40
0.0006229,40
0.000623,40
0.0006231,39
0.0006232,39
0.0006233,39
0.0006234,39
0.0006235,39
0.0006236,39
0.0006237,39
0.0006238,39
0.0006239,39
0.000624,39
0.0006241,39
0.0006242,39
0.0006243,39
0.0006244,39
0.0006245,39
0.0006246,39
0.0006247,39
0.0006248,39
0.0006249,39
0.000625,39
0.0006251,38
0.0006252,38
0.0006253,38
0.0006254,38
0.0006255,38
0.0006256,38
0.0006257,38
0.0006258,38
0.0006259,38
0.000626,38
0.0006261,38
0.0006262,38
0.0006263,38
0.0006264,38
0.0006265,38
0.0006266,38
0.0006267,38
0.0006268,38
0.0006269,38
0.000627,37
0.0006271,37
0.0006272,37
0.0006273,37
0.0006274,37
0.0006275,37
0.0006276,37
0.0006277,37
0.0006278,37
0.0006279,37
0.000628,37
0.0006281,37
0.0006282,37
0.0006283,37
0.0006284,37
0.0006285,37
0.0006286,37
0.0006287,37
0.0006288,37
0.0006289,37
0.000629,36
0.0006291,36
0.0006292,36
0.0006293,36
0.0006294,36
0.0006295,36
0.0006296,36
0.0006297,36
0.0006298,36
0.0006299,35
0.00063,35
0.0006301,35
0.0006302,35
0.0006303,35
0.0006304,35
0.0006305,35
0.0006306,35
0.0006307,35
0.0006308,35
0.0006309,35
0.000631,35
0.0006311,35
0.0006312,35
0.0006313,35
0.0006314,35
0.0006315,35
0.0006316,35
0.0006317,35
0.0006318,35
0.0006319,34
0.000632,34
0.0006321,34
0.0006322,34
0.0006323,34
0.0006324,34
0.0006325,34
0.0006326,34
0.0006327,34
0.0006328,34
0.0006329,34
0.000633,34
0.0006331,34
0.0006332,34
0.0006333,34
0.0006334,34
0.0006335,34
0.0006336,34
0.0006337,34
0.0006338,33
0.0006339,33
0.000634,33
0.0006341,33
0.0006342,33
0.0006343,33
0.0006344,33
0.0006345,33
0.0006346,33
0.0006347,33
0.0006348,33
0.0006349,33
0.000635,33
0.0006351,33
0.0006352,33
0.0006353,33
0.0006354,33
0.0006355,33
0.0006356,33
0.0006357,33
0.0006358,32
0.0006359,32
0.000636,32
0.0006361,32
0.0006362,32
0.0006363,32
0.0006364,32
0.0006365,32
0.0006366,32
0.0006367,32
0.0006368,32
0.0006369,32
0.000637,32
0.0006371,32
0.0006372,32
0.0006373,32
0.0006374,32
0.0006375,32
0.0006376,32
0.0006377,31
0.0006378,31
0.0006379,31
0.000638,31
0.0006381,31
0.0006382,31
0.0006383,31
0.0006384,31
0.0006385,31
0.0006386,31
0.0006387,31
0.0006388,31
0.0006389,31
0.000639,31
0.0006391,31
0.0006392,31
0.0006393,31
0.0006394,31
0.0006395,31
0.0006396,31
0.0006397,30
0.0006398,30
0.0006399,30
0.00064,30
0.0006401,30
0.0006402,30
0.0006403,30
0.0006404,30
0.0006405,30
0.0006406,30
0.0006407,30
0.0006408,30
0.0006409,30
0.000641,30
0.0006411,30
0.0006412,30
0.0006413,30
0.0006414,30
0.0006415,30
0.0006416,30
0.0006417,29
0.0006418,29
0.0006419,29
0.000642,29
0.0006421,29
0.0006422,29
0.0006423,29
0.0006424,29
0.0006425,29
0.0006426,29
0.0006427,29
0.0006428,29
0.0006429,29
0.000643,29
0.0006431,29
0.0006432,29
0.0006433,29
0.0006434,29
0.0006435,29
0.0006436,28
0.0006437,28
0.0006438,28
0.0006439,28
0.000644,28
0.0006441,28
0.0006442,28
0.0006443,28
0.0006444,28
0.0006445,28
0.0006446,28
0.0006447,28
0.0006448,28
0.0006449,28
0.000645,28
0.0006451,28
0.0006452,28
0.0006453,28
0.0006454,28
0.0006455,28
0.0006456,27
0.0006457,27
0.0006458,27
0.0006459,27
0.000646,27
0.0006461,27
0.0006462,27
0.0006463,27
0.0006464,27
0.0006465,27
0.0006466,27
0.0006467,27
0.0006468,27
0.0006469,27
0.000647,27
0.0006471,27
0.0006472,27
0.0006473,27
0.0006474,27
0.0006475,26
0.0006476,26
0.0006477,26
0.0006478,26
0.0006479,26
0.000648,26
0.0006481,26
0.0006482,26
0.0006483,26
0.0006484,26
0.0006485,26
0.0006486,26
0.0006487,26
0.0006488,26
0.0006489,26
0.000649,26
0.0006491,26
0.0006492,26
0.0006493,26
0.0006494,26
0.0006495,26
0.0006496,26
0.0006497,26
0.0006498,26
0.0006499,26
0.00065,26
0.0006501,26
0.0006502,26
0.0006503,26
0.0006504,25
0.0006505,25
0.0006506,25
0.0006507,25
0.0006508,25
0.0006509,25
0.000651,25
0.0006511,25
0.0006512,25
0.0006513,25
0.0006514,25
0.0006515,25
0.0006516,25
0.0006517,25
0.0006518,25
0.0006519,25
0.000652,25
0.0006521,25
0.0006522,25
0.0006523,25
0.0006524,24
0.0006525,24
0.0006526,24
0.0006527,24
0.0006528,24
0.0006529,24
0.000653,24
0.0006531,24
0.0006532,24
0.0006533,24
0.0006534,24
0.0006535,24
0.0006536,24
0.0006537,24
0.0006538,24
0.0006539,24
0.000654,24
0.0006541,24
0.0006542,24
0.0006543,23
0.0006544,23
0.0006545,23
0.0006546,23
0.0006547,23
0.0006548,23
0.0006549,23
0.000655,23
0.0006551,23
0.0006552,23
0.0006553,23
0.0006554,23
0.0006555,23
0.0006556,23
0.0006557,23
0.0006558,23
0.0006559,23
0.000656,23
0.0006561,23
0.0006562,23
0.0006563,22
0.0006564,22
0.0006565,22
0.0006566,22
0.0006567,22
0.0006568,22
0.0006569,22
0.000657,22
0.0006571,22
0.0006572,22
0.0006573,22
0.0006574,22
0.0006575,22
0.0006576,22
0.0006577,22
0.0006578,22
0.0006579,22
0.000658,22
0.0006581,22
0.0006582,22
0.0006583,22
0.0006584,22
0.0006585,22
0.0006586,22
0.0006587,22
0.0006588,22
0.0006589,22
0.000659,22
0.0006591,22
0.0006592,21
0.0006593,21
0.0006594,21
0.0006595,21
0.0006596,21
0.0006597,21
0.0006598,21
0.0006599,21
0.00066,21
0.0006601,21
0.0006602,21
0.0006603,21
0.0006604,21
0.0006605,21
0.0006606,21
0.0006607,21
0.0006608,21
0.0006609,21
0.000661,21
0.0006611,21
0.0006612,20
0.0006613,20
0.0006614,20
0.0006615,20
0.0006616,20
0.0006617,20
0.0006618,20
0.0006619,20
0.000662,20
0.0006621,20
0.0006622,20
0.0006623,20
0.0006624,20
0.0006625,20
0.0006626,20
0.0006627,20
0.0006628,20
0.0006629,20
0.000663,20
0.0006631,19
0.0006632,19
0.0006633,19
0.0006634,19
0.0006635,19
0.0006636,19
0.0006637,19
0.0006638,19
0.0006639,19
0.000664,19
0.0006641,19
0.0006642,19
0.0006643,19
0.0006644,19
0.0006645,19
0.0006646,19
0.0006647,19
0.0006648,19
0.0006649,19
0.000665,19
0.0006651,19
0.0006652,19
0.0006653,19
0.0006654,19
0.0006655,19
0.0006656,19
0.0006657,19
0.0006658,19
0.0006659,19
0.000666,19
0.0006661,18
0.0006662,18
0.0006663,18
0.0006664,18
0.0006665,18
0.0006666,18
0.0006667,18
0.0006668,18
0.0006669,18
0.000667,18
0.0006671,18
0.0006672,18
0.0006673,18
0.0006674,18
0.0006675,18
0.0006676,18
0.0006677,18
0.0006678,18
0.0006679,18
0.000668,17
0.0006681,17
0.0006682,17
0.0006683,17
0.0006684,17
0.0006685,17
0.0006686,17
0.0006687,17
0.0006688,17
0.0006689,17
0.000669,17
0.0006691,17
0.0006692,17
0.0006693,17
0.0006694,17
0.0006695,17
0.0006696,17
0.0006697,17
0.0006698,17
0.0006699,17
0.00067,17
0.0006701,17
0.0006702,17
0.0006703,17
0.0006704,17
0.0006705,17
0.0006706,17
0.0006707,17
0.0006708,17
0.0006709,16
0.000671,16
0.0006711,16
0.0006712,16
0.0006713,16
0.0006714,16
0.0006715,16
0.0006716,16
0.0006717,16
0.0006718,16
0.0006719,16
0.000672,16
0.0006721,16
0.0006722,16
0.0006723,16
0.0006724,16
0.0006725,16
0.0006726,16
0.0006727,16
0.0006728,16
0.0006729,16
0.000673,16
0.0006731,16
0.0006732,16
0.0006733,16
0.0006734,16
0.0006735,16
0.0006736,16
0.0006737,16
0.0006738,16
0.0006739,15
0.000674,15
0.0006741,15
0.0006742,15
0.0006743,15
0.0006744,15
0.0006745,15
0.0006746,15
0.0006747,15
0.0006748,15
0.0006749,15
0.000675,15
0.0006751,15
0.0006752,15
0.0006753,15
0.0006754,15
0.0006755,15
0.0006756,15
0.0006757,15
0.0006758,15
0.0006759,15
0.000676,15
0.0006761,15
0.0006762,15
0.0006763,15
0.0006764,15
0.0006765,15
0.0006766,15
0.0006767,15
0.0006768,14
0.0006769,14
0.000677,14
0.0006771,14
0.0006772,14
0.0006773,14
0.0006774,14
0.0006775,14
0.0006776,14
0.0006777,14
0.0006778,14
0.0006779,14
0.000678,14
0.0006781,14
0.0006782,14
0.0006783,14
0.0006784,14
0.0006785,14
0.0006786,14
0.0006787,14
0.0006788,14
0.0006789,14
0.000679,14
0.0006791,14
0.0006792,14
0.0006793,14
0.0006794,14
0.0006795,14
0.0006796,14
0.0006797,13
0.0006798,13
0.0006799,13
0.00068,13
0.0006801,13
0.0006802,13
0.0006803,13
0.0006804,13
0.0006805,13
0.0006806,13
0.0006807,13
0.0006808,13
0.0006809,13
0.000681,13
0.0006811,13
0.0006812,13
0.0006813,13
0.0006814,13
0.0006815,13
0.0006816,13
0.0006817,13
0.0006818,13
0.0006819,13
0.000682,13
0.0006821,13
0.0006822,13
0.0006823,13
0.0006824,13
0.0006825,13
0.0006826,13
0.0006827,12
0.0006828,12
0.0006829,12
0.000683,12
0.0006831,12
0.0006832,12
0.0006833,12
0.0006834,12
0.0006835,12
0.0006836,12
0.0006837,12
0.0006838,12
0.0006839,12
0.000684,12
0.0006841,12
0.0006842,12
0.0006843,12
0.0006844,12
0.0006845,12
0.0006846,12
0.0006847,12
0.0006848,12
0.0006849,12
0.000685,12
0.0006851,12
0.0006852,12
0.0006853,12
0.0006854,12
0.0006855,12
0.0006856,11
0.0006857,11
0.0006858,11
0.0006859,11
0.000686,11
0.0006861,11
0.0006862,11
0.0006863,11
0.0006864,11
0.0006865,11
0.0006866,11
0.0006867,11
0.0006868,11
0.0006869,11
0.000687,11
0.0006871,11
0.0006872,11
0.0006873,11
0.0006874,11
0.0006875,11
0.0006876,11
0.0006877,11
0.0006878,11
0.0006879,11
0.000688,11
0.0006881,11
0.0006882,11
0.0006883,11
0.0006884,11
0.0006885,10
0.0006886,10
0.0006887,10
0.0006888,10
0.0006889,10
0.000689,10
0.0006891,10
0.0006892,10
0.0006893,10
0.0006894,10
0.0006895,10
0.0006896,10
0.0006897,10
0.0006898,10
0.0006899,10
0.00069,10
0.0006901,10
0.0006902,10
0.0006903,10
0.0006904,10
0.0006905,10
0.0006906,10
0.0006907,10
0.0006908,10
0.0006909,10
0.000691,10
0.0006911,10
0.0006912,10
0.0006913,10
0.0006914,10
0.0006915,10
0.0006916,10
0.0006917,10
0.0006918,10
0.0006919,10
0.000692,10
0.0006921,10
0.0006922,10
0.0006923,10
0.0006924,9
0.0006925,9
0.0006926,9
0.0006927,9
0.0006928,9
0.0006929,9
0.000693,9
0.0006931,9
0.0006932,9
0.0006933,9
0.0006934,9
0.0006935,9
0.0006936,9
0.0006937,9
0.0006938,9
0.0006939,9
0.000694,9
0.0006941,9
0.0006942,9
0.0006943,9
0.0006944,9
0.0006945,9
0.0006946,9
0.0006947,9
0.0006948,9
0.0006949,9
0.000695,9
0.0006951,9
0.0006952,9
0.0006953,9
0.0006954,8
0.0006955,8
0.0006956,8
0.0006957,8
0.0006958,8
0.0006959,8
0.000696,8
0.0006961,8
0.0006962,8
0.0006963,8
0.0006964,8
0.0006965,8
0.0006966,8
0.0006967,8
0.0006968,8
0.0006969,8
0.000697,8
0.0006971,8
0.0006972,8
0.0006973,8
0.0006974,8
0.0006975,8
0.0006976,8
0.0006977,8
0.0006978,8
0.0006979,8
0.000698,8
0.0006981,8
0.0006982,8
0.0006983,8
0.0006984,8
0.0006985,8
0.0006986,8
0.0006987,8
0.0006988,8
0.0006989,8
0.000699,8
0.0006991,8
0.0006992,8
0.0006993,7
0.0006994,7
0.0006995,7
0.0006996,7
0.0006997,7
0.0006998,7
0.0006999,7
0.0007,7
0.0007001,7
0.0007002,7
0.0007003,7
0.0007004,7
0.0007005,7
0.0007006,7
0.0007007,7
0.0007008,7
0.0007009,7
0.000701,7
0.0007011,7
0.0007012,7
0.0007013,7
0.0007014,7
0.0007015,7
0.0007016,7
0.0007017,7
0.0007018,7
0.0007019,7
0.000702,7
0.0007021,7
0.0007022,7
0.0007023,7
0.0007024,7
0.0007025,7
0.0007026,7
0.0007027,7
0.0007028,7
0.0007029,7
0.000703,7
0.0007031,7
0.0007032,6
0.0007033,6
0.0007034,6
0.0007035,6
0.0007036,6
0.0007037,6
0.0007038,6
0.0007039,6
0.000704,6
0.0007041,6
0.0007042,6
0.0007043,6
0.0007044,6
0.0007045,6
0.0007046,6
0.0007047,6
0.0007048,6
0.0007049,6
0.000705,6
0.0007051,6
0.0007052,6
0.0007053,6
0.0007054,6
0.0007055,6
0.0007056,6
0.0007057,6
0.0007058,6
0.0007059,6
0.000706,6
0.0007061,6
0.0007062,6
0.0007063,6
0.0007064,6
0.0007065,6
0.0007066,6
0.0007067,6
0.0007068,6
0.0007069,6
0.000707,6
0.0007071,6
0.0007072,6
0.0007073,6
0.0007074,6
0.0007075,6
0.0007076,6
0.0007077,6
0.0007078,6
0.0007079,6
0.000708,6
0.0007081,5
0.0007082,5
0.0007083,5
0.0007084,5
0.0007085,5
0.0007086,5
0.0007087,5
0.0007088,5
0.0007089,5
0.000709,5
0.0007091,5
0.0007092,5
0.0007093,5
0.0007094,5
0.0007095,5
0.0007096,5
0.0007097,5
0.0007098,5
0.0007099,5
0.00071,5
0.0007101,5
0.0007102,5
0.0007103,5
0.0007104,5
0.0007105,5
0.0007106,5
0.0007107,5
0.0007108,5
0.0007109,5
0.000711,5
0.0007111,5
0.0007112,5
0.0007113,5
0.0007114,5
0.0007115,5
0.0007116,5
0.0007117,5
0.0007118,5
0.0007119,5
0.000712,5
0.0007121,5
0.0007122,5
0.0007123,5
0.0007124,5
0.0007125,5
0.0007126,5
0.0007127,5
0.0007128,5
0.0007129,4
0.000713,4
0.0007131,4
0.0007132,4
0.0007133,4
0.0007134,4
0.0007135,4
0.0007136,4
0.0007137,4
0.0007138,4
0.0007139,4
0.000714,4
0.0007141,4
0.0007142,4
0.0007143,4
0.0007144,4
0.0007145,4
0.0007146,4
0.0007147,4
0.0007148,4
0.0007149,4
0.000715,4
0.0007151,4
0.0007152,4
0.0007153,4
0.0007154,4
0.0007155,4
0.0007156,4
0.0007157,4
0.0007158,4
0.0007159,4
0.000716,4
0.0007161,4
0.0007162,4
0.0007163,4
0.0007164,4
0.0007165,4
0.0007166,4
0.0007167,4
0.0007168,4
0.0007169,4
0.000717,4
0.0007171,4
0.0007172,4
0.0007173,4
0.0007174,4
0.0007175,4
0.0007176,4
0.0007177,4
0.0007178,4
0.0007179,4
0.000718,4
0.0007181,4
0.0007182,4
0.0007183,4
0.0007184,4
0.0007185,4
0.0007186,4
0.0007187,4
0.0007188,3
0.0007189,3
0.000719,3
0.0007191,3
0.0007192,3
0.0007193,3
0.0007194,3
0.0007195,3
0.0007196,3
0.0007197,3
0.0007198,3
0.0007199,3
0.00072,3
0.0007201,3
0.0007202,3
0.0007203,3
0.0007204,3
0.0007205,3
0.0007206,3
0.0007207,3
0.0007208,3
0.0007209,3
0.000721,3
0.0007211,3
0.0007212,3
0.0007213,3
0.0007214,3
0.0007215,3
0.0007216,3
0.0007217,3
0.0007218,3
0.0007219,3
0.000722,3
0.0007221,3
0.0007222,3
0.0007223,3
0.0007224,3
0.0007225,3
0.0007226,3
0.0007227,3
0.0007228,3
0.0007229,3
0.000723,3
0.0007231,3
0.0007232,3
0.0007233,3
0.0007234,3
0.0007235,3
0.0007236,3
0.0007237,3
0.0007238,3
0.0007239,3
0.000724,3
0.0007241,3
0.0007242,3
0.0007243,3
0.0007244,3
0.0007245,3
0.0007246,3
0.0007247,3
0.0007248,3
0.0007249,3
0.000725,3
0.0007251,3
0.0007252,3
0.0007253,3
0.0007254,3
0.0007255,3
0.0007256,2
0.0007257,2
0.0007258,2
0.0007259,2
0.000726,2
0.0007261,2
0.0007262,2
0.0007263,2
0.0007264,2
0.0007265,2
0.0007266,2
0.0007267,2
0.0007268,2
0.0007269,2
0.000727,2
0.0007271,2
0.0007272,2
0.0007273,2
0.0007274,2
0.0007275,2
0.0007276,2
0.0007277,2
0.0007278,2
0.0007279,2
0.000728,2
0.0007281,2
0.0007282,2
0.0007283,2
0.0007284,2
0.0007285,2
0.0007286,2
0.0007287,2
0.0007288,2
0.0007289,2
0.000729,2
0.0007291,2
0.0007292,2
0.0007293,2
0.0007294,2
0.0007295,2
0.0007296,2
0.0007297,2
0.0007298,2
0.0007299,2
0.00073,2
0.0007301,2
0.0007302,2
0.0007303,2
0.0007304,2
0.0007305,2
0.0007306,2
0.0007307,2
0.0007308,2
0.0007309,2
0.000731,2
0.0007311,2
0.0007312,2
0.0007313,2
0.0007314,2
0.0007315,2
0.0007316,2
0.0007317,2
0.0007318,2
0.0007319,2
0.000732,2
0.0007321,2
0.0007322,2
0.0007323,2
0.0007324,2
0.0007325,2
0.0007326,2
0.0007327,2
0.0007328,2
0.0007329,2
0.000733,2
0.0007331,2
0.0007332,2
0.0007333,2
0.0007334,2
0.0007335,2
0.0007336,2
0.0007337,2
0.0007338,2
0.0007339,2
0.000734,2
0.0007341,2
0.0007342,2
0.0007343,2
0.0007344,2
0.0007345,2
0.0007346,2
0.0007347,2
0.0007348,2
0.0007349,2
0.000735,2
0.0007351,2
0.0007352,2
0.0007353,2
0.0007354,2
0.0007355,2
0.0007356,2
0.0007357,2
0.0007358,2
0.0007359,2
0.000736,2
0.0007361,2
0.0007362,2
0.0007363,2
0.0007364,1
0.0007365,1
0.0007366,1
0.0007367,1
0.0007368,1
0.0007369,1
0.000737,1
0.0007371,1
0.0007372,1
0.0007373,1
0.0007374,1
0.0007375,1
0.0007376,1
0.0007377,1
0.0007378,1
0.0007379,1
0.000738,1
0.0007381,1
0.0007382,1
0.0007383,1
0.0007384,1
0.0007385,1
0.0007386,1
0.0007387,1
0.0007388,1
0.0007389,1
0.000739,1
0.0007391,1
0.0007392,1
0.0007393,1
0.0007394,1
0.0007395,1
0.0007396,1
0.0007397,1
0.0007398,1
0.0007399,1
0.00074,1
0.0007401,1
0.0007402,1
0.0007403,1
0.0007404,1
0.0007405,1
0.0007406,1
0.0007407,1
0.0007408,1
0.0007409,1
0.000741,1
0.0007411,1
0.0007412,1
0.0007413,1
0.0007414,1
0.0007415,1
0.0007416,1
0.0007417,1
0.0007418,1
0.0007419,1
0.000742,1
0.0007421,1
0.0007422,1
0.0007423,1
0.0007424,1
0.0007425,1
0.0007426,1
0.0007427,1
0.0007428,1
0.0007429,1
0.000743,1
0.0007431,1
0.0007432,1
0.0007433,1
0.0007434,1
0.0007435,1
0.0007436,1
0.0007437,1
0.0007438,1
0.0007439,1
0.000744,1
0.0007441,1
0.0007442,1
0.0007443,1
0.0007444,1
0.0007445,1
0.0007446,1
0.0007447,1
0.0007448,1
0.0007449,1
0.000745,1
0.0007451,1
0.0007452,1
0.0007453,1
0.0007454,1
0.0007455,1
0.0007456,1
0.0007457,1
0.0007458,1
0.0007459,1
0.000746,1
0.0007461,1
0.0007462,1
0.0007463,1
0.0007464,1
0.0007465,1
0.0007466,1
0.0007467,1
0.0007468,1
0.0007469,1
0.000747,1
0.0007471,1
0.0007472,1
0.0007473,1
0.0007474,1
0.0007475,1
0.0007476,1
0.0007477,1
0.0007478,1
0.0007479,1
0.000748,1
0.0007481,1
0.0007482,1
0.0007483,1
0.0007484,1
0.0007485,1
0.0007486,1
0.0007487,1
0.0007488,1
0.0007489,1
0.000749,1
0.0007491,1
0.0007492,1
0.0007493,1
0.0007494,1
0.0007495,1
0.0007496,1
0.0007497,1
0.0007498,1
0.0007499,1
0.00075,1
0.0007501,1
0.0007502,1
0.0007503,1
0.0007504,1
0.0007505,1
0.0007506,1
0.0007507,1
0.0007508,1
0.0007509,1
0.000751,1
0.0007511,1
0.0007512,1
0.0007513,1
0.0007514,1
0.0007515,1
0.0007516,1
0.0007517,1
0.0007518,1
0.0007519,1
0.000752,1
0.0007521,1
0.0007522,1
0.0007523,1
0.0007524,1
0.0007525,1
0.0007526,1
0.0007527,1
0.0007528,1
0.0007529,1
0.000753,1
0.0007531,1
0.0007532,1
0.0007533,1
0.0007534,1
0.0007535,1
0.0007536,1
0.0007537,1
0.0007538,1
0.0007539,1
0.000754,1
0.0007541,1
0.0007542,1
0.0007543,1
0.0007544,1
0.0007545,1
0.0007546,1
0.0007547,1
0.0007548,1
0.0007549,1
0.000755,1
0.0007551,1
0.0007552,1
0.0007553,1
0.0007554,1
0.0007555,1
0.0007556,1
0.0007557,1
0.0007558,1
0.0007559,1
0.000756,1
0.0007561,1
0.0007562,1
0.0007563,1
0.0007564,1
0.0007565,1
0.0007566,1
0.0007567,1
0.0007568,1
0.0007569,1
0.000757,1
0.0007571,1
0.0007572,1
0.0007573,1
0.0007574,1
0.0007575,1
0.0007576,1
0.0007577,1
0.0007578,1
0.0007579,1
0.000758,1
0.0007581,1
0.0007582,1
0.0007583,1
0.0007584,1
0.0007585,1
0.0007586,1
0.0007587,1
0.0007588,1
0.0007589,1
0.000759,1
0.0007591,1
0.0007592,1
0.0007593,1
0.0007594,1
0.0007595,1
0.0007596,1
0.0007597,1
0.0007598,1
0.0007599,1
0.00076,1
0.0007601,1
0.0007602,1
0.0007603,1
0.0007604,1
0.0007605,1
0.0007606,1
0.0007607,1
0.0007608,1
0.0007609,1
0.000761,1
0.0007611,1
0.0007612,1
0.0007613,1
0.0007614,1
0.0007615,1
0.0007616,1
0.0007617,1
0.0007618,1
0.0007619,1
0.000762,1
0.0007621,1
0.0007622,1
0.0007623,1
0.0007624,1
0.0007625,1
0.0007626,1
0.0007627,1
0.0007628,1
0.0007629,1
0.000763,1
0.0007631,1
0.0007632,1
0.0007633,1
0.0007634,1
0.0007635,1
0.0007636,1
0.0007637,1
0.0007638,1
0.0007639,1
0.000764,1
0.0007641,1
0.0007642,1
0.0007643,1
0.0007644,1
0.0007645,1
0.0007646,1
0.0007647,2
0.0007648,2
0.0007649,2
0.000765,2
0.0007651,2
0.0007652,2
0.0007653,2
0.0007654,2
0.0007655,2
0.0007656,2
0.0007657,2
0.0007658,2
0.0007659,2
0.000766,2
0.0007661,2
0.0007662,2
0.0007663,2
0.0007664,2
0.0007665,2
0.0007666,2
0.0007667,2
0.0007668,2
0.0007669,2
0.000767,2
0.0007671,2
0.0007672,2
0.0007673,2
0.0007674,2
0.0007675,2
0.0007676,2
0.0007677,2
0.0007678,2
0.0007679,2
0.000768,2
0.0007681,2
0.0007682,2
0.0007683,2
0.0007684,2
0.0007685,2
0.0007686,2
0.0007687,2
0.0007688,2
0.0007689,2
0.000769,2
0.0007691,2
0.0007692,2
0.0007693,2
0.0007694,2
0.0007695,2
0.0007696,2
0.0007697,2
0.0007698,2
0.0007699,2
0.00077,2
0.0007701,2
0.0007702,2
0.0007703,2
0.0007704,2
0.0007705,2
0.0007706,2
0.0007707,2
0.0007708,2
0.0007709,2
0.000771,2
0.0007711,2
0.0007712,2
0.0007713,2
0.0007714,2
0.0007715,2
0.0007716,2
0.0007717,2
0.0007718,2
0.0007719,2
0.000772,2
0.0007721,2
0.0007722,2
0.0007723,2
0.0007724,2
0.0007725,2
0.0007726,2
0.0007727,2
0.0007728,2
0.0007729,2
0.000773,2
0.0007731,2
0.0007732,2
0.0007733,2
0.0007734,2
0.0007735,2
0.0007736,2
0.0007737,2
0.0007738,2
0.0007739,2
0.000774,2
0.0007741,2
0.0007742,2
0.0007743,2
0.0007744,2
0.0007745,2
0.0007746,2
0.0007747,2
0.0007748,2
0.0007749,2
0.000775,2
0.0007751,2
0.0007752,2
0.0007753,2
0.0007754,3
0.0007755,3
0.0007756,3
0.0007757,3
0.0007758,3
0.0007759,3
0.000776,3
0.0007761,3
0.0007762,3
0.0007763,3
0.0007764,3
0.0007765,3
0.0007766,3
0.0007767,3
0.0007768,3
0.0007769,3
0.000777,3
0.0007771,3
0.0007772,3
0.0007773,3
0.0007774,3
0.0007775,3
0.0007776,3
0.0007777,3
0.0007778,3
0.0007779,3
0.000778,3
0.0007781,3
0.0007782,3
0.0007783,3
0.0007784,3
0.0007785,3
0.0007786,3
0.0007787,3
0.0007788,3
0.0007789,3
0.000779,3
0.0007791,3
0.0007792,3
0.0007793,3
0.0007794,3
0.0007795,3
0.0007796,3
0.0007797,3
0.0007798,3
0.0007799,3
0.00078,3
0.0007801,3
0.0007802,3
0.0007803,3
0.0007804,3
0.0007805,3
0.0007806,3
0.0007807,3
0.0007808,3
0.0007809,3
0.000781,3
0.0007811,3
0.0007812,3
0.0007813,3
0.0007814,3
0.0007815,3
0.0007816,3
0.0007817,3
0.0007818,3
0.0007819,3
0.000782,3
0.0007821,3
0.0007822,3
0.0007823,4
0.0007824,4
0.0007825,4
0.0007826,4
0.0007827,4
0.0007828,4
0.0007829,4
0.000783,4
0.0007831,4
0.0007832,4
0.0007833,4
0.0007834,4
0.0007835,4
0.0007836,4
0.0007837,4
0.0007838,4
0.0007839,4
0.000784,4
0.0007841,4
0.0007842,4
0.0007843,4
0.0007844,4
0.0007845,4
0.0007846,4
0.0007847,4
0.0007848,4
0.0007849,4
0.000785,4
0.0007851,4
0.0007852,4
0.0007853,4
0.0007854,4
0.0007855,4
0.0007856,4
0.0007857,4
0.0007858,4
0.0007859,4
0.000786,4
0.0007861,4
0.0007862,4
0.0007863,4
0.0007864,4
0.0007865,4
0.0007866,4
0.0007867,4
0.0007868,4
0.0007869,4
0.000787,4
0.0007871,4
0.0007872,4
0.0007873,4
0.0007874,4
0.0007875,4
0.0007876,4
0.0007877,4
0.0007878,4
0.0007879,4
0.000788,4
0.0007881,5
0.0007882,5
0.0007883,5
0.0007884,5
0.0007885,5
0.0007886,5
0.0007887,5
0.0007888,5
0.0007889,5
0.000789,5
0.0007891,5
0.0007892,5
0.0007893,5
0.0007894,5
0.0007895,5
0.0007896,5
0.0007897,5
0.0007898,5
0.0007899,5
0.00079,5
0.0007901,5
0.0007902,5
0.0007903,5
0.0007904,5
0.0007905,5
0.0007906,5
0.0007907,5
0.0007908,5
0.0007909,5
0.000791,5
0.0007911,5
0.0007912,5
0.0007913,5
0.0007914,5
0.0007915,5
0.0007916,5
0.0007917,5
0.0007918,5
0.0007919,5
0.000792,5
0.0007921,5
0.0007922,5
0.0007923,5
0.0007924,5
0.0007925,5
0.0007926,5
0.0007927,5
0.0007928,5
0.0007929,5
0.000793,6
0.0007931,6
0.0007932,6
0.0007933,6
0.0007934,6
0.0007935,6
0.0007936,6
0.0007937,6
0.0007938,6
0.0007939,6
0.000794,6
0.0007941,6
0.0007942,6
0.0007943,6
0.0007944,6
0.0007945,6
0.0007946,6
0.0007947,6
0.0007948,6
0.0007949,6
0.000795,6
0.0007951,6
0.0007952,6
0.0007953,6
0.0007954,6
0.0007955,6
0.0007956,6
0.0007957,6
0.0007958,6
0.0007959,6
0.000796,6
0.0007961,6
0.0007962,6
0.0007963,6
0.0007964,6
0.0007965,6
0.0007966,6
0.0007967,6
0.0007968,6
0.0007969,6
0.000797,6
0.0007971,6
0.0007972,6
0.0007973,6
0.0007974,6
0.0007975,6
0.0007976,6
0.0007977,6
0.0007978,6
0.0007979,7
0.000798,7
0.0007981,7
0.0007982,7
0.0007983,7
0.0007984,7
0.0007985,7
0.0007986,7
0.0007987,7
0.0007988,7
0.0007989,7
0.000799,7
0.0007991,7
0.0007992,7
0.0007993,7
0.0007994,7
0.0007995,7
0.0007996,7
0.0007997,7
0.0007998,7
0.0007999,7
0.0008,7
0.0008001,7
0.0008002,7
0.0008003,7
0.0008004,7
0.0008005,7
0.0008006,7
0.0008007,7
0.0008008,7
0.0008009,7
0.000801,7
0.0008011,7
0.0008012,7
0.0008013,7
0.0008014,7
0.0008015,7
0.0008016,7
0.0008017,7
0.0008018,8
0.0008019,8
0.000802,8
0.0008021,8
0.0008022,8
0.0008023,8
0.0008024,8
0.0008025,8
0.0008026,8
0.0008027,8
0.0008028,8
0.0008029,8
0.000803,8
0.0008031,8
0.0008032,8
0.0008033,8
0.0008034,8
0.0008035,8
0.0008036,8
0.0008037,8
0.0008038,8
0.0008039,8
0.000804,8
0.0008041,8
0.0008042,8
0.0008043,8
0.0008044,8
0.0008045,8
0.0008046,8
0.0008047,8
0.0008048,8
0.0008049,8
0.000805,8
0.0008051,8
0.0008052,8
0.0008053,8
0.0008054,8
0.0008055,8
0.0008056,8
0.0008057,9
0.0008058,9
0.0008059,9
0.000806,9
0.0008061,9
0.0008062,9
0.0008063,9
0.0008064,9
0.0008065,9
0.0008066,9
0.0008067,9
0.0008068,9
0.0008069,9
0.000807,9
0.0008071,9
0.0008072,9
0.0008073,9
0.0008074,9
0.0008075,9
0.0008076,9
0.0008077,9
0.0008078,9
0.0008079,9
0.000808,9
0.0008081,9
0.0008082,9
0.0008083,9
0.0008084,9
0.0008085,9
0.0008086,10
0.0008087,10
0.0008088,10
0.0008089,10
0.000809,10
0.0008091,10
0.0008092,10
0.0008093,10
0.0008094,10
0.0008095,10
0.0008096,10
0.0008097,10
0.0008098,10
0.0008099,10
0.00081,10
0.0008101,10
0.0008102,10
0.0008103,10
0.0008104,10
0.0008105,10
0.0008106,10
0.0008107,10
0.0008108,10
0.0008109,10
0.000811,10
0.0008111,10
0.0008112,10
0.0008113,10
0.0008114,10
0.0008115,10
0.0008116,10
0.0008117,10
0.0008118,10
0.0008119,10
0.000812,10
0.0008121,10
0.0008122,10
0.0008123,10
0.0008124,10
0.0008125,10
0.0008126,11
0.0008127,11
0.0008128,11
0.0008129,11
0.000813,11
0.0008131,11
0.0008132,11
0.0008133,11
0.0008134,11
0.0008135,11
0.0008136,11
0.0008137,11
0.0008138,11
0.0008139,11
0.000814,11
0.0008141,11
0.0008142,11
0.0008143,11
0.0008144,11
0.0008145,11
0.0008146,11
0.0008147,11
0.0008148,11
0.0008149,11
0.000815,11
0.0008151,11
0.0008152,11
0.0008153,11
0.0008154,11
0.0008155,12
0.0008156,12
0.0008157,12
0.0008158,12
0.0008159,12
0.000816,12
0.0008161,12
0.0008162,12
0.0008163,12
0.0008164,12
0.0008165,12
0.0008166,12
0.0008167,12
0.0008168,12
0.0008169,12
0.000817,12
0.0008171,12
0.0008172,12
0.0008173,12
0.0008174,12
0.0008175,12
0.0008176,12
0.0008177,12
0.0008178,12
0.0008179,12
0.000818,12
0.0008181,12
0.0008182,12
0.0008183,12
0.0008184,13
0.0008185,13
0.0008186,13
0.0008187,13
0.0008188,13
0.0008189,13
0.000819,13
0.0008191,13
0.0008192,13
0.0008193,13
0.0008194,13
0.0008195,13
0.0008196,13
0.0008197,13
0.0008198,13
0.0008199,13
0.00082,13
0.0008201,13
0.0008202,13
0.0008203,13
0.0008204,13
0.0008205,13
0.0008206,13
0.0008207,13
0.0008208,13
0.0008209,13
0.000821,13
0.0008211,13
0.0008212,13
0.0008213,14
0.0008214,14
0.0008215,14
0.0008216,14
0.0008217,14
0.0008218,14
0.0008219,14
0.000822,14
0.0008221,14
0.0008222,14
0.0008223,14
0.0008224,14
0.0008225,14
0.0008226,14
0.0008227,14
0.0008228,14
0.0008229,14
0.000823,14
0.0008231,14
0.0008232,14
0.0008233,14
0.0008234,14
0.0008235,14
0.0008236,14
0.0008237,14
0.0008238,14
0.0008239,14
0.000824,14
0.0008241,14
0.0008242,14
0.0008243,15
0.0008244,15
0.0008245,15
0.0008246,15
0.0008247,15
0.0008248,15
0.0008249,15
0.000825,15
0.0008251,15
0.0008252,15
0.0008253,15
0.0008254,15
0.0008255,15
0.0008256,15
0.0008257,15
0.0008258,15
0.0008259,15
0.000826,15
0.0008261,15
0.0008262,15
0.0008263,15
0.0008264,15
0.0008265,15
0.0008266,15
0.0008267,15
0.0008268,15
0.0008269,15
0.000827,15
0.0008271,15
0.0008272,16
0.0008273,16
0.0008274,16
0.0008275,16
0.0008276,16
0.0008277,16
0.0008278,16
0.0008279,16
0.000828,16
0.0008281,16
0.0008282,16
0.0008283,16
0.0008284,16
0.0008285,16
0.0008286,16
0.0008287,16
0.0008288,16
0.0008289,16
0.000829,16
0.0008291,16
0.0008292,16
0.0008293,16
0.0008294,16
0.0008295,16
0.0008296,16
0.0008297,16
0.0008298,16
0.0008299,16
0.00083,16
0.0008301,17
0.0008302,17
0.0008303,17
0.0008304,17
0.0008305,17
0.0008306,17
0.0008307,17
0.0008308,17
0.0008309,17
0.000831,17
0.0008311,17
0.0008312,17
0.0008313,17
0.0008314,17
0.0008315,17
0.0008316,17
0.0008317,17
0.0008318,17
0.0008319,17
0.000832,17
0.0008321,17
0.0008322,17
0.0008323,17
0.0008324,17
0.0008325,17
0.0008326,17
0.0008327,17
0.0008328,17
0.0008329,17
0.000833,17
0.0008331,18
0.0008332,18
0.0008333,18
0.0008334,18
0.0008335,18
0.0008336,18
0.0008337,18
0.0008338,18
0.0008339,18
0.000834,18
0.0008341,18
0.0008342,18
0.0008343,18
0.0008344,18
0.0008345,18
0.0008346,18
0.0008347,18
0.0008348,18
0.0008349,18
0.000835,19
0.0008351,19
0.0008352,19
0.0008353,19
0.0008354,19
0.0008355,19
0.0008356,19
0.0008357,19
0.0008358,19
0.0008359,19
0.000836,19
0.0008361,19
0.0008362,19
0.0008363,19
0.0008364,19
0.0008365,19
0.0008366,19
0.0008367,19
0.0008368,19
0.0008369,19
0.000837,19
0.0008371,19
0.0008372,19
0.0008373,19
0.0008374,19
0.0008375,19
0.0008376,19
0.0008377,19
0.0008378,19
0.0008379,20
0.000838,20
0.0008381,20
0.0008382,20
0.0008383,20
0.0008384,20
0.0008385,20
0.0008386,20
0.0008387,20
0.0008388,20
0.0008389,20
0.000839,20
0.0008391,20
0.0008392,20
0.0008393,20
0.0008394,20
0.0008395,20
0.0008396,20
0.0008397,20
0.0008398,20
0.0008399,21
0.00084,21
0.0008401,21
0.0008402,21
0.0008403,21
0.0008404,21
0.0008405,21
0.0008406,21
0.0008407,21
0.0008408,21
0.0008409,21
0.000841,21
0.0008411,21
0.0008412,21
0.0008413,21
0.0008414,21
0.0008415,21
0.0008416,21
0.0008417,21
0.0008418,22
0.0008419,22
0.000842,22
0.0008421,22
0.0008422,22
0.0008423,22
0.0008424,22
0.0008425,22
0.0008426,22
0.0008427,22
0.0008428,22
0.0008429,22
0.000843,22
0.0008431,22
0.0008432,22
0.0008433,22
0.0008434,22
0.0008435,22
0.0008436,22
0.0008437,22
0.0008438,22
0.0008439,22
0.000844,22
0.0008441,22
0.0008442,22
0.0008443,22
0.0008444,22
0.0008445,22
0.0008446,22
0.0008447,22
0.0008448,23
0.0008449,23
0.000845,23
0.0008451,23
0.0008452,23
0.0008453,23
0.0008454,23
0.0008455,23
0.0008456,23
0.0008457,23
0.0008458,23
0.0008459,23
0.000846,23
0.0008461,23
0.0008462,23
0.0008463,23
0.0008464,23
0.0008465,23
0.0008466,23
0.0008467,24
0.0008468,24
0.0008469,24
0.000847,24
0.0008471,24
0.0008472,24
0.0008473,24
0.0008474,24
0.0008475,24
0.0008476,24
0.0008477,24
0.0008478,24
0.0008479,24
0.000848,24
0.0008481,24
0.0008482,24
0.0008483,24
0.0008484,24
0.0008485,24
0.0008486,24
0.0008487,25
0.0008488,25
0.0008489,25
0.000849,25
0.0008491,25
0.0008492,25
0.0008493,25
0.0008494,25
0.0008495,25
0.0008496,25
0.0008497,25
0.0008498,25
0.0008499,25
0.00085,25
0.0008501,25
0.0008502,25
0.0008503,25
0.0008504,25
0.0008505,25
0.0008506,26
0.0008507,26
0.0008508,26
0.0008509,26
0.000851,26
0.0008511,26
0.0008512,26
0.0008513,26
0.0008514,26
0.0008515,26
0.0008516,26
0.0008517,26
0.0008518,26
0.0008519,26
0.000852,26
0.0008521,26
0.0008522,26
0.0008523,26
0.0008524,26
0.0008525,26
0.0008526,26
0.0008527,26
0.0008528,26
0.0008529,26
0.000853,26
0.0008531,26
0.0008532,26
0.0008533,26
0.0008534,26
0.0008535,26
0.0008536,27
0.0008537,27
0.0008538,27
0.0008539,27
0.000854,27
0.0008541,27
0.0008542,27
0.0008543,27
0.0008544,27
0.0008545,27
0.0008546,27
0.0008547,27
0.0008548,27
0.0008549,27
0.000855,27
0.0008551,27
0.0008552,27
0.0008553,27
0.0008554,27
0.0008555,28
0.0008556,28
0.0008557,28
0.0008558,28
0.0008559,28
0.000856,28
0.0008561,28
0.0008562,28
0.0008563,28
0.0008564,28
0.0008565,28
0.0008566,28
0.0008567,28
0.0008568,28
0.0008569,28
0.000857,28
0.0008571,28
0.0008572,28
0.0008573,28
0.0008574,28
0.0008575,29
0.0008576,29
0.0008577,29
0.0008578,29
0.0008579,29
0.000858,29
0.0008581,29
0.0008582,29
0.0008583,29
0.0008584,29
0.0008585,29
0.0008586,29
0.0008587,29
0.0008588,29
0.0008589,29
0.000859,29
0.0008591,29
0.0008592,29
0.0008593,29
0.0008594,30
0.0008595,30
0.0008596,30
0.0008597,30
0.0008598,30
0.0008599,30
0.00086,30
0.0008601,30
0.0008602,30
0.0008603,30
0.0008604,30
0.0008605,30
0.0008606,30
0.0008607,30
0.0008608,30
0.0008609,30
0.000861,30
0.0008611,30
0.0008612,30
0.0008613,30
0.0008614,31
0.0008615,31
0.0008616,31
0.0008617,31
0.0008618,31
0.0008619,31
0.000862,31
0.0008621,31
0.0008622,31
0.0008623,31
0.0008624,31
0.0008625,31
0.0008626,31
0.0008627,31
0.0008628,31
0.0008629,31
0.000863,31
0.0008631,31
0.0008632,31
0.0008633,32
0.0008634,32
0.0008635,32
0.0008636,32
0.0008637,32
0.0008638,32
0.0008639,32
0.000864,32
0.0008641,32
0.0008642,32
0.0008643,32
0.0008644,32
0.0008645,32
0.0008646,32
0.0008647,32
0.0008648,32
0.0008649,32
0.000865,32
0.0008651,32
0.0008652,32
0.0008653,33
0.0008654,33
0.0008655,33
0.0008656,33
0.0008657,33
0.0008658,33
0.0008659,33
0.000866,33
0.0008661,33
0.0008662,33
0.0008663,33
0.0008664,33
0.0008665,33
0.0008666,33
0.0008667,33
0.0008668,33
0.0008669,33
0.000867,33
0.0008671,33
0.0008672,34
0.0008673,34
0.0008674,34
0.0008675,34
0.0008676,34
0.0008677,34
0.0008678,34
0.0008679,34
0.000868,34
0.0008681,34
0.0008682,34
0.0008683,34
0.0008684,34
0.0008685,34
0.0008686,34
0.0008687,34
0.0008688,34
0.0008689,34
0.000869,34
0.0008691,34
0.0008692,35
0.0008693,35
0.0008694,35
0.0008695,35
0.0008696,35
0.0008697,35
0.0008698,35
0.0008699,35
0.00087,35
0.0008701,35
0.0008702,35
0.0008703,35
0.0008704,35
0.0008705,35
0.0008706,35
0.0008707,35
0.0008708,35
0.0008709,35
0.000871,35
0.0008711,36
0.0008712,36
0.0008713,36
0.0008714,36
0.0008715,36
0.0008716,36
0.0008717,36
0.0008718,36
0.0008719,36
0.000872,36
0.0008721,37
0.0008722,37
0.0008723,37
0.0008724,37
0.0008725,37
0.0008726,37
0.0008727,37
0.0008728,37
0.0008729,37
0.000873,37
0.0008731,37
0.0008732,37
0.0008733,37
0.0008734,37
0.0008735,37
0.0008736,37
0.0008737,37
0.0008738,37
0.0008739,37
0.000874,37
0.0008741,38
0.0008742,38
0.0008743,38
0.0008744,38
0.0008745,38
0.0008746,38
0.0008747,38
0.0008748,38
0.0008749,38
0.000875,38
0.0008751,38
0.0008752,38
0.0008753,38
0.0008754,38
0.0008755,38
0.0008756,38
0.0008757,38
0.0008758,38
0.0008759,38
0.000876,39
0.0008761,39
0.0008762,39
0.0008763,39
0.0008764,39
0.0008765,39
0.0008766,39
0.0008767,39
0.0008768,39
0.0008769,39
0.000877,39
0.0008771,39
0.0008772,39
0.0008773,39
0.0008774,39
0.0008775,39
0.0008776,39
0.0008777,39
0.0008778,39
0.0008779,39
0.000878,40
0.0008781,40
0.0008782,40
0.0008783,40
0.0008784,40
0.0008785,40
0.0008786,40
0.0008787,40
0.0008788,40
0.0008789,40
0.000879,40
0.0008791,40
0.0008792,40
0.0008793,40
0.0008794,40
0.0008795,40
0.0008796,40
0.0008797,40
0.0008798,40
0.0008799,41
0.00088,41
0.0008801,41
0.0008802,41
0.0008803,41
0.0008804,41
0.0008805,41
0.0008806,41
0.0008807,41
0.0008808,41
0.0008809,42
0.000881,42
0.0008811,42
0.0008812,42
0.0008813,42
0.0008814,42
0.0008815,42
0.0008816,42
0.0008817,42
0.0008818,42
0.0008819,42
0.000882,42
0.0008821,42
0.0008822,42
0.0008823,42
0.0008824,42
0.0008825,42
0.0008826,42
0.0008827,42
0.0008828,42
0.0008829,43
0.000883,43
0.0008831,43
0.0008832,43
0.0008833,43
0.0008834,43
0.0008835,43
0.0008836,43
0.0008837,43
0.0008838,43
0.0008839,43
0.000884,43
0.0008841,43
0.0008842,43
0.0008843,43
0.0008844,43
0.0008845,43
0.0008846,43
0.0008847,43
0.0008848,44
0.0008849,44
0.000885,44
0.0008851,44
0.0008852,44
0.0008853,44
0.0008854,44
0.0008855,44
0.0008856,44
0.0008857,44
0.0008858,44
0.0008859,44
0.000886,44
0.0008861,44
0.0008862,44
0.0008863,44
0.0008864,44
0.0008865,44
0.0008866,44
0.0008867,44
0.0008868,45
0.0008869,45
0.000887,45
0.0008871,45
0.0008872,45
0.0008873,45
0.0008874,45
0.0008875,45
0.0008876,45
0.0008877,46
0.0008878,46
0.0008879,46
0.000888,46
0.0008881,46
0.0008882,46
0.0008883,46
0.0008884,46
0.0008885,46
0.0008886,46
0.0008887,46
0.0008888,46
0.0008889,46
0.000889,46
0.0008891,46
0.0008892,46
0.0008893,46
0.0008894,46
0.0008895,46
0.0008896,46
0.0008897,47
0.0008898,47
0.0008899,47
0.00089,47
0.0008901,47
0.0008902,47
0.0008903,47
0.0008904,47
0.0008905,47
0.0008906,47
0.0008907,47
0.0008908,47
0.0008909,47
0.000891,47
0.0008911,47
0.0008912,47
0.0008913,47
0.0008914,47
0.0008915,47
0.0008916,47
0.0008917,48
0.0008918,48
0.0008919,48
0.000892,48
0.0008921,48
0.0008922,48
0.0008923,48
0.0008924,48
0.0008925,48
0.0008926,49
0.0008927,49
0.0008928,49
0.0008929,49
0.000893,49
0.0008931,49
0.0008932,49
0.0008933,49
0.0008934,49
0.0008935,49
0.0008936,49
0.0008937,49
0.0008938,49
0.0008939,49
0.000894,49
0.0008941,49
0.0008942,49
0.0008943,49
0.0008944,49
0.0008945,49
0.0008946,50
0.0008947,50
0.0008948,50
0.0008949,50
0.000895,50
0.0008951,50
0.0008952,50
0.0008953,50
0.0008954,50
0.0008955,50
0.0008956,50
0.0008957,50
0.0008958,50
0.0008959,50
0.000896,50
0.0008961,50
0.0008962,50
0.0008963,50
0.0008964,50
0.0008965,51
0.0008966,51
0.0008967,51
0.0008968,51
0.0008969,51
0.000897,51
0.0008971,51
0.0008972,51
0.0008973,51
0.0008974,51
0.0008975,52
0.0008976,52
0.0008977,52
0.0008978,52
0.0008979,52
0.000898,52
0.0008981,52
0.0008982,52
0.0008983,52
0.0008984,52
0.0008985,52
0.0008986,52
0.0008987,52
0.0008988,52
0.0008989,52
0.000899,52
0.0008991,52
0.0008992,52
0.0008993,52
0.0008994,52
0.0008995,53
0.0008996,53
0.0008997,53
0.0008998,53
0.0008999,53
0.0009,53
0.0009001,53
0.0009002,53
0.0009003,53
0.0009004,54
0.0009005,54
0.0009006,54
0.0009007,54
0.0009008,54
0.0009009,54
0.000901,54
0.0009011,54
0.0009012,54
0.0009013,54
0.0009014,54
0.0009015,54
0.0009016,54
0.0009017,54
0.0009018,54
0.0009019,54
0.000902,54
0.0009021,54
0.0009022,54
0.0009023,54
0.0009024,55
0.0009025,55
0.0009026,55
0.0009027,55
0.0009028,55
0.0009029,55
0.000903,55
0.0009031,55
0.0009032,55
0.0009033,55
0.0009034,56
0.0009035,56
0.0009036,56
0.0009037,56
0.0009038,56
0.0009039,56
0.000904,56
0.0009041,56
0.0009042,56
0.0009043,56
0.0009044,56
0.0009045,56
0.0009046,56
0.0009047,56
0.0009048,56
0.0009049,56
0.000905,56
0.0009051,56
0.0009052,56
0.0009053,57
0.0009054,57
0.0009055,57
0.0009056,57
0.0009057,57
0.0009058,57
0.0009059,57
0.000906,57
0.0009061,57
0.0009062,57
0.0009063,57
0.0009064,57
0.0009065,57
0.0009066,57
0.0009067,57
0.0009068,57
0.0009069,57
0.000907,57
0.0009071,57
0.0009072,57
0.0009073,58
0.0009074,58
0.0009075,58
0.0009076,58
0.0009077,58
0.0009078,58
0.0009079,58
0.000908,58
0.0009081,58
0.0009082,58
0.0009083,59
0.0009084,59
0.0009085,59
0.0009086,59
0.0009087,59
0.0009088,59
0.0009089,59
0.000909,59
0.0009091,59
0.0009092,59
0.0009093,59
0.0009094,59
0.0009095,59
0.0009096,59
0.0009097,59
0.0009098,59
0.0009099,59
0.00091,59
0.0009101,59
0.0009102,60
0.0009103,60
0.0009104,60
0.0009105,60
0.0009106,60
0.0009107,60
0.0009108,60
0.0009109,60
0.000911,60
0.0009111,60
0.0009112,61
0.0009113,61
0.0009114,61
0.0009115,61
0.0009116,61
0.0009117,61
0.0009118,61
0.0009119,61
0.000912,61
0.0009121,61
0.0009122,61
0.0009123,61
0.0009124,61
0.0009125,61
0.0009126,61
0.0009127,61
0.0009128,61
0.0009129,61
0.000913,61
0.0009131,62
0.0009132,62
0.0009133,62
0.0009134,62
0.0009135,62
0.0009136,62
0.0009137,62
0.0009138,62
0.0009139,62
0.000914,62
0.0009141,63
0.0009142,63
0.0009143,63
0.0009144,63
0.0009145,63
0.0009146,63
0.0009147,63
0.0009148,63
0.0009149,63
0.000915,63
0.0009151,63
0.0009152,63
0.0009153,63
0.0009154,63
0.0009155,63
0.0009156,63
0.0009157,63
0.0009158,63
0.0009159,63
0.000916,63
0.0009161,64
0.0009162,64
0.0009163,64
0.0009164,64
0.0009165,64
0.0009166,64
0.0009167,64
0.0009168,64
0.0009169,64
0.000917,65
0.0009171,65
0.0009172,65
0.0009173,65
0.0009174,65
0.0009175,65
0.0009176,65
0.0009177,65
0.0009178,65
0.0009179,65
0.000918,65
0.0009181,65
0.0009182,65
0.0009183,65
0.0009184,65
0.0009185,65
0.0009186,65
0.0009187,65
0.0009188,65
0.0009189,65
0.000919,66
0.0009191,66
0.0009192,66
0.0009193,66
0.0009194,66
0.0009195,66
0.0009196,66
0.0009197,66
0.0009198,66
0.0009199,66
0.00092,67
0.0009201,67
0.0009202,67
0.0009203,67
0.0009204,67
0.0009205,67
0.0009206,67
0.0009207,67
0.0009208,67
0.0009209,67
0.000921,67
0.0009211,67
0.0009212,67
0.0009213,67
0.0009214,67
0.0009215,67
0.0009216,67
0.0009217,67
0.0009218,67
0.0009219,68
0.000922,68
0.0009221,68
0.0009222,68
0.0009223,68
0.0009224,68
0.0009225,68
0.0009226,68
0.0009227,68
0.0009228,68
0.0009229,69
0.000923,69
0.0009231,69
0.0009232,69
0.0009233,69
0.0009234,69
0.0009235,69
0.0009236,69
0.0009237,69
0.0009238,69
0.0009239,70
0.000924,70
0.0009241,70
0.0009242,70
0.0009243,70
0.0009244,70
0.0009245,70
0.0009246,70
0.0009247,70
0.0009248,70
0.0009249,70
0.000925,70
0.0009251,70
0.0009252,70
0.0009253,70
0.0009254,70
0.0009255,70
0.0009256,70
0.0009257,70
0.0009258,71
0.0009259,71
0.000926,71
0.0009261,71
0.0009262,71
0.0009263,71
0.0009264,71
0.0009265,71
0.0009266,71
0.0009267,71
0.0009268,72
0.0009269,72
0.000927,72
0.0009271,72
0.0009272,72
0.0009273,72
0.0009274,72
0.0009275,72
0.0009276,72
0.0009277,72
0.0009278,72
0.0009279,72
0.000928,72
0.0009281,72
0.0009282,72
0.0009283,72
0.0009284,72
0.0009285,72
0.0009286,72
0.0009287,72
0.0009288,73
0.0009289,73
0.000929,73
0.0009291,73
0.0009292,73
0.0009293,73
0.0009294,73
0.0009295,73
0.0009296,73
0.0009297,74
0.0009298,74
0.0009299,74
0.00093,74
0.0009301,74
0.0009302,74
0.0009303,74
0.0009304,74
0.0009305,74
0.0009306,74
0.0009307,74
0.0009308,74
0.0009309,74
0.000931,74
0.0009311,74
0.0009312,74
0.0009313,74
0.0009314,74
0.0009315,74
0.0009316,74
0.0009317,75
0.0009318,75
0.0009319,75
0.000932,75
0.0009321,75
0.0009322,75
0.0009323,75
0.0009324,75
0.0009325,75
0.0009326,75
0.0009327,76
0.0009328,76
0.0009329,76
0.000933,76
0.0009331,76
0.0009332,76
0.0009333,76
0.0009334,76
0.0009335,76
0.0009336,77
0.0009337,77
0.0009338,77
0.0009339,77
0.000934,77
0.0009341,77
0.0009342,77
0.0009343,77
0.0009344,77
0.0009345,77
0.0009346,77
0.0009347,77
0.0009348,77
0.0009349,77
0.000935,77
0.0009351,77
0.0009352,77
0.0009353,77
0.0009354,77
0.0009355,77
0.0009356,78
0.0009357,78
0.0009358,78
0.0009359,78
0.000936,78
0.0009361,78
0.0009362,78
0.0009363,78
0.0009364,78
0.0009365,78
0.0009366,79
0.0009367,79
0.0009368,79
0.0009369,79
0.000937,79
0.0009371,79
0.0009372,79
0.0009373,79
0.0009374,79
0.0009375,79
0.0009376,79
0.0009377,79
0.0009378,79
0.0009379,79
0.000938,79
0.0009381,79
0.0009382,79
0.0009383,79
0.0009384,79
0.0009385,80
0.0009386,80
0.0009387,80
0.0009388,80
0.0009389,80
0.000939,80
0.0009391,80
0.0009392,80
0.0009393,80
0.0009394,80
0.0009395,81
0.0009396,81
0.0009397,81
0.0009398,81
0.0009399,81
0.00094,81
0.0009401,81
0.0009402,81
0.0009403,81
0.0009404,81
0.0009405,82
0.0009406,82
0.0009407,82
0.0009408,82
0.0009409,82
0.000941,82
0.0009411,82
0.0009412,82
0.0009413,82
0.0009414,82
0.0009415,82
0.0009416,82
0.0009417,82
0.0009418,82
0.0009419,82
0.000942,82
0.0009421,82
0.0009422,82
0.0009423,82
0.0009424,83
0.0009425,83
0.0009426,83
0.0009427,83
0.0009428,83
0.0009429,83
0.000943,83
0.0009431,83
0.0009432,83
0.0009433,83
0.0009434,84
0.0009435,84
0.0009436,84
0.0009437,84
0.0009438,84
0.0009439,84
0.000944,84
0.0009441,84
0.0009442,84
0.0009443,84
0.0009444,84
0.0009445,84
0.0009446,84
0.0009447,84
0.0009448,84
0.0009449,84
0.000945,84
0.0009451,84
0.0009452,84
0.0009453,84
0.0009454,85
0.0009455,85
0.0009456,85
0.0009457,85
0.0009458,85
0.0009459,85
0.000946,85
0.0009461,85
0.0009462,85
0.0009463,86
0.0009464,86
0.0009465,86
0.0009466,86
0.0009467,86
0.0009468,86
0.0009469,86
0.000947,86
0.0009471,86
0.0009472,86
0.0009473,87
0.0009474,87
0.0009475,87
0.0009476,87
0.0009477,87
0.0009478,87
0.0009479,87
0.000948,87
0.0009481,87
0.0009482,87
0.0009483,87
0.0009484,87
0.0009485,87
0.0009486,87
0.0009487,87
0.0009488,87
0.0009489,87
0.000949,87
0.0009491,87
0.0009492,87
0.0009493,88
0.0009494,88
0.0009495,88
0.0009496,88
0.0009497,88
0.0009498,88
0.0009499,88
0.00095,88
0.0009501,88
0.0009502,89
0.0009503,89
0.0009504,89
0.0009505,89
0.0009506,89
0.0009507,89
0.0009508,89
0.0009509,89
0.000951,89
0.0009511,89
0.0009512,90
0.0009513,90
0.0009514,90
0.0009515,90
0.0009516,90
0.0009517,90
0.0009518,90
0.0009519,90
0.000952,90
0.0009521,90
0.0009522,90
0.0009523,90
0.0009524,90
0.0009525,90
0.0009526,90
0.0009527,90
0.0009528,90
0.0009529,90
0.000953,90
0.0009531,90
0.0009532,91
0.0009533,91
0.0009534,91
0.0009535,91
0.0009536,91
0.0009537,91
0.0009538,91
0.0009539,91
0.000954,91
0.0009541,91
0.0009542,92
0.0009543,92
0.0009544,92
0.0009545,92
0.0009546,92
0.0009547,92
0.0009548,92
0.0009549,92
0.000955,92
0.0009551,93
0.0009552,93
0.0009553,93
0.0009554,93
0.0009555,93
0.0009556,93
0.0009557,93
0.0009558,93
0.0009559,93
0.000956,93
0.0009561,93
0.0009562,93
0.0009563,93
0.0009564,93
0.0009565,93
0.0009566,93
0.0009567,93
0.0009568,93
0.0009569,93
0.000957,93
0.0009571,94
0.0009572,94
0.0009573,94
0.0009574,94
0.0009575,94
0.0009576,94
0.0009577,94
0.0009578,94
0.0009579,94
0.000958,94
0.0009581,95
0.0009582,95
0.0009583,95
0.0009584,95
0.0009585,95
0.0009586,95
0.0009587,95
0.0009588,95
0.0009589,95
0.000959,96
0.0009591,96
0.0009592,96
0.0009593,96
0.0009594,96
0.0009595,96
0.0009596,96
0.0009597,96
0.0009598,96
0.0009599,96
0.00096,96
0.0009601,96
0.0009602,96
0.0009603,96
0.0009604,96
0.0009605,96
0.0009606,96
0.0009607,96
0.0009608,96
0.0009609,96
0.000961,97
0.0009611,97
0.0009612,97
0.0009613,97
0.0009614,97
0.0009615,97
0.0009616,97
0.0009617,97
0.0009618,97
0.0009619,97
0.000962,98
0.0009621,98
0.0009622,98
0.0009623,98
0.0009624,98
0.0009625,98
0.0009626,98
0.0009627,98
0.0009628,98
0.0009629,99
0.000963,99
0.0009631,99
0.0009632,99
0.0009633,99
0.0009634,99
0.0009635,99
0.0009636,99
0.0009637,99
0.0009638,99
0.0009639,99
0.000964,99
0.0009641,99
0.0009642,99
0.0009643,99
0.0009644,99
0.0009645,99
0.0009646,99
0.0009647,99
0.0009648,99
0.0009649,100
0.000965,100
0.0009651,100
0.0009652,100
0.0009653,100
0.0009654,100
0.0009655,100
0.0009656,100
0.0009657,100
0.0009658,100
0.0009659,101
0.000966,101
0.0009661,101
0.0009662,101
0.0009663,101
0.0009664,101
0.0009665,101
0.0009666,101
0.0009667,101
0.0009668,102
0.0009669,102
0.000967,102
0.0009671,102
0.0009672,102
0.0009673,102
0.0009674,102
0.0009675,102
0.0009676,102
0.0009677,102
0.0009678,102
0.0009679,102
0.000968,102
0.0009681,102
0.0009682,102
0.0009683,102
0.0009684,102
0.0009685,102
0.0009686,102
0.0009687,102
0.0009688,103
0.0009689,103
0.000969,103
0.0009691,103
0.0009692,103
0.0009693,103
0.0009694,103
0.0009695,103
0.0009696,103
0.0009697,103
0.0009698,104
0.0009699,104
0.00097,104
0.0009701,104
0.0009702,104
0.0009703,104
0.0009704,104
0.0009705,104
0.0009706,104
0.0009707,104
0.0009708,105
0.0009709,105
0.000971,105
0.0009711,105
0.0009712,105
0.0009713,105
0.0009714,105
0.0009715,105
0.0009716,105
0.0009717,106
0.0009718,106
0.0009719,106
0.000972,106
0.0009721,106
0.0009722,106
0.0009723,106
0.0009724,106
0.0009725,106
0.0009726,106
0.0009727,106
0.0009728,106
0.0009729,106
0.000973,106
0.0009731,106
0.0009732,106
0.0009733,106
0.0009734,106
0.0009735,106
0.0009736,106
0.0009737,107
0.0009738,107
0.0009739,107
0.000974,107
0.0009741,107
0.0009742,107
0.0009743,107
0.0009744,107
0.0009745,107
0.0009746,107
0.0009747,108
0.0009748,108
0.0009749,108
0.000975,108
0.0009751,108
0.0009752,108
0.0009753,108
0.0009754,108
0.0009755,108
0.0009756,109
0.0009757,109
0.0009758,109
0.0009759,109
0.000976,109
0.0009761,109
0.0009762,109
0.0009763,109
0.0009764,109
0.0009765,109
0.0009766,109
0.0009767,109
0.0009768,109
0.0009769,109
0.000977,109
0.0009771,109
0.0009772,109
0.0009773,109
0.0009774,109
0.0009775,109
0.0009776,110
0.0009777,110
0.0009778,110
0.0009779,110
0.000978,110
0.0009781,110
0.0009782,110
0.0009783,110
0.0009784,110
0.0009785,110
0.0009786,111
0.0009787,111
0.0009788,111
0.0009789,111
0.000979,111
0.0009791,111
0.0009792,111
0.0009793,111
0.0009794,111
0.0009795,112
0.0009796,112
0.0009797,112
0.0009798,112
0.0009799,112
0.00098,112
0.0009801,112
0.0009802,112
0.0009803,112
0.0009804,112
0.0009805,112
0.0009806,112
0.0009807,112
0.0009808,112
0.0009809,112
0.000981,112
0.0009811,112
0.0009812,112
0.0009813,112
0.0009814,112
0.0009815,113
0.0009816,113
0.0009817,113
0.0009818,113
0.0009819,113
0.000982,113
0.0009821,113
0.0009822,113
0.0009823,113
0.0009824,113
0.0009825,114
0.0009826,114
0.0009827,114
0.0009828,114
0.0009829,114
0.000983,114
0.0009831,114
0.0009832,114
0.0009833,114
0.0009834,114
0.0009835,115
0.0009836,115
0.0009837,115
0.0009838,115
0.0009839,115
0.000984,115
0.0009841,115
0.0009842,115
0.0009843,115
0.0009844,116
0.0009845,116
0.0009846,116
0.0009847,116
0.0009848,116
0.0009849,116
0.000985,116
0.0009851,116
0.0009852,116
0.0009853,116
0.0009854,116
0.0009855,116
0.0009856,116
0.0009857,116
0.0009858,116
0.0009859,116
0.000986,116
0.0009861,116
0.0009862,116
0.0009863,116
0.0009864,117
0.0009865,117
0.0009866,117
0.0009867,117
0.0009868,117
0.0009869,117
0.000987,117
0.0009871,117
0.0009872,117
0.0009873,117
0.0009874,118
0.0009875,118
0.0009876,118
0.0009877,118
0.0009878,118
0.0009879,118
0.000988,118
0.0009881,118
0.0009882,118
0.0009883,119
0.0009884,119
0.0009885,119
0.0009886,119
0.0009887,119
0.0009888,119
0.0009889,119
0.000989,119
0.0009891,119
0.0009892,119
0.0009893,119
0.0009894,119
0.0009895,119
0.0009896,119
0.0009897,119
0.0009898,119
0.0009899,119
0.00099,119
0.0009901,119
0.0009902,119
0.0009903,120
0.0009904,120
0.0009905,120
0.0009906,120
0.0009907,120
0.0009908,120
0.0009909,120
0.000991,120
0.0009911,120
0.0009912,120
0.0009913,121
0.0009914,121
0.0009915,121
0.0009916,121
0.0009917,121
0.0009918,121
0.0009919,121
0.000992,121
0.0009921,121
0.0009922,122
0.0009923,122
0.0009924,122
0.0009925,122
0.0009926,122
0.0009927,122
0.0009928,122
0.0009929,122
0.000993,122
0.0009931,122
0.0009932,123
0.0009933,123
0.0009934,123
0.0009935,123
0.0009936,123
0.0009937,123
0.0009938,123
0.0009939,123
0.000994,123
0.0009941,123
0.0009942,123
0.0009943,123
0.0009944,123
0.0009945,123
0.0009946,123
0.0009947,123
0.0009948,123
0.0009949,123
0.000995,123
0.0009951,123
0.0009952,124
0.0009953,124
0.0009954,124
0.0009955,124
0.0009956,124
0.0009957,124
0.0009958,124
0.0009959,124
0.000996,124
0.0009961,125
0.0009962,125
0.0009963,125
0.0009964,125
0.0009965,125
0.0009966,125
0.0009967,125
0.0009968,125
0.0009969,125
0.000997,125
0.0009971,126
0.0009972,126
0.0009973,126
0.0009974,126
0.0009975,126
0.0009976,126
0.0009977,126
0.0009978,126
0.0009979,126
0.000998,126
0.0009981,126
0.0009982,126
0.0009983,126
0.0009984,126
0.0009985,126
0.0009986,126
0.0009987,126
0.0009988,126
0.0009989,126
0.000999,126
0.0009991,127
0.0009992,127
0.0009993,127
0.0009994,127
0.0009995,127
0.0009996,127
0.0009997,127
0.0009998,127
0.0009999,127
0.001,127
0.0010001,128
0.0010002,128
0.0010003,128
0.0010004,128
0.0010005,128
0.0010006,128
0.0010007,128
0.0010008,128
0.0010009,128
0.001001,129
0.0010011,129
0.0010012,129
0.0010013,129
0.0010014,129
0.0010015,129
0.0010016,129
0.0010017,129
0.0010018,129
0.0010019,129
0.001002,130
0.0010021,130
0.0010022,130
0.0010023,130
0.0010024,130
0.0010025,130
0.0010026,130
0.0010027,130
0.0010028,130
0.0010029,130
0.001003,130
0.0010031,130
0.0010032,130
0.0010033,130
0.0010034,130
0.0010035,130
0.0010036,130
0.0010037,130
0.0010038,130
0.0010039,130
0.001004,131
0.0010041,131
0.0010042,131
0.0010043,131
0.0010044,131
0.0010045,131
0.0010046,131
0.0010047,131
0.0010048,131
0.0010049,132
0.001005,132
0.0010051,132
0.0010052,132
0.0010053,132
0.0010054,132
0.0010055,132
0.0010056,132
0.0010057,132
0.0010058,132
0.0010059,133
0.001006,133
0.0010061,133
0.0010062,133
0.0010063,133
0.0010064,133
0.0010065,133
0.0010066,133
0.0010067,133
0.0010068,133
0.0010069,133
0.001007,133
0.0010071,133
0.0010072,133
0.0010073,133
0.0010074,133
0.0010075,133
0.0010076,133
0.0010077,133
0.0010078,133
0.0010079,134
0.001008,134
0.0010081,134
0.0010082,134
0.0010083,134
0.0010084,134
0.0010085,134
0.0010086,134
0.0010087,134
0.0010088,135
0.0010089,135
0.001009,135
0.0010091,135
0.0010092,135
0.0010093,135
0.0010094,135
0.0010095,135
0.0010096,135
0.0010097,135
0.0010098,136
0.0010099,136
0.00101,136
0.0010101,136
0.0010102,136
0.0010103,136
0.0010104,136
0.0010105,136
0.0010106,136
0.0010107,136
0.0010108,137
0.0010109,137
0.001011,137
0.0010111,137
0.0010112,137
0.0010113,137
0.0010114,137
0.0010115,137
0.0010116,137
0.0010117,137
0.0010118,137
0.0010119,137
0.001012,137
0.0010121,137
0.0010122,137
0.0010123,137
0.0010124,137
0.0010125,137
0.0010126,137
0.0010127,138
0.0010128,138
0.0010129,138
0.001013,138
0.0010131,138
0.0010132,138
0.0010133,138
0.0010134,138
0.0010135,138
0.0010136,138
0.0010137,139
0.0010138,139
0.0010139,139
0.001014,139
0.0010141,139
0.0010142,139
0.0010143,139
0.0010144,139
0.0010145,139
0.0010146,139
0.0010147,140
0.0010148,140
0.0010149,140
0.001015,140
0.0010151,140
0.0010152,140
0.0010153,140
0.0010154,140
0.0010155,140
0.0010156,140
0.0010157,140
0.0010158,140
0.0010159,140
0.001016,140
0.0010161,140
0.0010162,140
0.0010163,140
0.0010164,140
0.0010165,140
0.0010166,140
0.0010167,141
0.0010168,141
0.0010169,141
0.001017,141
0.0010171,141
0.0010172,141
0.0010173,141
0.0010174,141
0.0010175,141
0.0010176,142
0.0010177,142
0.0010178,142
0.0010179,142
0.001018,142
0.0010181,142
0.0010182,142
0.0010183,142
0.0010184,142
0.0010185,142
0.0010186,143
0.0010187,143
0.0010188,143
0.0010189,143
0.001019,143
0.0010191,143
0.0010192,143
0.0010193,143
0.0010194,143
0.0010195,143
0.0010196,144
0.0010197,144
0.0010198,144
0.0010199,144
0.00102,144
0.0010201,144
0.0010202,144
0.0010203,144
0.0010204,144
0.0010205,144
0.0010206,144
0.0010207,144
0.0010208,144
0.0010209,144
0.001021,144
0.0010211,144
0.0010212,144
0.0010213,144
0.0010214,144
0.0010215,145
0.0010216,145
0.0010217,145
0.0010218,145
0.0010219,145
0.001022,145
0.0010221,145
0.0010222,145
0.0010223,145
0.0010224,145
0.0010225,146
0.0010226,146
0.0010227,146
0.0010228,146
0.0010229,146
0.001023,146
0.0010231,146
0.0010232,146
0.0010233,146
0.0010234,146
0.0010235,147
0.0010236,147
0.0010237,147
0.0010238,147
0.0010239,147
0.001024,147
0.0010241,147
0.0010242,147
0.0010243,147
0.0010244,147
0.0010245,147
0.0010246,147
0.0010247,147
0.0010248,147
0.0010249,147
0.001025,147
0.0010251,147
0.0010252,147
0.0010253,147
0.0010254,148
0.0010255,148
0.0010256,148
0.0010257,148
0.0010258,148
0.0010259,148
0.001026,148
0.0010261,148
0.0010262,148
0.0010263,148
0.0010264,149
0.0010265,149
0.0010266,149
0.0010267,149
0.0010268,149
0.0010269,149
0.001027,149
0.0010271,149
0.0010272,149
0.0010273,149
0.0010274,150
0.0010275,150
0.0010276,150
0.0010277,150
0.0010278,150
0.0010279,150
0.001028,150
0.0010281,150
0.0010282,150
0.0010283,150
0.0010284,150
0.0010285,150
0.0010286,150
0.0010287,150
0.0010288,150
0.0010289,150
0.001029,150
0.0010291,150
0.0010292,150
0.0010293,151
0.0010294,151
0.0010295,151
0.0010296,151
0.0010297,151
0.0010298,151
0.0010299,151
0.00103,151
0.0010301,151
0.0010302,151
0.0010303,152
0.0010304,152
0.0010305,152
0.0010306,152
0.0010307,152
0.0010308,152
0.0010309,152
0.001031,152
0.0010311,152
0.0010312,152
0.0010313,153
0.0010314,153
0.0010315,153
0.0010316,153
0.0010317,153
0.0010318,153
0.0010319,153
0.001032,153
0.0010321,153
0.0010322,153
0.0010323,154
0.0010324,154
0.0010325,154
0.0010326,154
0.0010327,154
0.0010328,154
0.0010329,154
0.001033,154
0.0010331,154
0.0010332,154
0.0010333,154
0.0010334,154
0.0010335,154
0.0010336,154
0.0010337,154
0.0010338,154
0.0010339,154
0.001034,154
0.0010341,154
0.0010342,155
0.0010343,155
0.0010344,155
0.0010345,155
0.0010346,155
0.0010347,155
0.0010348,155
0.0010349,155
0.001035,155
0.0010351,155
0.0010352,156
0.0010353,156
0.0010354,156
0.0010355,156
0.0010356,156
0.0010357,156
0.0010358,156
0.0010359,156
0.001036,156
0.0010361,156
0.0010362,157
0.0010363,157
0.0010364,157
0.0010365,157
0.0010366,157
0.0010367,157
0.0010368,157
0.0010369,157
0.001037,157
0.0010371,157
0.0010372,157
0.0010373,157
0.0010374,157
0.0010375,157
0.0010376,157
0.0010377,157
0.0010378,157
0.0010379,157
0.001038,157
0.0010381,158
0.0010382,158
0.0010383,158
0.0010384,158
0.0010385,158
0.0010386,158
0.0010387,158
0.0010388,158
0.0010389,158
0.001039,158
0.0010391,159
0.0010392,159
0.0010393,159
0.0010394,159
0.0010395,159
0.0010396,159
0.0010397,159
0.0010398,159
0.0010399,159
0.00104,159
0.0010401,160
0.0010402,160
0.0010403,160
0.0010404,160
0.0010405,160
0.0010406,160
0.0010407,160
0.0010408,160
0.0010409,160
0.001041,160
0.0010411,160
0.0010412,160
0.0010413,160
0.0010414,160
0.0010415,160
0.0010416,160
0.0010417,160
0.0010418,160
0.0010419,160
0.001042,161
0.0010421,161
0.0010422,161
0.0010423,161
0.0010424,161
0.0010425,161
0.0010426,161
0.0010427,161
0.0010428,161
0.0010429,161
0.001043,162
0.0010431,162
0.0010432,162
0.0010433,162
0.0010434,162
0.0010435,162
0.0010436,162
0.0010437,162
0.0010438,162
0.0010439,162
0.001044,163
0.0010441,163
0.0010442,163
0.0010443,163
0.0010444,163
0.0010445,163
0.0010446,163
0.0010447,163
0.0010448,163
0.0010449,163
0.001045,163
0.0010451,163
0.0010452,163
0.0010453,163
0.0010454,163
0.0010455,163
0.0010456,163
0.0010457,163
0.0010458,163
0.0010459,163
0.001046,164
0.0010461,164
0.0010462,164
0.0010463,164
0.0010464,164
0.0010465,164
0.0010466,164
0.0010467,164
0.0010468,164
0.0010469,165
0.001047,165
0.0010471,165
0.0010472,165
0.0010473,165
0.0010474,165
0.0010475,165
0.0010476,165
0.0010477,165
0.0010478,165
0.0010479,166
0.001048,166
0.0010481,166
0.0010482,166
0.0010483,166
0.0010484,166
0.0010485,166
0.0010486,166
0.0010487,166
0.0010488,166
0.0010489,166
0.001049,166
0.0010491,166
0.0010492,166
0.0010493,166
0.0010494,166
0.0010495,166
0.0010496,166
0.0010497,166
0.0010498,166
0.0010499,167
0.00105,167
0.0010501,167
0.0010502,167
0.0010503,167
0.0010504,167
0.0010505,167
0.0010506,167
0.0010507,167
0.0010508,168
0.0010509,168
0.001051,168
0.0010511,168
0.0010512,168
0.0010513,168
0.0010514,168
0.0010515,168
0.0010516,168
0.0010517,168
0.0010518,169
0.0010519,169
0.001052,169
0.0010521,169
0.0010522,169
0.0010523,169
0.0010524,169
0.0010525,169
0.0010526,169
0.0010527,169
0.0010528,169
0.0010529,169
0.001053,169
0.0010531,169
0.0010532,169
0.0010533,169
0.0010534,169
0.0010535,169
0.0010536,169
0.0010537,169
0.0010538,170
0.0010539,170
0.001054,170
0.0010541,170
0.0010542,170
0.0010543,170
0.0010544,170
0.0010545,170
0.0010546,170
0.0010547,171
0.0010548,171
0.0010549,171
0.001055,171
0.0010551,171
0.0010552,171
0.0010553,171
0.0010554,171
0.0010555,171
0.0010556,171
0.0010557,172
0.0010558,172
0.0010559,172
0.001056,172
0.0010561,172
0.0010562,172
0.0010563,172
0.0010564,172
0.0010565,172
0.0010566,172
0.0010567,172
0.0010568,172
0.0010569,172
0.001057,172
0.0010571,172
0.0010572,172
0.0010573,172
0.0010574,172
0.0010575,172
0.0010576,172
0.0010577,173
0.0010578,173
0.0010579,173
0.001058,173
0.0010581,173
0.0010582,173
0.0010583,173
0.0010584,173
0.0010585,173
0.0010586,174
0.0010587,174
0.0010588,174
0.0010589,174
0.001059,174
0.0010591,174
0.0010592,174
0.0010593,174
0.0010594,174
0.0010595,174
0.0010596,174
0.0010597,174
0.0010598,174
0.0010599,174
0.00106,174
0.0010601,174
0.0010602,174
0.0010603,174
0.0010604,174
0.0010605,174
0.0010606,175
0.0010607,175
0.0010608,175
0.0010609,175
0.001061,175
0.0010611,175
0.0010612,175
0.0010613,175
0.0010614,175
0.0010615,175
0.0010616,176
0.0010617,176
0.0010618,176
0.0010619,176
0.001062,176
0.0010621,176
0.0010622,176
0.0010623,176
0.0010624,176
0.0010625,176
0.0010626,177
0.0010627,177
0.0010628,177
0.0010629,177
0.001063,177
0.0010631,177
0.0010632,177
0.0010633,177
0.0010634,177
0.0010635,177
0.0010636,177
0.0010637,177
0.0010638,177
0.0010639,177
0.001064,177
0.0010641,177
0.0010642,177
0.0010643,177
0.0010644,177
0.0010645,178
0.0010646,178
0.0010647,178
0.0010648,178
0.0010649,178
0.001065,178
0.0010651,178
0.0010652,178
0.0010653,178
0.0010654,178
0.0010655,179
0.0010656,179
0.0010657,179
0.0010658,179
0.0010659,179
0.001066,179
0.0010661,179
0.0010662,179
0.0010663,179
0.0010664,179
0.0010665,179
0.0010666,179
0.0010667,179
0.0010668,179
0.0010669,179
0.001067,179
0.0010671,179
0.0010672,179
0.0010673,179
0.0010674,180
0.0010675,180
0.0010676,180
0.0010677,180
0.0010678,180
0.0010679,180
0.001068,180
0.0010681,180
0.0010682,180
0.0010683,180
0.0010684,181
0.0010685,181
0.0010686,181
0.0010687,181
0.0010688,181
0.0010689,181
0.001069,181
0.0010691,181
0.0010692,181
0.0010693,181
0.0010694,182
0.0010695,182
0.0010696,182
0.0010697,182
0.0010698,182
0.0010699,182
0.00107,182
0.0010701,182
0.0010702,182
0.0010703,182
0.0010704,182
0.0010705,182
0.0010706,182
0.0010707,182
0.0010708,182
0.0010709,182
0.001071,182
0.0010711,182
0.0010712,182
0.0010713,183
0.0010714,183
0.0010715,183
0.0010716,183
0.0010717,183
0.0010718,183
0.0010719,183
0.001072,183
0.0010721,183
0.0010722,183
0.0010723,184
0.0010724,184
0.0010725,184
0.0010726,184
0.0010727,184
0.0010728,184
0.0010729,184
0.001073,184
0.0010731,184
0.0010732,184
0.0010733,184
0.0010734,184
0.0010735,184
0.0010736,184
0.0010737,184
0.0010738,184
0.0010739,184
0.001074,184
0.0010741,184
0.0010742,184
0.0010743,185
0.0010744,185
0.0010745,185
0.0010746,185
0.0010747,185
0.0010748,185
0.0010749,185
0.001075,185
0.0010751,185
0.0010752,186
0.0010753,186
0.0010754,186
0.0010755,186
0.0010756,186
0.0010757,186
0.0010758,186
0.0010759,186
0.001076,186
0.0010761,186
0.0010762,186
0.0010763,186
0.0010764,186
0.0010765,186
0.0010766,186
0.0010767,186
0.0010768,186
0.0010769,186
0.001077,186
0.0010771,186
0.0010772,187
0.0010773,187
0.0010774,187
0.0010775,187
0.0010776,187
0.0010777,187
0.0010778,187
0.0010779,187
0.001078,187
0.0010781,187
0.0010782,188
0.0010783,188
0.0010784,188
0.0010785,188
0.0010786,188
0.0010787,188
0.0010788,188
0.0010789,188
0.001079,188
0.0010791,188
0.0010792,189
0.0010793,189
0.0010794,189
0.0010795,189
0.0010796,189
0.0010797,189
0.0010798,189
0.0010799,189
0.00108,189
0.0010801,189
0.0010802,189
0.0010803,189
0.0010804,189
0.0010805,189
0.0010806,189
0.0010807,189
0.0010808,189
0.0010809,189
0.001081,189
0.0010811,190
0.0010812,190
0.0010813,190
0.0010814,190
0.0010815,190
0.0010816,190
0.0010817,190
0.0010818,190
0.0010819,190
0.001082,190
0.0010821,191
0.0010822,191
0.0010823,191
0.0010824,191
0.0010825,191
0.0010826,191
0.0010827,191
0.0010828,191
0.0010829,191
0.001083,191
0.0010831,191
0.0010832,191
0.0010833,191
0.0010834,191
0.0010835,191
0.0010836,191
0.0010837,191
0.0010838,191
0.0010839,191
0.001084,192
0.0010841,192
0.0010842,192
0.0010843,192
0.0010844,192
0.0010845,192
0.0010846,192
0.0010847,192
0.0010848,192
0.0010849,192
0.001085,193
0.0010851,193
0.0010852,193
0.0010853,193
0.0010854,193
0.0010855,193
0.0010856,193
0.0010857,193
0.0010858,193
0.0010859,193
0.001086,193
0.0010861,193
0.0010862,193
0.0010863,193
0.0010864,193
0.0010865,193
0.0010866,193
0.0010867,193
0.0010868,193
0.0010869,193
0.001087,194
0.0010871,194
0.0010872,194
0.0010873,194
0.0010874,194
0.0010875,194
0.0010876,194
0.0010877,194
0.0010878,194
0.0010879,195
0.001088,195
0.0010881,195
0.0010882,195
0.0010883,195
0.0010884,195
0.0010885,195
0.0010886,195
0.0010887,195
0.0010888,195
0.0010889,195
0.001089,195
0.0010891,195
0.0010892,195
0.0010893,195
0.0010894,195
0.0010895,195
0.0010896,195
0.0010897,195
0.0010898,195
0.0010899,196
0.00109,196
0.0010901,196
0.0010902,196
0.0010903,196
0.0010904,196
0.0010905,196
0.0010906,196
0.0010907,196
0.0010908,196
0.0010909,197
0.001091,197
0.0010911,197
0.0010912,197
0.0010913,197
0.0010914,197
0.0010915,197
0.0010916,197
0.0010917,197
0.0010918,197
0.0010919,197
0.001092,197
0.0010921,197
0.0010922,197
0.0010923,197
0.0010924,197
0.0010925,197
0.0010926,197
0.0010927,197
0.0010928,198
0.0010929,198
0.001093,198
0.0010931,198
0.0010932,198
0.0010933,198
0.0010934,198
0.0010935,198
0.0010936,198
0.0010937,198
0.0010938,199
0.0010939,199
0.001094,199
0.0010941,199
0.0010942,199
0.0010943,199
0.0010944,199
0.0010945,199
0.0010946,199
0.0010947,199
0.0010948,199
0.0010949,199
0.001095,199
0.0010951,199
0.0010952,199
0.0010953,199
0.0010954,199
0.0010955,199
0.0010956,199
0.0010957,199
0.0010958,200
0.0010959,200
0.001096,200
0.0010961,200
0.0010962,200
0.0010963,200
0.0010964,200
0.0010965,200
0.0010966,200
0.0010967,200
0.0010968,200
0.0010969,200
0.001097,200
0.0010971,200
0.0010972,200
0.0010973,200
0.0010974,200
0.0010975,200
0.0010976,200
0.0010977,201
0.0010978,201
0.0010979,201
0.001098,201
0.0010981,201
0.0010982,201
0.0010983,201
0.0010984,201
0.0010985,201
0.0010986,201
0.0010987,202
0.0010988,202
0.0010989,202
0.001099,202
0.0010991,202
0.0010992,202
0.0010993,202
0.0010994,202
0.0010995,202
0.0010996,202
0.0010997,202
0.0010998,202
0.0010999,202
0.0011,202
0.0011001,202
0.0011002,202
0.0011003,202
0.0011004,202
0.0011005,202
0.0011006,203
0.0011007,203
0.0011008,203
0.0011009,203
0.001101,203
0.0011011,203
0.0011012,203
0.0011013,203
0.0011014,203
0.0011015,203
0.0011016,204
0.0011017,204
0.0011018,204
0.0011019,204
0.001102,204
0.0011021,204
0.0011022,204
0.0011023,204
0.0011024,204
0.0011025,204
0.0011026,204
0.0011027,204
0.0011028,204
0.0011029,204
0.001103,204
0.0011031,204
0.0011032,204
0.0011033,204
0.0011034,204
0.0011035,204
0.0011036,205
0.0011037,205
0.0011038,205
0.0011039,205
0.001104,205
0.0011041,205
0.0011042,205
0.0011043,205
0.0011044,205
0.0011045,206
0.0011046,206
0.0011047,206
0.0011048,206
0.0011049,206
0.001105,206
0.0011051,206
0.0011052,206
0.0011053,206
0.0011054,206
0.0011055,206
0.0011056,206
0.0011057,206
0.0011058,206
0.0011059,206
0.001106,206
0.0011061,206
0.0011062,206
0.0011063,206
0.0011064,206
0.0011065,207
0.0011066,207
0.0011067,207
0.0011068,207
0.0011069,207
0.001107,207
0.0011071,207
0.0011072,207
0.0011073,207
0.0011074,207
0.0011075,207
0.0011076,207
0.0011077,207
0.0011078,207
0.0011079,207
0.001108,207
0.0011081,207
0.0011082,207
0.0011083,207
0.0011084,207
0.0011085,208
0.0011086,208
0.0011087,208
0.0011088,208
0.0011089,208
0.001109,208
0.0011091,208
0.0011092,208
0.0011093,208
0.0011094,209
0.0011095,209
0.0011096,209
0.0011097,209
0.0011098,209
0.0011099,209
0.00111,209
0.0011101,209
0.0011102,209
0.0011103,209
0.0011104,209
0.0011105,209
0.0011106,209
0.0011107,209
0.0011108,209
0.0011109,209
0.001111,209
0.0011111,209
0.0011112,209
0.0011113,209
0.0011114,210
0.0011115,210
0.0011116,210
0.0011117,210
0.0011118,210
0.0011119,210
0.001112,210
0.0011121,210
0.0011122,210
0.0011123,210
0.0011124,210
0.0011125,210
0.0011126,210
0.0011127,210
0.0011128,210
0.0011129,210
0.001113,210
0.0011131,210
0.0011132,210
0.0011133,211
0.0011134,211
0.0011135,211
0.0011136,211
0.0011137,211
0.0011138,211
0.0011139,211
0.001114,211
0.0011141,211
0.0011142,211
0.0011143,212
0.0011144,212
0.0011145,212
0.0011146,212
0.0011147,212
0.0011148,212
0.0011149,212
0.001115,212
0.0011151,212
0.0011152,212
0.0011153,212
0.0011154,212
0.0011155,212
0.0011156,212
0.0011157,212
0.0011158,212
0.0011159,212
0.001116,212
0.0011161,212
0.0011162,212
0.0011163,213
0.0011164,213
0.0011165,213
0.0011166,213
0.0011167,213
0.0011168,213
0.0011169,213
0.001117,213
0.0011171,213
0.0011172,213
0.0011173,213
0.0011174,213
0.0011175,213
0.0011176,213
0.0011177,213
0.0011178,213
0.0011179,213
0.001118,213
0.0011181,213
0.0011182,214
0.0011183,214
0.0011184,214
0.0011185,214
0.0011186,214
0.0011187,214
0.0011188,214
0.0011189,214
0.001119,214
0.0011191,214
0.0011192,214
0.0011193,214
0.0011194,214
0.0011195,214
0.0011196,214
0.0011197,214
0.0011198,214
0.0011199,214
0.00112,214
0.0011201,214
0.0011202,215
0.0011203,215
0.0011204,215
0.0011205,215
0.0011206,215
0.0011207,215
0.0011208,215
0.0011209,215
0.001121,215
0.0011211,216
0.0011212,216
0.0011213,216
0.0011214,216
0.0011215,216
0.0011216,216
0.0011217,216
0.0011218,216
0.0011219,216
0.001122,216
0.0011221,216
0.0011222,216
0.0011223,216
0.0011224,216
0.0011225,216
0.0011226,216
0.0011227,216
0.0011228,216
0.0011229,216
0.001123,216
0.0011231,217
0.0011232,217
0.0011233,217
0.0011234,217
0.0011235,217
0.0011236,217
0.0011237,217
0.0011238,217
0.0011239,217
0.001124,217
0.0011241,217
0.0011242,217
0.0011243,217
0.0011244,217
0.0011245,217
0.0011246,217
0.0011247,217
0.0011248,217
0.0011249,217
0.001125,217
0.0011251,218
0.0011252,218
0.0011253,218
0.0011254,218
0.0011255,218
0.0011256,218
0.0011257,218
0.0011258,218
0.0011259,218
0.001126,218
0.0011261,218
0.0011262,218
0.0011263,218
0.0011264,218
0.0011265,218
0.0011266,218
0.0011267,218
0.0011268,218
0.0011269,218
0.001127,219
0.0011271,219
0.0011272,219
0.0011273,219
0.0011274,219
0.0011275,219
0.0011276,219
0.0011277,219
0.0011278,219
0.0011279,219
0.001128,219
0.0011281,219
0.0011282,219
0.0011283,219
0.0011284,219
0.0011285,219
0.0011286,219
0.0011287,219
0.0011288,219
0.0011289,219
0.001129,220
0.0011291,220
0.0011292,220
0.0011293,220
0.0011294,220
0.0011295,220
0.0011296,220
0.0011297,220
0.0011298,220
0.0011299,221
0.00113,221
0.0011301,221
0.0011302,221
0.0011303,221
0.0011304,221
0.0011305,221
0.0011306,221
0.0011307,221
0.0011308,221
0.0011309,221
0.001131,221
0.0011311,221
0.0011312,221
0.0011313,221
0.0011314,221
0.0011315,221
0.0011316,221
0.0011317,221
0.0011318,221
0.0011319,222
0.001132,222
0.0011321,222
0.0011322,222
0.0011323,222
0.0011324,222
0.0011325,222
0.0011326,222
0.0011327,222
0.0011328,222
0.0011329,222
0.001133,222
0.0011331,222
0.0011332,222
0.0011333,222
0.0011334,222
0.0011335,222
0.0011336,222
0.0011337,222
0.0011338,223
0.0011339,223
0.001134,223
0.0011341,223
0.0011342,223
0.0011343,223
0.0011344,223
0.0011345,223
0.0011346,223
0.0011347,223
0.0011348,223
0.0011349,223
0.001135,223
0.0011351,223
0.0011352,223
0.0011353,223
0.0011354,223
0.0011355,223
0.0011356,223
0.0011357,223
0.0011358,224
0.0011359,224
0.001136,224
0.0011361,224
0.0011362,224
0.0011363,224
0.0011364,224
0.0011365,224
0.0011366,224
0.0011367,224
0.0011368,224
0.0011369,224
0.001137,224
0.0011371,224
0.0011372,224
0.0011373,224
0.0011374,224
0.0011375,224
0.0011376,224
0.0011377,225
0.0011378,225
0.0011379,225
0.001138,225
0.0011381,225
0.0011382,225
0.0011383,225
0.0011384,225
0.0011385,225
0.0011386,225
0.0011387,225
0.0011388,225
0.0011389,225
0.001139,225
0.0011391,225
0.0011392,225
0.0011393,225
0.0011394,225
0.0011395,225
0.0011396,225
0.0011397,226
0.0011398,226
0.0011399,226
0.00114,226
0.0011401,226
0.0011402,226
0.0011403,226
0.0011404,226
0.0011405,226
0.0011406,226
0.0011407,226
0.0011408,226
0.0011409,226
0.001141,226
0.0011411,226
0.0011412,226
0.0011413,226
0.0011414,226
0.0011415,226
0.0011416,226
0.0011417,227
0.0011418,227
0.0011419,227
0.001142,227
0.0011421,227
0.0011422,227
0.0011423,227
0.0011424,227
0.0011425,227
0.0011426,227
0.0011427,227
0.0011428,227
0.0011429,227
0.001143,227
0.0011431,227
0.0011432,227
0.0011433,227
0.0011434,227
0.0011435,227
0.0011436,228
0.0011437,228
0.0011438,228
0.0011439,228
0.001144,228
0.0011441,228
0.0011442,228
0.0011443,228
0.0011444,228
0.0011445,228
0.0011446,228
0.0011447,228
0.0011448,228
0.0011449,228
0.001145,228
0.0011451,228
0.0011452,228
0.0011453,228
0.0011454,228
0.0011455,228
0.0011456,229
0.0011457,229
0.0011458,229
0.0011459,229
0.001146,229
0.0011461,229
0.0011462,229
0.0011463,229
0.0011464,229
0.0011465,229
0.0011466,229
0.0011467,229
0.0011468,229
0.0011469,229
0.001147,229
0.0011471,229
0.0011472,229
0.0011473,229
0.0011474,229
0.0011475,230
0.0011476,230
0.0011477,230
0.0011478,230
0.0011479,230
0.001148,230
0.0011481,230
0.0011482,230
0.0011483,230
0.0011484,230
0.0011485,230
0.0011486,230
0.0011487,230
0.0011488,230
0.0011489,230
0.001149,230
0.0011491,230
0.0011492,230
0.0011493,230
0.0011494,230
0.0011495,230
0.0011496,230
0.0011497,230
0.0011498,230
0.0011499,230
0.00115,230
0.0011501,230
0.0011502,230
0.0011503,230
0.0011504,231
0.0011505,231
0.0011506,231
0.0011507,231
0.0011508,231
0.0011509,231
0.001151,231
0.0011511,231
0.0011512,231
0.0011513,231
0.0011514,231
0.0011515,231
0.0011516,231
0.0011517,231
0.0011518,231
0.0011519,231
0.001152,231
0.0011521,231
0.0011522,231
0.0011523,231
0.0011524,232
0.0011525,232
0.0011526,232
0.0011527,232
0.0011528,232
0.0011529,232
0.001153,232
0.0011531,232
0.0011532,232
0.0011533,232
0.0011534,232
0.0011535,232
0.0011536,232
0.0011537,232
0.0011538,232
0.0011539,232
0.001154,232
0.0011541,232
0.0011542,232
0.0011543,233
0.0011544,233
0.0011545,233
0.0011546,233
0.0011547,233
0.0011548,233
0.0011549,233
0.001155,233
0.0011551,233
0.0011552,233
0.0011553,233
0.0011554,233
0.0011555,233
0.0011556,233
0.0011557,233
0.0011558,233
0.0011559,233
0.001156,233
0.0011561,233
0.0011562,233
0.0011563,234
0.0011564,234
0.0011565,234
0.0011566,234
0.0011567,234
0.0011568,234
0.0011569,234
0.001157,234
0.0011571,234
0.0011572,234
0.0011573,234
0.0011574,234
0.0011575,234
0.0011576,234
0.0011577,234
0.0011578,234
0.0011579,234
0.001158,234
0.0011581,234
0.0011582,234
0.0011583,234
0.0011584,234
0.0011585,234
0.0011586,234
0.0011587,234
0.0011588,234
0.0011589,234
0.001159,234
0.0011591,234
0.0011592,235
0.0011593,235
0.0011594,235
0.0011595,235
0.0011596,235
0.0011597,235
0.0011598,235
0.0011599,235
0.00116,235
0.0011601,235
0.0011602,235
0.0011603,235
0.0011604,235
0.0011605,235
0.0011606,235
0.0011607,235
0.0011608,235
0.0011609,235
0.001161,235
0.0011611,235
0.0011612,236
0.0011613,236
0.0011614,236
0.0011615,236
0.0011616,236
0.0011617,236
0.0011618,236
0.0011619,236
0.001162,236
0.0011621,236
0.0011622,236
0.0011623,236
0.0011624,236
0.0011625,236
0.0011626,236
0.0011627,236
0.0011628,236
0.0011629,236
0.001163,236
0.0011631,237
0.0011632,237
0.0011633,237
0.0011634,237
0.0011635,237
0.0011636,237
0.0011637,237
0.0011638,237
0.0011639,237
0.001164,237
0.0011641,237
0.0011642,237
0.0011643,237
0.0011644,237
0.0011645,237
0.0011646,237
0.0011647,237
0.0011648,237
0.0011649,237
0.001165,237
0.0011651,237
0.0011652,237
0.0011653,237
0.0011654,237
0.0011655,237
0.0011656,237
0.0011657,237
0.0011658,237
0.0011659,237
0.001166,237
0.0011661,238
0.0011662,238
0.0011663,238
0.0011664,238
0.0011665,238
0.0011666,238
0.0011667,238
0.0011668,238
0.0011669,238
0.001167,238
0.0011671,238
0.0011672,238
0.0011673,238
0.0011674,238
0.0011675,238
0.0011676,238
0.0011677,238
0.0011678,238
0.0011679,238
0.001168,239
0.0011681,239
0.0011682,239
0.0011683,239
0.0011684,239
0.0011685,239
0.0011686,239
0.0011687,239
0.0011688,239
0.0011689,239
0.001169,239
0.0011691,239
0.0011692,239
0.0011693,239
0.0011694,239
0.0011695,239
0.0011696,239
0.0011697,239
0.0011698,239
0.0011699,239
0.00117,239
0.0011701,239
0.0011702,239
0.0011703,239
0.0011704,239
0.0011705,239
0.0011706,239
0.0011707,239
0.0011708,239
0.0011709,239
0.001171,240
0.0011711,240
0.0011712,240
0.0011713,240
0.0011714,240
0.0011715,240
0.0011716,240
0.0011717,240
0.0011718,240
0.0011719,240
0.001172,240
0.0011721,240
0.0011722,240
0.0011723,240
0.0011724,240
0.0011725,240
0.0011726,240
0.0011727,240
0.0011728,240
0.0011729,240
0.001173,240
0.0011731,240
0.0011732,240
0.0011733,240
0.0011734,240
0.0011735,240
0.0011736,240
0.0011737,240
0.0011738,240
0.0011739,241
0.001174,241
0.0011741,241
0.0011742,241
0.0011743,241
0.0011744,241
0.0011745,241
0.0011746,241
0.0011747,241
0.0011748,241
0.0011749,241
0.001175,241
0.0011751,241
0.0011752,241
0.0011753,241
0.0011754,241
0.0011755,241
0.0011756,241
0.0011757,241
0.0011758,241
0.0011759,241
0.001176,241
0.0011761,241
0.0011762,241
0.0011763,241
0.0011764,241
0.0011765,241
0.0011766,241
0.0011767,241
0.0011768,242
0.0011769,242
0.001177,242
0.0011771,242
0.0011772,242
0.0011773,242
0.0011774,242
0.0011775,242
0.0011776,242
0.0011777,242
0.0011778,242
0.0011779,242
0.001178,242
0.0011781,242
0.0011782,242
0.0011783,242
0.0011784,242
0.0011785,242
0.0011786,242
0.0011787,242
0.0011788,242
0.0011789,242
0.001179,242
0.0011791,242
0.0011792,242
0.0011793,242
0.0011794,242
0.0011795,242
0.0011796,242
0.0011797,243
0.0011798,243
0.0011799,243
0.00118,243
0.0011801,243
0.0011802,243
0.0011803,243
0.0011804,243
0.0011805,243
0.0011806,243
0.0011807,243
0.0011808,243
0.0011809,243
0.001181,243
0.0011811,243
0.0011812,243
0.0011813,243
0.0011814,243
0.0011815,243
0.0011816,243
0.0011817,243
0.0011818,243
0.0011819,243
0.001182,243
0.0011821,243
0.0011822,243
0.0011823,243
0.0011824,243
0.0011825,243
0.0011826,243
0.0011827,244
0.0011828,244
0.0011829,244
0.001183,244
0.0011831,244
0.0011832,244
0.0011833,244
0.0011834,244
0.0011835,244
0.0011836,244
0.0011837,244
0.0011838,244
0.0011839,244
0.001184,244
0.0011841,244
0.0011842,244
0.0011843,244
0.0011844,244
0.0011845,244
0.0011846,244
0.0011847,244
0.0011848,244
0.0011849,244
0.001185,244
0.0011851,244
0.0011852,244
0.0011853,244
0.0011854,244
0.0011855,244
0.0011856,245
0.0011857,245
0.0011858,245
0.0011859,245
0.001186,245
0.0011861,245
0.0011862,245
0.0011863,245
0.0011864,245
0.0011865,245
0.0011866,245
0.0011867,245
0.0011868,245
0.0011869,245
0.001187,245
0.0011871,245
0.0011872,245
0.0011873,245
0.0011874,245
0.0011875,245
0.0011876,245
0.0011877,245
0.0011878,245
0.0011879,245
0.001188,245
0.0011881,245
0.0011882,245
0.0011883,245
0.0011884,245
0.0011885,246
0.0011886,246
0.0011887,246
0.0011888,246
0.0011889,246
0.001189,246
0.0011891,246
0.0011892,246
0.0011893,246
0.0011894,246
0.0011895,246
0.0011896,246
0.0011897,246
0.0011898,246
0.0011899,246
0.00119,246
0.0011901,246
0.0011902,246
0.0011903,246
0.0011904,246
0.0011905,246
0.0011906,246
0.0011907,246
0.0011908,246
0.0011909,246
0.001191,246
0.0011911,246
0.0011912,246
0.0011913,246
0.0011914,246
0.0011915,246
0.0011916,246
0.0011917,246
0.0011918,246
0.0011919,246
0.001192,246
0.0011921,246
0.0011922,246
0.0011923,246
0.0011924,247
0.0011925,247
0.0011926,247
0.0011927,247
0.0011928,247
0.0011929,247
0.001193,247
0.0011931,247
0.0011932,247
0.0011933,247
0.0011934,247
0.0011935,247
0.0011936,247
0.0011937,247
0.0011938,247
0.0011939,247
0.001194,247
0.0011941,247
0.0011942,247
0.0011943,247
0.0011944,247
0.0011945,247
0.0011946,247
0.0011947,247
0.0011948,247
0.0011949,247
0.001195,247
0.0011951,247
0.0011952,247
0.0011953,247
0.0011954,248
0.0011955,248
0.0011956,248
0.0011957,248
0.0011958,248
0.0011959,248
0.001196,248
0.0011961,248
0.0011962,248
0.0011963,248
0.0011964,248
0.0011965,248
0.0011966,248
0.0011967,248
0.0011968,248
0.0011969,248
0.001197,248
0.0011971,248
0.0011972,248
0.0011973,248
0.0011974,248
0.0011975,248
0.0011976,248
0.0011977,248
0.0011978,248
0.0011979,248
0.001198,248
0.0011981,248
0.0011982,248
0.0011983,248
0.0011984,248
0.0011985,248
0.0011986,248
0.0011987,248
0.0011988,248
0.0011989,248
0.001199,248
0.0011991,248
0.0011992,248
0.0011993,249
0.0011994,249
0.0011995,249
0.0011996,249
0.0011997,249
0.0011998,249
0.0011999,249
0.0012,249
0.0012001,249
0.0012002,249
0.0012003,249
0.0012004,249
0.0012005,249
0.0012006,249
0.0012007,249
0.0012008,249
0.0012009,249
0.001201,249
0.0012011,249
0.0012012,249
0.0012013,249
0.0012014,249
0.0012015,249
0.0012016,249
0.0012017,249
0.0012018,249
0.0012019,249
0.001202,249
0.0012021,249
0.0012022,249
0.0012023,249
0.0012024,249
0.0012025,249
0.0012026,249
0.0012027,249
0.0012028,249
0.0012029,249
0.001203,249
0.0012031,249
0.0012032,250
0.0012033,250
0.0012034,250
0.0012035,250
0.0012036,250
0.0012037,250
0.0012038,250
0.0012039,250
0.001204,250
0.0012041,250
0.0012042,250
0.0012043,250
0.0012044,250
0.0012045,250
0.0012046,250
0.0012047,250
0.0012048,250
0.0012049,250
0.001205,250
0.0012051,250
0.0012052,250
0.0012053,250
0.0012054,250
0.0012055,250
0.0012056,250
0.0012057,250
0.0012058,250
0.0012059,250
0.001206,250
0.0012061,250
0.0012062,250
0.0012063,250
0.0012064,250
0.0012065,250
0.0012066,250
0.0012067,250
0.0012068,250
0.0012069,250
0.001207,250
0.0012071,250
0.0012072,250
0.0012073,250
0.0012074,250
0.0012075,250
0.0012076,250
0.0012077,250
0.0012078,250
0.0012079,250
0.001208,250
0.0012081,251
0.0012082,251
0.0012083,251
0.0012084,251
0.0012085,251
0.0012086,251
0.0012087,251
0.0012088,251
0.0012089,251
0.001209,251
0.0012091,251
0.0012092,251
0.0012093,251
0.0012094,251
0.0012095,251
0.0012096,251
0.0012097,251
0.0012098,251
0.0012099,251
0.00121,251
0.0012101,251
0.0012102,251
0.0012103,251
0.0012104,251
0.0012105,251
0.0012106,251
0.0012107,251
0.0012108,251
0.0012109,251
0.001211,251
0.0012111,251
0.0012112,251
0.0012113,251
0.0012114,251
0.0012115,251
0.0012116,251
0.0012117,251
0.0012118,251
0.0012119,251
0.001212,251
0.0012121,251
0.0012122,251
0.0012123,251
0.0012124,251
0.0012125,251
0.0012126,251
0.0012127,251
0.0012128,251
0.0012129,252
0.001213,252
0.0012131,252
0.0012132,252
0.0012133,252
0.0012134,252
0.0012135,252
0.0012136,252
0.0012137,252
0.0012138,252
0.0012139,252
0.001214,252
0.0012141,252
0.0012142,252
0.0012143,252
0.0012144,252
0.0012145,252
0.0012146,252
0.0012147,252
0.0012148,252
0.0012149,252
0.001215,252
0.0012151,252
0.0012152,252
0.0012153,252
0.0012154,252
0.0012155,252
0.0012156,252
0.0012157,252
0.0012158,252
0.0012159,252
0.001216,252
0.0012161,252
0.0012162,252
0.0012163,252
0.0012164,252
0.0012165,252
0.0012166,252
0.0012167,252
0.0012168,252
0.0012169,252
0.001217,252
0.0012171,252
0.0012172,252
0.0012173,252
0.0012174,252
0.0012175,252
0.0012176,252
0.0012177,252
0.0012178,252
0.0012179,252
0.001218,252
0.0012181,252
0.0012182,252
0.0012183,252
0.0012184,252
0.0012185,252
0.0012186,252
0.0012187,252
0.0012188,253
0.0012189,253
0.001219,253
0.0012191,253
0.0012192,253
0.0012193,253
0.0012194,253
0.0012195,253
0.0012196,253
0.0012197,253
0.0012198,253
0.0012199,253
0.00122,253
0.0012201,253
0.0012202,253
0.0012203,253
0.0012204,253
0.0012205,253
0.0012206,253
0.0012207,253
0.0012208,253
0.0012209,253
0.001221,253
0.0012211,253
0.0012212,253
0.0012213,253
0.0012214,253
0.0012215,253
0.0012216,253
0.0012217,253
0.0012218,253
0.0012219,253
0.001222,253
0.0012221,253
0.0012222,253
0.0012223,253
0.0012224,253
0.0012225,253
0.0012226,253
0.0012227,253
0.0012228,253
0.0012229,253
0.001223,253
0.0012231,253
0.0012232,253
0.0012233,253
0.0012234,253
0.0012235,253
0.0012236,253
0.0012237,253
0.0012238,253
0.0012239,253
0.001224,253
0.0012241,253
0.0012242,253
0.0012243,253
0.0012244,253
0.0012245,253
0.0012246,253
0.0012247,253
0.0012248,253
0.0012249,253
0.001225,253
0.0012251,253
0.0012252,253
0.0012253,253
0.0012254,253
0.0012255,253
0.0012256,254
0.0012257,254
0.0012258,254
0.0012259,254
0.001226,254
0.0012261,254
0.0012262,254
0.0012263,254
0.0012264,254
0.0012265,254
0.0012266,254
0.0012267,254
0.0012268,254
0.0012269,254
0.001227,254
0.0012271,254
0.0012272,254
0.0012273,254
0.0012274,254
0.0012275,254
0.0012276,254
0.0012277,254
0.0012278,254
0.0012279,254
0.001228,254
0.0012281,254
0.0012282,254
0.0012283,254
0.0012284,254
0.0012285,254
0.0012286,254
0.0012287,254
0.0012288,254
0.0012289,254
0.001229,254
0.0012291,254
0.0012292,254
0.0012293,254
0.0012294,254
0.0012295,254
0.0012296,254
0.0012297,254
0.0012298,254
0.0012299,254
0.00123,254
0.0012301,254
0.0012302,254
0.0012303,254
0.0012304,254
0.0012305,254
0.0012306,254
0.0012307,254
0.0012308,254
0.0012309,254
0.001231,254
0.0012311,254
0.0012312,254
0.0012313,254
0.0012314,254
0.0012315,254
0.0012316,254
0.0012317,254
0.0012318,254
0.0012319,254
0.001232,254
0.0012321,254
0.0012322,254
0.0012323,254
0.0012324,254
0.0012325,254
0.0012326,254
0.0012327,254
0.0012328,254
0.0012329,254
0.001233,254
0.0012331,254
0.0012332,254
0.0012333,254
0.0012334,254
0.0012335,254
0.0012336,254
0.0012337,254
0.0012338,254
0.0012339,254
0.001234,254
0.0012341,254
0.0012342,254
0.0012343,254
0.0012344,254
0.0012345,254
0.0012346,254
0.0012347,254
0.0012348,254
0.0012349,254
0.001235,254
0.0012351,254
0.0012352,254
0.0012353,254
0.0012354,254
0.0012355,254
0.0012356,254
0.0012357,254
0.0012358,254
0.0012359,254
0.001236,254
0.0012361,254
0.0012362,254
0.0012363,254
0.0012364,255
0.0012365,255
0.0012366,255
0.0012367,255
0.0012368,255
0.0012369,255
0.001237,255
0.0012371,255
0.0012372,255
0.0012373,255
0.0012374,255
0.0012375,255
0.0012376,255
0.0012377,255
0.0012378,255
0.0012379,255
0.001238,255
0.0012381,255
0.0012382,255
0.0012383,255
0.0012384,255
0.0012385,255
0.0012386,255
0.0012387,255
0.0012388,255
0.0012389,255
0.001239,255
0.0012391,255
0.0012392,255
0.0012393,255
0.0012394,255
0.0012395,255
0.0012396,255
0.0012397,255
0.0012398,255
0.0012399,255
0.00124,255
0.0012401,255
0.0012402,255
0.0012403,255
0.0012404,255
0.0012405,255
0.0012406,255
0.0012407,255
0.0012408,255
0.0012409,255
0.001241,255
0.0012411,255
0.0012412,255
0.0012413,255
0.0012414,255
0.0012415,255
0.0012416,255
0.0012417,255
0.0012418,255
0.0012419,255
0.001242,255
0.0012421,255
0.0012422,255
0.0012423,255
0.0012424,255
0.0012425,255
0.0012426,255
0.0012427,255
0.0012428,255
0.0012429,255
0.001243,255
0.0012431,255
0.0012432,255
0.0012433,255
0.0012434,255
0.0012435,255
0.0012436,255
0.0012437,255
0.0012438,255
0.0012439,255
0.001244,255
0.0012441,255
0.0012442,255
0.0012443,255
0.0012444,255
0.0012445,255
0.0012446,255
0.0012447,255
0.0012448,255
0.0012449,255
0.001245,255
0.0012451,255
0.0012452,255
0.0012453,255
0.0012454,255
0.0012455,255
0.0012456,255
0.0012457,255
0.0012458,255
0.0012459,255
0.001246,255
0.0012461,255
0.0012462,255
0.0012463,255
0.0012464,255
0.0012465,255
0.0012466,255
0.0012467,255
0.0012468,255
0.0012469,255
0.001247,255
0.0012471,255
0.0012472,255
0.0012473,255
0.0012474,255
0.0012475,255
0.0012476,255
0.0012477,255
0.0012478,255
0.0012479,255
0.001248,255
0.0012481,255
0.0012482,255
0.0012483,255
0.0012484,255
0.0012485,255
0.0012486,255
0.0012487,255
0.0012488,255
0.0012489,255
0.001249,255
0.0012491,255
0.0012492,255
0.0012493,255
0.0012494,255
0.0012495,255
0.0012496,255
0.0012497,255
0.0012498,255
0.0012499,255
0.00125,255
0.0012501,255
0.0012502,255
0.0012503,255
0.0012504,255
0.0012505,255
0.0012506,255
0.0012507,255
0.0012508,255
0.0012509,255
0.001251,255
0.0012511,255
0.0012512,255
0.0012513,255
0.0012514,255
0.0012515,255
0.0012516,255
0.0012517,255
0.0012518,255
0.0012519,255
0.001252,255
0.0012521,255
0.0012522,255
0.0012523,255
0.0012524,255
0.0012525,255
0.0012526,255
0.0012527,255
0.0012528,255
0.0012529,255
0.001253,255
0.0012531,255
0.0012532,255
0.0012533,255
0.0012534,255
0.0012535,255
0.0012536,255
0.0012537,255
0.0012538,255
0.0012539,255
0.001254,255
0.0012541,255
0.0012542,255
0.0012543,255
0.0012544,255
0.0012545,255
0.0012546,255
0.0012547,255
0.0012548,255
0.0012549,255
0.001255,255
0.0012551,255
0.0012552,255
0.0012553,255
0.0012554,255
0.0012555,255
0.0012556,255
0.0012557,255
0.0012558,255
0.0012559,255
0.001256,255
0.0012561,255
0.0012562,255
0.0012563,255
0.0012564,255
0.0012565,255
0.0012566,255
0.0012567,255
0.0012568,255
0.0012569,255
0.001257,255
0.0012571,255
0.0012572,255
0.0012573,255
0.0012574,255
0.0012575,255
0.0012576,255
0.0012577,255
0.0012578,255
0.0012579,255
0.001258,255
0.0012581,255
0.0012582,255
0.0012583,255
0.0012584,255
0.0012585,255
0.0012586,255
0.0012587,255
0.0012588,255
0.0012589,255
0.001259,255
0.0012591,255
0.0012592,255
0.0012593,255
0.0012594,255
0.0012595,255
0.0012596,255
0.0012597,255
0.0012598,255
0.0012599,255
0.00126,255
0.0012601,255
0.0012602,255
0.0012603,255
0.0012604,255
0.0012605,255
0.0012606,255
0.0012607,255
0.0012608,255
0.0012609,255
0.001261,255
0.0012611,255
0.0012612,255
0.0012613,255
0.0012614,255
0.0012615,255
0.0012616,255
0.0012617,255
0.0012618,255
0.0012619,255
0.001262,255
0.0012621,255
0.0012622,255
0.0012623,255
0.0012624,255
0.0012625,255
0.0012626,255
0.0012627,255
0.0012628,255
0.0012629,255
0.001263,255
0.0012631,255
0.0012632,255
0.0012633,255
0.0012634,255
0.0012635,255
0.0012636,255
0.0012637,255
0.0012638,255
0.0012639,255
0.001264,255
0.0012641,255
0.0012642,255
0.0012643,255
0.0012644,255
0.0012645,255
0.0012646,255
0.0012647,254
0.0012648,254
0.0012649,254
0.001265,254
0.0012651,254
0.0012652,254
0.0012653,254
0.0012654,254
0.0012655,254
0.0012656,254
0.0012657,254
0.0012658,254
0.0012659,254
0.001266,254
0.0012661,254
0.0012662,254
0.0012663,254
0.0012664,254
0.0012665,254
0.0012666,254
0.0012667,254
0.0012668,254
0.0012669,254
0.001267,254
0.0012671,254
0.0012672,254
0.0012673,254
0.0012674,254
0.0012675,254
0.0012676,254
0.0012677,254
0.0012678,254
0.0012679,254
0.001268,254
0.0012681,254
0.0012682,254
0.0012683,254
0.0012684,254
0.0012685,254
0.0012686,254
0.0012687,254
0.0012688,254
0.0012689,254
0.001269,254
0.0012691,254
0.0012692,254
0.0012693,254
0.0012694,254
0.0012695,254
0.0012696,254
0.0012697,254
0.0012698,254
0.0012699,254
0.00127,254
0.0012701,254
0.0012702,254
0.0012703,254
0.0012704,254
0.0012705,254
0.0012706,254
0.0012707,254
0.0012708,254
0.0012709,254
0.001271,254
0.0012711,254
0.0012712,254
0.0012713,254
0.0012714,254
0.0012715,254
0.0012716,254
0.0012717,254
0.0012718,254
0.0012719,254
0.001272,254
0.0012721,254
0.0012722,254
0.0012723,254
0.0012724,254
0.0012725,254
0.0012726,254
0.0012727,254
0.0012728,254
0.0012729,254
0.001273,254
0.0012731,254
0.0012732,254
0.0012733,254
0.0012734,254
0.0012735,254
0.0012736,254
0.0012737,254
0.0012738,254
0.0012739,254
0.001274,254
0.0012741,254
0.0012742,254
0.0012743,254
0.0012744,254
0.0012745,254
0.0012746,254
0.0012747,254
0.0012748,254
0.0012749,254
0.001275,254
0.0012751,254
0.0012752,254
0.0012753,254
0.0012754,253
0.0012755,253
0.0012756,253
0.0012757,253
0.0012758,253
0.0012759,253
0.001276,253
0.0012761,253
0.0012762,253
0.0012763,253
0.0012764,253
0.0012765,253
0.0012766,253
0.0012767,253
0.0012768,253
0.0012769,253
0.001277,253
0.0012771,253
0.0012772,253
0.0012773,253
0.0012774,253
0.0012775,253
0.0012776,253
0.0012777,253
0.0012778,253
0.0012779,253
0.001278,253
0.0012781,253
0.0012782,253
0.0012783,253
0.0012784,253
0.0012785,253
0.0012786,253
0.0012787,253
0.0012788,253
0.0012789,253
0.001279,253
0.0012791,253
0.0012792,253
0.0012793,253
0.0012794,253
0.0012795,253
0.0012796,253
0.0012797,253
0.0012798,253
0.0012799,253
0.00128,253
0.0012801,253
0.0012802,253
0.0012803,253
0.0012804,253
0.0012805,253
0.0012806,253
0.0012807,253
0.0012808,253
0.0012809,253
0.001281,253
0.0012811,253
0.0012812,253
0.0012813,253
0.0012814,253
0.0012815,253
0.0012816,253
0.0012817,253
0.0012818,253
0.0012819,253
0.001282,253
0.0012821,253
0.0012822,253
0.0012823,252
0.0012824,252
0.0012825,252
0.0012826,252
0.0012827,252
0.0012828,252
0.0012829,252
0.001283,252
0.0012831,252
0.0012832,252
0.0012833,252
0.0012834,252
0.0012835,252
0.0012836,252
0.0012837,252
0.0012838,252
0.0012839,252
0.001284,252
0.0012841,252
0.0012842,252
0.0012843,252
0.0012844,252
0.0012845,252
0.0012846,252
0.0012847,252
0.0012848,252
0.0012849,252
0.001285,252
0.0012851,252
0.0012852,252
0.0012853,252
0.0012854,252
0.0012855,252
0.0012856,252
0.0012857,252
0.0012858,252
0.0012859,252
0.001286,252
0.0012861,252
0.0012862,252
0.0012863,252
0.0012864,252
0.0012865,252
0.0012866,252
0.0012867,252
0.0012868,252
0.0012869,252
0.001287,252
0.0012871,252
0.0012872,252
0.0012873,252
0.0012874,252
0.0012875,252
0.0012876,252
0.0012877,252
0.0012878,252
0.0012879,252
0.001288,252
0.0012881,251
0.0012882,251
0.0012883,251
0.0012884,251
0.0012885,251
0.0012886,251
0.0012887,251
0.0012888,251
0.0012889,251
0.001289,251
0.0012891,251
0.0012892,251
0.0012893,251
0.0012894,251
0.0012895,251
0.0012896,251
0.0012897,251
0.0012898,251
0.0012899,251
0.00129,251
0.0012901,251
0.0012902,251
0.0012903,251
0.0012904,251
0.0012905,251
0.0012906,251
0.0012907,251
0.0012908,251
0.0012909,251
0.001291,251
0.0012911,251
0.0012912,251
0.0012913,251
0.0012914,251
0.0012915,251
0.0012916,251
0.0012917,251
0.0012918,251
0.0012919,251
0.001292,251
0.0012921,251
0.0012922,251
0.0012923,251
0.0012924,251
0.0012925,251
0.0012926,251
0.0012927,251
0.0012928,251
0.0012929,251
0.001293,250
0.0012931,250
0.0012932,250
0.0012933,250
0.0012934,250
0.0012935,250
0.0012936,250
0.0012937,250
0.0012938,250
0.0012939,250
0.001294,250
0.0012941,250
0.0012942,250
0.0012943,250
0.0012944,250
0.0012945,250
0.0012946,250
0.0012947,250
0.0012948,250
0.0012949,250
0.001295,250
0.0012951,250
0.0012952,250
0.0012953,250
0.0012954,250
0.0012955,250
0.0012956,250
0.0012957,250
0.0012958,250
0.0012959,250
0.001296,250
0.0012961,250
0.0012962,250
0.0012963,250
0.0012964,250
0.0012965,250
0.0012966,250
0.0012967,250
0.0012968,250
0.0012969,250
0.001297,250
0.0012971,250
0.0012972,250
0.0012973,250
0.0012974,250
0.0012975,250
0.0012976,250
0.0012977,250
0.0012978,250
0.0012979,249
0.001298,249
0.0012981,249
0.0012982,249
0.0012983,249
0.0012984,249
0.0012985,249
0.0012986,249
0.0012987,249
0.0012988,249
0.0012989,249
0.001299,249
0.0012991,249
0.0012992,249
0.0012993,249
0.0012994,249
0.0012995,249
0.0012996,249
0.0012997,249
0.0012998,249
0.0012999,249
0.0013,249
0.0013001,249
0.0013002,249
0.0013003,249
0.0013004,249
0.0013005,249
0.0013006,249
0.0013007,249
0.0013008,249
0.0013009,249
0.001301,249
0.0013011,249
0.0013012,249
0.0013013,249
0.0013014,249
0.0013015,249
0.0013016,249
0.0013017,249
0.0013018,248
0.0013019,248
0.001302,248
0.0013021,248
0.0013022,248
0.0013023,248
0.0013024,248
0.0013025,248
0.0013026,248
0.0013027,248
0.0013028,248
0.0013029,248
0.001303,248
0.0013031,248
0.0013032,248
0.0013033,248
0.0013034,248
0.0013035,248
0.0013036,248
0.0013037,248
0.0013038,248
0.0013039,248
0.001304,248
0.0013041,248
0.0013042,248
0.0013043,248
0.0013044,248
0.0013045,248
0.0013046,248
0.0013047,248
0.0013048,248
0.0013049,248
0.001305,248
0.0013051,248
0.0013052,248
0.0013053,248
0.0013054,248
0.0013055,248
0.0013056,248
0.0013057,247
0.0013058,247
0.0013059,247
0.001306,247
0.0013061,247
0.0013062,247
0.0013063,247
0.0013064,247
0.0013065,247
0.0013066,247
0.0013067,247
0.0013068,247
0.0013069,247
0.001307,247
0.0013071,247
0.0013072,247
0.0013073,247
0.0013074,247
0.0013075,247
0.0013076,247
0.0013077,247
0.0013078,247
0.0013079,247
0.001308,247
0.0013081,247
0.0013082,247
0.0013083,247
0.0013084,247
0.0013085,247
0.0013086,246
0.0013087,246
0.0013088,246
0.0013089,246
0.001309,246
0.0013091,246
0.0013092,246
0.0013093,246
0.0013094,246
0.0013095,246
0.0013096,246
0.0013097,246
0.0013098,246
0.0013099,246
0.00131,246
0.0013101,246
0.0013102,246
0.0013103,246
0.0013104,246
0.0013105,246
0.0013106,246
0.0013107,246
0.0013108,246
0.0013109,246
0.001311,246
0.0013111,246
0.0013112,246
0.0013113,246
0.0013114,246
0.0013115,246
0.0013116,246
0.0013117,246
0.0013118,246
0.0013119,246
0.001312,246
0.0013121,246
0.0013122,246
0.0013123,246
0.0013124,246
0.0013125,246
0.0013126,245
0.0013127,245
0.0013128,245
0.0013129,245
0.001313,245
0.0013131,245
0.0013132,245
0.0013133,245
0.0013134,245
0.0013135,245
0.0013136,245
0.0013137,245
0.0013138,245
0.0013139,245
0.001314,245
0.0013141,245
0.0013142,245
0.0013143,245
0.0013144,245
0.0013145,245
0.0013146,245
0.0013147,245
0.0013148,245
0.0013149,245
0.001315,245
0.0013151,245
0.0013152,245
0.0013153,245
0.0013154,245
0.0013155,244
0.0013156,244
0.0013157,244
0.0013158,244
0.0013159,244
0.001316,244
0.0013161,244
0.0013162,244
0.0013163,244
0.0013164,244
0.0013165,244
0.0013166,244
0.0013167,244
0.0013168,244
0.0013169,244
0.001317,244
0.0013171,244
0.0013172,244
0.0013173,244
0.0013174,244
0.0013175,244
0.0013176,244
0.0013177,244
0.0013178,244
0.0013179,244
0.001318,244
0.0013181,244
0.0013182,244
0.0013183,244
0.0013184,243
0.0013185,243
0.0013186,243
0.0013187,243
0.0013188,243
0.0013189,243
0.001319,243
0.0013191,243
0.0013192,243
0.0013193,243
0.0013194,243
0.0013195,243
0.0013196,243
0.0013197,243
0.0013198,243
0.0013199,243
0.00132,243
0.0013201,243
0.0013202,243
0.0013203,243
0.0013204,243
0.0013205,243
0.0013206,243
0.0013207,243
0.0013208,243
0.0013209,243
0.001321,243
0.0013211,243
0.0013212,243
0.0013213,242
0.0013214,242
0.0013215,242
0.0013216,242
0.0013217,242
0.0013218,242
0.0013219,242
0.001322,242
0.0013221,242
0.0013222,242
0.0013223,242
0.0013224,242
0.0013225,242
0.0013226,242
0.0013227,242
0.0013228,242
0.0013229,242
0.001323,242
0.0013231,242
0.0013232,242
0.0013233,242
0.0013234,242
0.0013235,242
0.0013236,242
0.0013237,242
0.0013238,242
0.0013239,242
0.001324,242
0.0013241,242
0.0013242,242
0.0013243,241
0.0013244,241
0.0013245,241
0.0013246,241
0.0013247,241
0.0013248,241
0.0013249,241
0.001325,241
0.0013251,241
0.0013252,241
0.0013253,241
0.0013254,241
0.0013255,241
0.0013256,241
0.0013257,241
0.0013258,241
0.0013259,241
0.001326,241
0.0013261,241
0.0013262,241
0.0013263,241
0.0013264,241
0.0013265,241
0.0013266,241
0.0013267,241
0.0013268,241
0.0013269,241
0.001327,241
0.0013271,241
0.0013272,240
0.0013273,240
0.0013274,240
0.0013275,240
0.0013276,240
0.0013277,240
0.0013278,240
0.0013279,240
0.001328,240
0.0013281,240
0.0013282,240
0.0013283,240
0.0013284,240
0.0013285,240
0.0013286,240
0.0013287,240
0.0013288,240
0.0013289,240
0.001329,240
0.0013291,240
0.0013292,240
0.0013293,240
0.0013294,240
0.0013295,240
0.0013296,240
0.0013297,240
0.0013298,240
0.0013299,240
0.00133,240
0.0013301,239
0.0013302,239
0.0013303,239
0.0013304,239
0.0013305,239
0.0013306,239
0.0013307,239
0.0013308,239
0.0013309,239
0.001331,239
0.0013311,239
0.0013312,239
0.0013313,239
0.0013314,239
0.0013315,239
0.0013316,239
0.0013317,239
0.0013318,239
0.0013319,239
0.001332,239
0.0013321,239
0.0013322,239
0.0013323,239
0.0013324,239
0.0013325,239
0.0013326,239
0.0013327,239
0.0013328,239
0.0013329,239
0.001333,239
0.0013331,238
0.0013332,238
0.0013333,238
0.0013334,238
0.0013335,238
0.0013336,238
0.0013337,238
0.0013338,238
0.0013339,238
0.001334,238
0.0013341,238
0.0013342,238
0.0013343,238
0.0013344,238
0.0013345,238
0.0013346,238
0.0013347,238
0.0013348,238
0.0013349,238
0.001335,237
0.0013351,237
0.0013352,237
0.0013353,237
0.0013354,237
0.0013355,237
0.0013356,237
0.0013357,237
0.0013358,237
0.0013359,237
0.001336,237
0.0013361,237
0.0013362,237
0.0013363,237
0.0013364,237
0.0013365,237
0.0013366,237
0.0013367,237
0.0013368,237
0.0013369,237
0.001337,237
0.0013371,237
0.0013372,237
0.0013373,237
0.0013374,237
0.0013375,237
0.0013376,237
0.0013377,237
0.0013378,237
0.0013379,236
0.001338,236
0.0013381,236
0.0013382,236
0.0013383,236
0.0013384,236
0.0013385,236
0.0013386,236
0.0013387,236
0.0013388,236
0.0013389,236
0.001339,236
0.0013391,236
0.0013392,236
0.0013393,236
0.0013394,236
0.0013395,236
0.0013396,236
0.0013397,236
0.0013398,236
0.0013399,235
0.00134,235
0.0013401,235
0.0013402,235
0.0013403,235
0.0013404,235
0.0013405,235
0.0013406,235
0.0013407,235
0.0013408,235
0.0013409,235
0.001341,235
0.0013411,235
0.0013412,235
0.0013413,235
0.0013414,235
0.0013415,235
0.0013416,235
0.0013417,235
0.0013418,234
0.0013419,234
0.001342,234
0.0013421,234
0.0013422,234
0.0013423,234
0.0013424,234
0.0013425,234
0.0013426,234
0.0013427,234
0.0013428,234
0.0013429,234
0.001343,234
0.0013431,234
0.0013432,234
0.0013433,234
0.0013434,234
0.0013435,234
0.0013436,234
0.0013437,234
0.0013438,234
0.0013439,234
0.001344,234
0.0013441,234
0.0013442,234
0.0013443,234
0.0013444,234
0.0013445,234
0.0013446,234
0.0013447,234
0.0013448,233
0.0013449,233
0.001345,233
0.0013451,233
0.0013452,233
0.0013453,233
0.0013454,233
0.0013455,233
0.0013456,233
0.0013457,233
0.0013458,233
0.0013459,233
0.001346,233
0.0013461,233
0.0013462,233
0.0013463,233
0.0013464,233
0.0013465,233
0.0013466,233
0.0013467,232
0.0013468,232
0.0013469,232
0.001347,232
0.0013471,232
0.0013472,232
0.0013473,232
0.0013474,232
0.0013475,232
0.0013476,232
0.0013477,232
0.0013478,232
0.0013479,232
0.001348,232
0.0013481,232
0.0013482,232
0.0013483,232
0.0013484,232
0.0013485,232
0.0013486,232
0.0013487,231
0.0013488,231
0.0013489,231
0.001349,231
0.0013491,231
0.0013492,231
0.0013493,231
0.0013494,231
0.0013495,231
0.0013496,231
0.0013497,231
0.0013498,231
0.0013499,231
0.00135,231
0.0013501,231
0.0013502,231
0.0013503,231
0.0013504,231
0.0013505,231
0.0013506,230
0.0013507,230
0.0013508,230
0.0013509,230
0.001351,230
0.0013511,230
0.0013512,230
0.0013513,230
0.0013514,230
0.0013515,230
0.0013516,230
0.0013517,230
0.0013518,230
0.0013519,230
0.001352,230
0.0013521,230
0.0013522,230
0.0013523,230
0.0013524,230
0.0013525,230
0.0013526,230
0.0013527,230
0.0013528,230
0.0013529,230
0.001353,230
0.0013531,230
0.0013532,230
0.0013533,230
0.0013534,230
0.0013535,230
0.0013536,229
0.0013537,229
0.0013538,229
0.0013539,229
0.001354,229
0.0013541,229
0.0013542,229
0.0013543,229
0.0013544,229
0.0013545,229
0.0013546,229
0.0013547,229
0.0013548,229
0.0013549,229
0.001355,229
0.0013551,229
0.0013552,229
0.0013553,229
0.0013554,229
0.0013555,228
0.0013556,228
0.0013557,228
0.0013558,228
0.0013559,228
0.001356,228
0.0013561,228
0.0013562,228
0.0013563,228
0.0013564,228
0.0013565,228
0.0013566,228
0.0013567,228
0.0013568,228
0.0013569,228
0.001357,228
0.0013571,228
0.0013572,228
0.0013573,228
0.0013574,228
0.0013575,227
0.0013576,227
0.0013577,227
0.0013578,227
0.0013579,227
0.001358,227
0.0013581,227
0.0013582,227
0.0013583,227
0.0013584,227
0.0013585,227
0.0013586,227
0.0013587,227
0.0013588,227
0.0013589,227
0.001359,227
0.0013591,227
0.0013592,227
0.0013593,227
0.0013594,226
0.0013595,226
0.0013596,226
0.0013597,226
0.0013598,226
0.0013599,226
0.00136,226
0.0013601,226
0.0013602,226
0.0013603,226
0.0013604,226
0.0013605,226
0.0013606,226
0.0013607,226
0.0013608,226
0.0013609,226
0.001361,226
0.0013611,226
0.0013612,226
0.0013613,226
0.0013614,225
0.0013615,225
0.0013616,225
0.0013617,225
0.0013618,225
0.0013619,225
0.001362,225
0.0013621,225
0.0013622,225
0.0013623,225
0.0013624,225
0.0013625,225
0.0013626,225
0.0013627,225
0.0013628,225
0.0013629,225
0.001363,225
0.0013631,225
0.0013632,225
0.0013633,224
0.0013634,224
0.0013635,224
0.0013636,224
0.0013637,224
0.0013638,224
0.0013639,224
0.001364,224
0.0013641,224
0.0013642,224
0.0013643,224
0.0013644,224
0.0013645,224
0.0013646,224
0.0013647,224
0.0013648,224
0.0013649,224
0.001365,224
0.0013651,224
0.0013652,224
0.0013653,223
0.0013654,223
0.0013655,223
0.0013656,223
0.0013657,223
0.0013658,223
0.0013659,223
0.001366,223
0.0013661,223
0.0013662,223
0.0013663,223
0.0013664,223
0.0013665,223
0.0013666,223
0.0013667,223
0.0013668,223
0.0013669,223
0.001367,223
0.0013671,223
0.0013672,222
0.0013673,222
0.0013674,222
0.0013675,222
0.0013676,222
0.0013677,222
0.0013678,222
0.0013679,222
0.001368,222
0.0013681,222
0.0013682,222
0.0013683,222
0.0013684,222
0.0013685,222
0.0013686,222
0.0013687,222
0.0013688,222
0.0013689,222
0.001369,222
0.0013691,222
0.0013692,221
0.0013693,221
0.0013694,221
0.0013695,221
0.0013696,221
0.0013697,221
0.0013698,221
0.0013699,221
0.00137,221
0.0013701,221
0.0013702,221
0.0013703,221
0.0013704,221
0.0013705,221
0.0013706,221
0.0013707,221
0.0013708,221
0.0013709,221
0.001371,221
0.0013711,220
0.0013712,220
0.0013713,220
0.0013714,220
0.0013715,220
0.0013716,220
0.0013717,220
0.0013718,220
0.0013719,220
0.001372,220
0.0013721,219
0.0013722,219
0.0013723,219
0.0013724,219
0.0013725,219
0.0013726,219
0.0013727,219
0.0013728,219
0.0013729,219
0.001373,219
0.0013731,219
0.0013732,219
0.0013733,219
0.0013734,219
0.0013735,219
0.0013736,219
0.0013737,219
0.0013738,219
0.0013739,219
0.001374,219
0.0013741,218
0.0013742,218
0.0013743,218
0.0013744,218
0.0013745,218
0.0013746,218
0.0013747,218
0.0013748,218
0.0013749,218
0.001375,218
0.0013751,218
0.0013752,218
0.0013753,218
0.0013754,218
0.0013755,218
0.0013756,218
0.0013757,218
0.0013758,218
0.0013759,218
0.001376,217
0.0013761,217
0.0013762,217
0.0013763,217
0.0013764,217
0.0013765,217
0.0013766,217
0.0013767,217
0.0013768,217
0.0013769,217
0.001377,217
0.0013771,217
0.0013772,217
0.0013773,217
0.0013774,217
0.0013775,217
0.0013776,217
0.0013777,217
0.0013778,217
0.0013779,217
0.001378,216
0.0013781,216
0.0013782,216
0.0013783,216
0.0013784,216
0.0013785,216
0.0013786,216
0.0013787,216
0.0013788,216
0.0013789,216
0.001379,216
0.0013791,216
0.0013792,216
0.0013793,216
0.0013794,216
0.0013795,216
0.0013796,216
0.0013797,216
0.0013798,216
0.0013799,215
0.00138,215
0.0013801,215
0.0013802,215
0.0013803,215
0.0013804,215
0.0013805,215
0.0013806,215
0.0013807,215
0.0013808,215
0.0013809,214
0.001381,214
0.0013811,214
0.0013812,214
0.0013813,214
0.0013814,214
0.0013815,214
0.0013816,214
0.0013817,214
0.0013818,214
0.0013819,214
0.001382,214
0.0013821,214
0.0013822,214
0.0013823,214
0.0013824,214
0.0013825,214
0.0013826,214
0.0013827,214
0.0013828,214
0.0013829,213
0.001383,213
0.0013831,213
0.0013832,213
0.0013833,213
0.0013834,213
0.0013835,213
0.0013836,213
0.0013837,213
0.0013838,213
0.0013839,213
0.001384,213
0.0013841,213
0.0013842,213
0.0013843,213
0.0013844,213
0.0013845,213
0.0013846,213
0.0013847,213
0.0013848,212
0.0013849,212
0.001385,212
0.0013851,212
0.0013852,212
0.0013853,212
0.0013854,212
0.0013855,212
0.0013856,212
0.0013857,212
0.0013858,212
0.0013859,212
0.001386,212
0.0013861,212
0.0013862,212
0.0013863,212
0.0013864,212
0.0013865,212
0.0013866,212
0.0013867,212
0.0013868,211
0.0013869,211
0.001387,211
0.0013871,211
0.0013872,211
0.0013873,211
0.0013874,211
0.0013875,211
0.0013876,211
0.0013877,210
0.0013878,210
0.0013879,210
0.001388,210
0.0013881,210
0.0013882,210
0.0013883,210
0.0013884,210
0.0013885,210
0.0013886,210
0.0013887,210
0.0013888,210
0.0013889,210
0.001389,210
0.0013891,210
0.0013892,210
0.0013893,210
0.0013894,210
0.0013895,210
0.0013896,210
0.0013897,209
0.0013898,209
0.0013899,209
0.00139,209
0.0013901,209
0.0013902,209
0.0013903,209
0.0013904,209
0.0013905,209
0.0013906,209
0.0013907,209
0.0013908,209
0.0013909,209
0.001391,209
0.0013911,209
0.0013912,209
0.0013913,209
0.0013914,209
0.0013915,209
0.0013916,209
0.0013917,208
0.0013918,208
0.0013919,208
0.001392,208
0.0013921,208
0.0013922,208
0.0013923,208
0.0013924,208
0.0013925,208
0.0013926,207
0.0013927,207
0.0013928,207
0.0013929,207
0.001393,207
0.0013931,207
0.0013932,207
0.0013933,207
0.0013934,207
0.0013935,207
0.0013936,207
0.0013937,207
0.0013938,207
0.0013939,207
0.001394,207
0.0013941,207
0.0013942,207
0.0013943,207
0.0013944,207
0.0013945,207
0.0013946,206
0.0013947,206
0.0013948,206
0.0013949,206
0.001395,206
0.0013951,206
0.0013952,206
0.0013953,206
0.0013954,206
0.0013955,206
0.0013956,206
0.0013957,206
0.0013958,206
0.0013959,206
0.001396,206
0.0013961,206
0.0013962,206
0.0013963,206
0.0013964,206
0.0013965,205
0.0013966,205
0.0013967,205
0.0013968,205
0.0013969,205
0.001397,205
0.0013971,205
0.0013972,205
0.0013973,205
0.0013974,205
0.0013975,204
0.0013976,204
0.0013977,204
0.0013978,204
0.0013979,204
0.001398,204
0.0013981,204
0.0013982,204
0.0013983,204
0.0013984,204
0.0013985,204
0.0013986,204
0.0013987,204
0.0013988,204
0.0013989,204
0.001399,204
0.0013991,204
0.0013992,204
0.0013993,204
0.0013994,204
0.0013995,203
0.0013996,203
0.0013997,203
0.0013998,203
0.0013999,203
0.0014,203
0.0014001,203
0.0014002,203
0.0014003,203
0.0014004,202
0.0014005,202
0.0014006,202
0.0014007,202
0.0014008,202
0.0014009,202
0.001401,202
0.0014011,202
0.0014012,202
0.0014013,202
0.0014014,202
0.0014015,202
0.0014016,202
0.0014017,202
0.0014018,202
0.0014019,202
0.001402,202
0.0014021,202
0.0014022,202
0.0014023,202
0.0014024,201
0.0014025,201
0.0014026,201
0.0014027,201
0.0014028,201
0.0014029,201
0.001403,201
0.0014031,201
0.0014032,201
0.0014033,201
0.0014034,200
0.0014035,200
0.0014036,200
0.0014037,200
0.0014038,200
0.0014039,200
0.001404,200
0.0014041,200
0.0014042,200
0.0014043,200
0.0014044,200
0.0014045,200
0.0014046,200
0.0014047,200
0.0014048,200
0.0014049,200
0.001405,200
0.0014051,200
0.0014052,200
0.0014053,199
0.0014054,199
0.0014055,199
0.0014056,199
0.0014057,199
0.0014058,199
0.0014059,199
0.001406,199
0.0014061,199
0.0014062,199
0.0014063,199
0.0014064,199
0.0014065,199
0.0014066,199
0.0014067,199
0.0014068,199
0.0014069,199
0.001407,199
0.0014071,199
0.0014072,199
0.0014073,198
0.0014074,198
0.0014075,198
0.0014076,198
0.0014077,198
0.0014078,198
0.0014079,198
0.001408,198
0.0014081,198
0.0014082,198
0.0014083,197
0.0014084,197
0.0014085,197
0.0014086,197
0.0014087,197
0.0014088,197
0.0014089,197
0.001409,197
0.0014091,197
0.0014092,197
0.0014093,197
0.0014094,197
0.0014095,197
0.0014096,197
0.0014097,197
0.0014098,197
0.0014099,197
0.00141,197
0.0014101,197
0.0014102,196
0.0014103,196
0.0014104,196
0.0014105,196
0.0014106,196
0.0014107,196
0.0014108,196
0.0014109,196
0.001411,196
0.0014111,196
0.0014112,195
0.0014113,195
0.0014114,195
0.0014115,195
0.0014116,195
0.0014117,195
0.0014118,195
0.0014119,195
0.001412,195
0.0014121,195
0.0014122,195
0.0014123,195
0.0014124,195
0.0014125,195
0.0014126,195
0.0014127,195
0.0014128,195
0.0014129,195
0.001413,195
0.0014131,194
0.0014132,194
0.0014133,194
0.0014134,194
0.0014135,194
0.0014136,194
0.0014137,194
0.0014138,194
0.0014139,194
0.001414,194
0.0014141,193
0.0014142,193
0.0014143,193
0.0014144,193
0.0014145,193
0.0014146,193
0.0014147,193
0.0014148,193
0.0014149,193
0.001415,193
0.0014151,193
0.0014152,193
0.0014153,193
0.0014154,193
0.0014155,193
0.0014156,193
0.0014157,193
0.0014158,193
0.0014159,193
0.001416,193
0.0014161,192
0.0014162,192
0.0014163,192
0.0014164,192
0.0014165,192
0.0014166,192
0.0014167,192
0.0014168,192
0.0014169,192
0.001417,191
0.0014171,191
0.0014172,191
0.0014173,191
0.0014174,191
0.0014175,191
0.0014176,191
0.0014177,191
0.0014178,191
0.0014179,191
0.001418,191
0.0014181,191
0.0014182,191
0.0014183,191
0.0014184,191
0.0014185,191
0.0014186,191
0.0014187,191
0.0014188,191
0.0014189,191
0.001419,190
0.0014191,190
0.0014192,190
0.0014193,190
0.0014194,190
0.0014195,190
0.0014196,190
0.0014197,190
0.0014198,190
0.0014199,190
0.00142,189
0.0014201,189
0.0014202,189
0.0014203,189
0.0014204,189
0.0014205,189
0.0014206,189
0.0014207,189
0.0014208,189
0.0014209,189
0.001421,189
0.0014211,189
0.0014212,189
0.0014213,189
0.0014214,189
0.0014215,189
0.0014216,189
0.0014217,189
0.0014218,189
0.0014219,188
0.001422,188
0.0014221,188
0.0014222,188
0.0014223,188
0.0014224,188
0.0014225,188
0.0014226,188
0.0014227,188
0.0014228,188
0.0014229,187
0.001423,187
0.0014231,187
0.0014232,187
0.0014233,187
0.0014234,187
0.0014235,187
0.0014236,187
0.0014237,187
0.0014238,187
0.0014239,186
0.001424,186
0.0014241,186
0.0014242,186
0.0014243,186
0.0014244,186
0.0014245,186
0.0014246,186
0.0014247,186
0.0014248,186
0.0014249,186
0.001425,186
0.0014251,186
0.0014252,186
0.0014253,186
0.0014254,186
0.0014255,186
0.0014256,186
0.0014257,186
0.0014258,185
0.0014259,185
0.001426,185
0.0014261,185
0.0014262,185
0.0014263,185
0.0014264,185
0.0014265,185
0.0014266,185
0.0014267,185
0.0014268,184
0.0014269,184
0.001427,184
0.0014271,184
0.0014272,184
0.0014273,184
0.0014274,184
0.0014275,184
0.0014276,184
0.0014277,184
0.0014278,184
0.0014279,184
0.001428,184
0.0014281,184
0.0014282,184
0.0014283,184
0.0014284,184
0.0014285,184
0.0014286,184
0.0014287,184
0.0014288,183
0.0014289,183
0.001429,183
0.0014291,183
0.0014292,183
0.0014293,183
0.0014294,183
0.0014295,183
0.0014296,183
0.0014297,182
0.0014298,182
0.0014299,182
0.00143,182
0.0014301,182
0.0014302,182
0.0014303,182
0.0014304,182
0.0014305,182
0.0014306,182
0.0014307,182
0.0014308,182
0.0014309,182
0.001431,182
0.0014311,182
0.0014312,182
0.0014313,182
0.0014314,182
0.0014315,182
0.0014316,182
0.0014317,181
0.0014318,181
0.0014319,181
0.001432,181
0.0014321,181
0.0014322,181
0.0014323,181
0.0014324,181
0.0014325,181
0.0014326,181
0.0014327,180
0.0014328,180
0.0014329,180
0.001433,180
0.0014331,180
0.0014332,180
0.0014333,180
0.0014334,180
0.0014335,180
0.0014336,179
0.0014337,179
0.0014338,179
0.0014339,179
0.001434,179
0.0014341,179
0.0014342,179
0.0014343,179
0.0014344,179
0.0014345,179
0.0014346,179
0.0014347,179
0.0014348,179
0.0014349,179
0.001435,179
0.0014351,179
0.0014352,179
0.0014353,179
0.0014354,179
0.0014355,179
0.0014356,178
0.0014357,178
0.0014358,178
0.0014359,178
0.001436,178
0.0014361,178
0.0014362,178
0.0014363,178
0.0014364,178
0.0014365,178
0.0014366,177
0.0014367,177
0.0014368,177
0.0014369,177
0.001437,177
0.0014371,177
0.0014372,177
0.0014373,177
0.0014374,177
0.0014375,177
0.0014376,177
0.0014377,177
0.0014378,177
0.0014379,177
0.001438,177
0.0014381,177
0.0014382,177
0.0014383,177
0.0014384,177
0.0014385,176
0.0014386,176
0.0014387,176
0.0014388,176
0.0014389,176
0.001439,176
0.0014391,176
0.0014392,176
0.0014393,176
0.0014394,176
0.0014395,175
0.0014396,175
0.0014397,175
0.0014398,175
0.0014399,175
0.00144,175
0.0014401,175
0.0014402,175
0.0014403,175
0.0014404,175
0.0014405,174
0.0014406,174
0.0014407,174
0.0014408,174
0.0014409,174
0.001441,174
0.0014411,174
0.0014412,174
0.0014413,174
0.0014414,174
0.0014415,174
0.0014416,174
0.0014417,174
0.0014418,174
0.0014419,174
0.001442,174
0.0014421,174
0.0014422,174
0.0014423,174
0.0014424,173
0.0014425,173
0.0014426,173
0.0014427,173
0.0014428,173
0.0014429,173
0.001443,173
0.0014431,173
0.0014432,173
0.0014433,173
0.0014434,172
0.0014435,172
0.0014436,172
0.0014437,172
0.0014438,172
0.0014439,172
0.001444,172
0.0014441,172
0.0014442,172
0.0014443,172
0.0014444,172
0.0014445,172
0.0014446,172
0.0014447,172
0.0014448,172
0.0014449,172
0.001445,172
0.0014451,172
0.0014452,172
0.0014453,172
0.0014454,171
0.0014455,171
0.0014456,171
0.0014457,171
0.0014458,171
0.0014459,171
0.001446,171
0.0014461,171
0.0014462,171
0.0014463,170
0.0014464,170
0.0014465,170
0.0014466,170
0.0014467,170
0.0014468,170
0.0014469,170
0.001447,170
0.0014471,170
0.0014472,170
0.0014473,169
0.0014474,169
0.0014475,169
0.0014476,169
0.0014477,169
0.0014478,169
0.0014479,169
0.001448,169
0.0014481,169
0.0014482,169
0.0014483,169
0.0014484,169
0.0014485,169
0.0014486,169
0.0014487,169
0.0014488,169
0.0014489,169
0.001449,169
0.0014491,169
0.0014492,169
0.0014493,168
0.0014494,168
0.0014495,168
0.0014496,168
0.0014497,168
0.0014498,168
0.0014499,168
0.00145,168
0.0014501,168
0.0014502,167
0.0014503,167
0.0014504,167
0.0014505,167
0.0014506,167
0.0014507,167
0.0014508,167
0.0014509,167
0.001451,167
0.0014511,167
0.0014512,166
0.0014513,166
0.0014514,166
0.0014515,166
0.0014516,166
0.0014517,166
0.0014518,166
0.0014519,166
0.001452,166
0.0014521,166
0.0014522,166
0.0014523,166
0.0014524,166
0.0014525,166
0.0014526,166
0.0014527,166
0.0014528,166
0.0014529,166
0.001453,166
0.0014531,166
0.0014532,165
0.0014533,165
0.0014534,165
0.0014535,165
0.0014536,165
0.0014537,165
0.0014538,165
0.0014539,165
0.001454,165
0.0014541,165
0.0014542,164
0.0014543,164
0.0014544,164
0.0014545,164
0.0014546,164
0.0014547,164
0.0014548,164
0.0014549,164
0.001455,164
0.0014551,163
0.0014552,163
0.0014553,163
0.0014554,163
0.0014555,163
0.0014556,163
0.0014557,163
0.0014558,163
0.0014559,163
0.001456,163
0.0014561,163
0.0014562,163
0.0014563,163
0.0014564,163
0.0014565,163
0.0014566,163
0.0014567,163
0.0014568,163
0.0014569,163
0.001457,163
0.0014571,162
0.0014572,162
0.0014573,162
0.0014574,162
0.0014575,162
0.0014576,162
0.0014577,162
0.0014578,162
0.0014579,162
0.001458,162
0.0014581,161
0.0014582,161
0.0014583,161
0.0014584,161
0.0014585,161
0.0014586,161
0.0014587,161
0.0014588,161
0.0014589,161
0.001459,160
0.0014591,160
0.0014592,160
0.0014593,160
0.0014594,160
0.0014595,160
0.0014596,160
0.0014597,160
0.0014598,160
0.0014599,160
0.00146,160
0.0014601,160
0.0014602,160
0.0014603,160
0.0014604,160
0.0014605,160
0.0014606,160
0.0014607,160
0.0014608,160
0.0014609,160
0.001461,159
0.0014611,159
0.0014612,159
0.0014613,159
0.0014614,159
0.0014615,159
0.0014616,159
0.0014617,159
0.0014618,159
0.0014619,159
0.001462,158
0.0014621,158
0.0014622,158
0.0014623,158
0.0014624,158
0.0014625,158
0.0014626,158
0.0014627,158
0.0014628,158
0.0014629,157
0.001463,157
0.0014631,157
0.0014632,157
0.0014633,157
0.0014634,157
0.0014635,157
0.0014636,157
0.0014637,157
0.0014638,157
0.0014639,157
0.001464,157
0.0014641,157
0.0014642,157
0.0014643,157
0.0014644,157
0.0014645,157
0.0014646,157
0.0014647,157
0.0014648,157
0.0014649,156
0.001465,156
0.0014651,156
0.0014652,156
0.0014653,156
0.0014654,156
0.0014655,156
0.0014656,156
0.0014657,156
0.0014658,156
0.0014659,155
0.001466,155
0.0014661,155
0.0014662,155
0.0014663,155
0.0014664,155
0.0014665,155
0.0014666,155
0.0014667,155
0.0014668,154
0.0014669,154
0.001467,154
0.0014671,154
0.0014672,154
0.0014673,154
0.0014674,154
0.0014675,154
0.0014676,154
0.0014677,154
0.0014678,154
0.0014679,154
0.001468,154
0.0014681,154
0.0014682,154
0.0014683,154
0.0014684,154
0.0014685,154
0.0014686,154
0.0014687,154
0.0014688,153
0.0014689,153
0.001469,153
0.0014691,153
0.0014692,153
0.0014693,153
0.0014694,153
0.0014695,153
0.0014696,153
0.0014697,153
0.0014698,152
0.0014699,152
0.00147,152
0.0014701,152
0.0014702,152
0.0014703,152
0.0014704,152
0.0014705,152
0.0014706,152
0.0014707,152
0.0014708,151
0.0014709,151
0.001471,151
0.0014711,151
0.0014712,151
0.0014713,151
0.0014714,151
0.0014715,151
0.0014716,151
0.0014717,150
0.0014718,150
0.0014719,150
0.001472,150
0.0014721,150
0.0014722,150
0.0014723,150
0.0014724,150
0.0014725,150
0.0014726,150
0.0014727,150
0.0014728,150
0.0014729,150
0.001473,150
0.0014731,150
0.0014732,150
0.0014733,150
0.0014734,150
0.0014735,150
0.0014736,150
0.0014737,149
0.0014738,149
0.0014739,149
0.001474,149
0.0014741,149
0.0014742,149
0.0014743,149
0.0014744,149
0.0014745,149
0.0014746,149
0.0014747,148
0.0014748,148
0.0014749,148
0.001475,148
0.0014751,148
0.0014752,148
0.0014753,148
0.0014754,148
0.0014755,148
0.0014756,147
0.0014757,147
0.0014758,147
0.0014759,147
0.001476,147
0.0014761,147
0.0014762,147
0.0014763,147
0.0014764,147
0.0014765,147
0.0014766,147
0.0014767,147
0.0014768,147
0.0014769,147
0.001477,147
0.0014771,147
0.0014772,147
0.0014773,147
0.0014774,147
0.0014775,147
0.0014776,146
0.0014777,146
0.0014778,146
0.0014779,146
0.001478,146
0.0014781,146
0.0014782,146
0.0014783,146
0.0014784,146
0.0014785,146
0.0014786,145
0.0014787,145
0.0014788,145
0.0014789,145
0.001479,145
0.0014791,145
0.0014792,145
0.0014793,145
0.0014794,145
0.0014795,144
0.0014796,144
0.0014797,144
0.0014798,144
0.0014799,144
0.00148,144
0.0014801,144
0.0014802,144
0.0014803,144
0.0014804,144
0.0014805,144
0.0014806,144
0.0014807,144
0.0014808,144
0.0014809,144
0.001481,144
0.0014811,144
0.0014812,144
0.0014813,144
0.0014814,144
0.0014815,143
0.0014816,143
0.0014817,143
0.0014818,143
0.0014819,143
0.001482,143
0.0014821,143
0.0014822,143
0.0014823,143
0.0014824,143
0.0014825,142
0.0014826,142
0.0014827,142
0.0014828,142
0.0014829,142
0.001483,142
0.0014831,142
0.0014832,142
0.0014833,142
0.0014834,142
0.0014835,141
0.0014836,141
0.0014837,141
0.0014838,141
0.0014839,141
0.001484,141
0.0014841,141
0.0014842,141
0.0014843,141
0.0014844,140
0.0014845,140
0.0014846,140
0.0014847,140
0.0014848,140
0.0014849,140
0.001485,140
0.0014851,140
0.0014852,140
0.0014853,140
0.0014854,140
0.0014855,140
0.0014856,140
0.0014857,140
0.0014858,140
0.0014859,140
0.001486,140
0.0014861,140
0.0014862,140
0.0014863,140
0.0014864,139
0.0014865,139
0.0014866,139
0.0014867,139
0.0014868,139
0.0014869,139
0.001487,139
0.0014871,139
0.0014872,139
0.0014873,139
0.0014874,138
0.0014875,138
0.0014876,138
0.0014877,138
0.0014878,138
0.0014879,138
0.001488,138
0.0014881,138
0.0014882,138
0.0014883,137
0.0014884,137
0.0014885,137
0.0014886,137
0.0014887,137
0.0014888,137
0.0014889,137
0.001489,137
0.0014891,137
0.0014892,137
0.0014893,137
0.0014894,137
0.0014895,137
0.0014896,137
0.0014897,137
0.0014898,137
0.0014899,137
0.00149,137
0.0014901,137
0.0014902,137
0.0014903,136
0.0014904,136
0.0014905,136
0.0014906,136
0.0014907,136
0.0014908,136
0.0014909,136
0.001491,136
0.0014911,136
0.0014912,136
0.0014913,135
0.0014914,135
0.0014915,135
0.0014916,135
0.0014917,135
0.0014918,135
0.0014919,135
0.001492,135
0.0014921,135
0.0014922,134
0.0014923,134
0.0014924,134
0.0014925,134
0.0014926,134
0.0014927,134
0.0014928,134
0.0014929,134
0.001493,134
0.0014931,134
0.0014932,133
0.0014933,133
0.0014934,133
0.0014935,133
0.0014936,133
0.0014937,133
0.0014938,133
0.0014939,133
0.001494,133
0.0014941,133
0.0014942,133
0.0014943,133
0.0014944,133
0.0014945,133
0.0014946,133
0.0014947,133
0.0014948,133
0.0014949,133
0.001495,133
0.0014951,133
0.0014952,132
0.0014953,132
0.0014954,132
0.0014955,132
0.0014956,132
0.0014957,132
0.0014958,132
0.0014959,132
0.001496,132
0.0014961,131
0.0014962,131
0.0014963,131
0.0014964,131
0.0014965,131
0.0014966,131
0.0014967,131
0.0014968,131
0.0014969,131
0.001497,131
0.0014971,130
0.0014972,130
0.0014973,130
0.0014974,130
0.0014975,130
0.0014976,130
0.0014977,130
0.0014978,130
0.0014979,130
0.001498,130
0.0014981,130
0.0014982,130
0.0014983,130
0.0014984,130
0.0014985,130
0.0014986,130
0.0014987,130
0.0014988,130
0.0014989,130
0.001499,130
0.0014991,129
0.0014992,129
0.0014993,129
0.0014994,129
0.0014995,129
0.0014996,129
0.0014997,129
0.0014998,129
0.0014999,129
0.0015,129
0.0015001,128
0.0015002,128
0.0015003,128
0.0015004,128
0.0015005,128
0.0015006,128
0.0015007,128
0.0015008,128
0.0015009,128
0.001501,127
0.0015011,127
0.0015012,127
0.0015013,127
0.0015014,127
0.0015015,127
0.0015016,127
0.0015017,127
0.0015018,127
0.0015019,127
0.001502,126
0.0015021,126
0.0015022,126
0.0015023,126
0.0015024,126
0.0015025,126
0.0015026,126
0.0015027,126
0.0015028,126
0.0015029,126
0.001503,126
0.0015031,126
0.0015032,126
0.0015033,126
0.0015034,126
0.0015035,126
0.0015036,126
0.0015037,126
0.0015038,126
0.0015039,126
0.001504,125
0.0015041,125
0.0015042,125
0.0015043,125
0.0015044,125
0.0015045,125
0.0015046,125
0.0015047,125
0.0015048,125
0.0015049,124
0.001505,124
0.0015051,124
0.0015052,124
0.0015053,124
0.0015054,124
0.0015055,124
0.0015056,124
0.0015057,124
0.0015058,124
0.0015059,123
0.001506,123
0.0015061,123
0.0015062,123
0.0015063,123
0.0015064,123
0.0015065,123
0.0015066,123
0.0015067,123
0.0015068,123
0.0015069,123
0.001507,123
0.0015071,123
0.0015072,123
0.0015073,123
0.0015074,123
0.0015075,123
0.0015076,123
0.0015077,123
0.0015078,123
0.0015079,122
0.001508,122
0.0015081,122
0.0015082,122
0.0015083,122
0.0015084,122
0.0015085,122
0.0015086,122
0.0015087,122
0.0015088,121
0.0015089,121
0.001509,121
0.0015091,121
0.0015092,121
0.0015093,121
0.0015094,121
0.0015095,121
0.0015096,121
0.0015097,121
0.0015098,120
0.0015099,120
0.00151,120
0.0015101,120
0.0015102,120
0.0015103,120
0.0015104,120
0.0015105,120
0.0015106,120
0.0015107,120
0.0015108,119
0.0015109,119
0.001511,119
0.0015111,119
0.0015112,119
0.0015113,119
0.0015114,119
0.0015115,119
0.0015116,119
0.0015117,119
0.0015118,119
0.0015119,119
0.001512,119
0.0015121,119
0.0015122,119
0.0015123,119
0.0015124,119
0.0015125,119
0.0015126,119
0.0015127,118
0.0015128,118
0.0015129,118
0.001513,118
0.0015131,118
0.0015132,118
0.0015133,118
0.0015134,118
0.0015135,118
0.0015136,118
0.0015137,117
0.0015138,117
0.0015139,117
0.001514,117
0.0015141,117
0.0015142,117
0.0015143,117
0.0015144,117
0.0015145,117
0.0015146,117
0.0015147,116
0.0015148,116
0.0015149,116
0.001515,116
0.0015151,116
0.0015152,116
0.0015153,116
0.0015154,116
0.0015155,116
0.0015156,116
0.0015157,116
0.0015158,116
0.0015159,116
0.001516,116
0.0015161,116
0.0015162,116
0.0015163,116
0.0015164,116
0.0015165,116
0.0015166,116
0.0015167,115
0.0015168,115
0.0015169,115
0.001517,115
0.0015171,115
0.0015172,115
0.0015173,115
0.0015174,115
0.0015175,115
0.0015176,114
0.0015177,114
0.0015178,114
0.0015179,114
0.001518,114
0.0015181,114
0.0015182,114
0.0015183,114
0.0015184,114
0.0015185,114
0.0015186,113
0.0015187,113
0.0015188,113
0.0015189,113
0.001519,113
0.0015191,113
0.0015192,113
0.0015193,113
0.0015194,113
0.0015195,113
0.0015196,112
0.0015197,112
0.0015198,112
0.0015199,112
0.00152,112
0.0015201,112
0.0015202,112
0.0015203,112
0.0015204,112
0.0015205,112
0.0015206,112
0.0015207,112
0.0015208,112
0.0015209,112
0.001521,112
0.0015211,112
0.0015212,112
0.0015213,112
0.0015214,112
0.0015215,111
0.0015216,111
0.0015217,111
0.0015218,111
0.0015219,111
0.001522,111
0.0015221,111
0.0015222,111
0.0015223,111
0.0015224,111
0.0015225,110
0.0015226,110
0.0015227,110
0.0015228,110
0.0015229,110
0.001523,110
0.0015231,110
0.0015232,110
0.0015233,110
0.0015234,110
0.0015235,109
0.0015236,109
0.0015237,109
0.0015238,109
0.0015239,109
0.001524,109
0.0015241,109
0.0015242,109
0.0015243,109
0.0015244,109
0.0015245,109
0.0015246,109
0.0015247,109
0.0015248,109
0.0015249,109
0.001525,109
0.0015251,109
0.0015252,109
0.0015253,109
0.0015254,108
0.0015255,108
0.0015256,108
0.0015257,108
0.0015258,108
0.0015259,108
0.001526,108
0.0015261,108
0.0015262,108
0.0015263,108
0.0015264,107
0.0015265,107
0.0015266,107
0.0015267,107
0.0015268,107
0.0015269,107
0.001527,107
0.0015271,107
0.0015272,107
0.0015273,107
0.0015274,106
0.0015275,106
0.0015276,106
0.0015277,106
0.0015278,106
0.0015279,106
0.001528,106
0.0015281,106
0.0015282,106
0.0015283,106
0.0015284,106
0.0015285,106
0.0015286,106
0.0015287,106
0.0015288,106
0.0015289,106
0.001529,106
0.0015291,106
0.0015292,106
0.0015293,105
0.0015294,105
0.0015295,105
0.0015296,105
0.0015297,105
0.0015298,105
0.0015299,105
0.00153,105
0.0015301,105
0.0015302,105
0.0015303,104
0.0015304,104
0.0015305,104
0.0015306,104
0.0015307,104
0.0015308,104
0.0015309,104
0.001531,104
0.0015311,104
0.0015312,104
0.0015313,103
0.0015314,103
0.0015315,103
0.0015316,103
0.0015317,103
0.0015318,103
0.0015319,103
0.001532,103
0.0015321,103
0.0015322,103
0.0015323,102
0.0015324,102
0.0015325,102
0.0015326,102
0.0015327,102
0.0015328,102
0.0015329,102
0.001533,102
0.0015331,102
0.0015332,102
0.0015333,102
0.0015334,102
0.0015335,102
0.0015336,102
0.0015337,102
0.0015338,102
0.0015339,102
0.001534,102
0.0015341,102
0.0015342,101
0.0015343,101
0.0015344,101
0.0015345,101
0.0015346,101
0.0015347,101
0.0015348,101
0.0015349,101
0.001535,101
0.0015351,101
0.0015352,100
0.0015353,100
0.0015354,100
0.0015355,100
0.0015356,100
0.0015357,100
0.0015358,100
0.0015359,100
0.001536,100
0.0015361,100
0.0015362,99
0.0015363,99
0.0015364,99
0.0015365,99
0.0015366,99
0.0015367,99
0.0015368,99
0.0015369,99
0.001537,99
0.0015371,99
0.0015372,99
0.0015373,99
0.0015374,99
0.0015375,99
0.0015376,99
0.0015377,99
0.0015378,99
0.0015379,99
0.001538,99
0.0015381,98
0.0015382,98
0.0015383,98
0.0015384,98
0.0015385,98
0.0015386,98
0.0015387,98
0.0015388,98
0.0015389,98
0.001539,98
0.0015391,97
0.0015392,97
0.0015393,97
0.0015394,97
0.0015395,97
0.0015396,97
0.0015397,97
0.0015398,97
0.0015399,97
0.00154,97
0.0015401,96
0.0015402,96
0.0015403,96
0.0015404,96
0.0015405,96
0.0015406,96
0.0015407,96
0.0015408,96
0.0015409,96
0.001541,96
0.0015411,96
0.0015412,96
0.0015413,96
0.0015414,96
0.0015415,96
0.0015416,96
0.0015417,96
0.0015418,96
0.0015419,96
0.001542,95
0.0015421,95
0.0015422,95
0.0015423,95
0.0015424,95
0.0015425,95
0.0015426,95
0.0015427,95
0.0015428,95
0.0015429,95
0.001543,94
0.0015431,94
0.0015432,94
0.0015433,94
0.0015434,94
0.0015435,94
0.0015436,94
0.0015437,94
0.0015438,94
0.0015439,94
0.001544,93
0.0015441,93
0.0015442,93
0.0015443,93
0.0015444,93
0.0015445,93
0.0015446,93
0.0015447,93
0.0015448,93
0.0015449,93
0.001545,93
0.0015451,93
0.0015452,93
0.0015453,93
0.0015454,93
0.0015455,93
0.0015456,93
0.0015457,93
0.0015458,93
0.0015459,93
0.001546,92
0.0015461,92
0.0015462,92
0.0015463,92
0.0015464,92
0.0015465,92
0.0015466,92
0.0015467,92
0.0015468,92
0.0015469,91
0.001547,91
0.0015471,91
0.0015472,91
0.0015473,91
0.0015474,91
0.0015475,91
0.0015476,91
0.0015477,91
0.0015478,91
0.0015479,90
0.001548,90
0.0015481,90
0.0015482,90
0.0015483,90
0.0015484,90
0.0015485,90
0.0015486,90
0.0015487,90
0.0015488,90
0.0015489,90
0.001549,90
0.0015491,90
0.0015492,90
0.0015493,90
0.0015494,90
0.0015495,90
0.0015496,90
0.0015497,90
0.0015498,90
0.0015499,89
0.00155,89
0.0015501,89
0.0015502,89
0.0015503,89
0.0015504,89
0.0015505,89
0.0015506,89
0.0015507,89
0.0015508,88
0.0015509,88
0.001551,88
0.0015511,88
0.0015512,88
0.0015513,88
0.0015514,88
0.0015515,88
0.0015516,88
0.0015517,88
0.0015518,87
0.0015519,87
0.001552,87
0.0015521,87
0.0015522,87
0.0015523,87
0.0015524,87
0.0015525,87
0.0015526,87
0.0015527,87
0.0015528,87
0.0015529,87
0.001553,87
0.0015531,87
0.0015532,87
0.0015533,87
0.0015534,87
0.0015535,87
0.0015536,87
0.0015537,87
0.0015538,86
0.0015539,86
0.001554,86
0.0015541,86
0.0015542,86
0.0015543,86
0.0015544,86
0.0015545,86
0.0015546,86
0.0015547,85
0.0015548,85
0.0015549,85
0.001555,85
0.0015551,85
0.0015552,85
0.0015553,85
0.0015554,85
0.0015555,85
0.0015556,85
0.0015557,84
0.0015558,84
0.0015559,84
0.001556,84
0.0015561,84
0.0015562,84
0.0015563,84
0.0015564,84
0.0015565,84
0.0015566,84
0.0015567,84
0.0015568,84
0.0015569,84
0.001557,84
0.0015571,84
0.0015572,84
0.0015573,84
0.0015574,84
0.0015575,84
0.0015576,84
0.0015577,83
0.0015578,83
0.0015579,83
0.001558,83
0.0015581,83
0.0015582,83
0.0015583,83
0.0015584,83
0.0015585,83
0.0015586,82
0.0015587,82
0.0015588,82
0.0015589,82
0.001559,82
0.0015591,82
0.0015592,82
0.0015593,82
0.0015594,82
0.0015595,82
0.0015596,82
0.0015597,82
0.0015598,82
0.0015599,82
0.00156,82
0.0015601,82
0.0015602,82
0.0015603,82
0.0015604,82
0.0015605,82
0.0015606,81
0.0015607,81
0.0015608,81
0.0015609,81
0.001561,81
0.0015611,81
0.0015612,81
0.0015613,81
0.0015614,81
0.0015615,81
0.0015616,80
0.0015617,80
0.0015618,80
0.0015619,80
0.001562,80
0.0015621,80
0.0015622,80
0.0015623,80
0.0015624,80
0.0015625,80
0.0015626,79
0.0015627,79
0.0015628,79
0.0015629,79
0.001563,79
0.0015631,79
0.0015632,79
0.0015633,79
0.0015634,79
0.0015635,79
0.0015636,79
0.0015637,79
0.0015638,79
0.0015639,79
0.001564,79
0.0015641,79
0.0015642,79
0.0015643,79
0.0015644,79
0.0015645,78
0.0015646,78
0.0015647,78
0.0015648,78
0.0015649,78
0.001565,78
0.0015651,78
0.0015652,78
0.0015653,78
0.0015654,78
0.0015655,77
0.0015656,77
0.0015657,77
0.0015658,77
0.0015659,77
0.001566,77
0.0015661,77
0.0015662,77
0.0015663,77
0.0015664,77
0.0015665,77
0.0015666,77
0.0015667,77
0.0015668,77
0.0015669,77
0.001567,77
0.0015671,77
0.0015672,77
0.0015673,77
0.0015674,76
0.0015675,76
0.0015676,76
0.0015677,76
0.0015678,76
0.0015679,76
0.001568,76
0.0015681,76
0.0015682,76
0.0015683,76
0.0015684,75
0.0015685,75
0.0015686,75
0.0015687,75
0.0015688,75
0.0015689,75
0.001569,75
0.0015691,75
0.0015692,75
0.0015693,75
0.0015694,74
0.0015695,74
0.0015696,74
0.0015697,74
0.0015698,74
0.0015699,74
0.00157,74
0.0015701,74
0.0015702,74
0.0015703,74
0.0015704,74
0.0015705,74
0.0015706,74
0.0015707,74
0.0015708,74
0.0015709,74
0.001571,74
0.0015711,74
0.0015712,74
0.0015713,73
0.0015714,73
0.0015715,73
0.0015716,73
0.0015717,73
0.0015718,73
0.0015719,73
0.001572,73
0.0015721,73
0.0015722,73
0.0015723,72
0.0015724,72
0.0015725,72
0.0015726,72
0.0015727,72
0.0015728,72
0.0015729,72
0.001573,72
0.0015731,72
0.0015732,72
0.0015733,72
0.0015734,72
0.0015735,72
0.0015736,72
0.0015737,72
0.0015738,72
0.0015739,72
0.001574,72
0.0015741,72
0.0015742,72
0.0015743,71
0.0015744,71
0.0015745,71
0.0015746,71
0.0015747,71
0.0015748,71
0.0015749,71
0.001575,71
0.0015751,71
0.0015752,70
0.0015753,70
0.0015754,70
0.0015755,70
0.0015756,70
0.0015757,70
0.0015758,70
0.0015759,70
0.001576,70
0.0015761,70
0.0015762,70
0.0015763,70
0.0015764,70
0.0015765,70
0.0015766,70
0.0015767,70
0.0015768,70
0.0015769,70
0.001577,70
0.0015771,70
0.0015772,69
0.0015773,69
0.0015774,69
0.0015775,69
0.0015776,69
0.0015777,69
0.0015778,69
0.0015779,69
0.001578,69
0.0015781,69
0.0015782,68
0.0015783,68
0.0015784,68
0.0015785,68
0.0015786,68
0.0015787,68
0.0015788,68
0.0015789,68
0.001579,68
0.0015791,68
0.0015792,67
0.0015793,67
0.0015794,67
0.0015795,67
0.0015796,67
0.0015797,67
0.0015798,67
0.0015799,67
0.00158,67
0.0015801,67
0.0015802,67
0.0015803,67
0.0015804,67
0.0015805,67
0.0015806,67
0.0015807,67
0.0015808,67
0.0015809,67
0.001581,67
0.0015811,66
0.0015812,66
0.0015813,66
0.0015814,66
0.0015815,66
0.0015816,66
0.0015817,66
0.0015818,66
0.0015819,66
0.001582,66
0.0015821,65
0.0015822,65
0.0015823,65
0.0015824,65
0.0015825,65
0.0015826,65
0.0015827,65
0.0015828,65
0.0015829,65
0.001583,65
0.0015831,65
0.0015832,65
0.0015833,65
0.0015834,65
0.0015835,65
0.0015836,65
0.0015837,65
0.0015838,65
0.0015839,65
0.001584,64
0.0015841,64
0.0015842,64
0.0015843,64
0.0015844,64
0.0015845,64
0.0015846,64
0.0015847,64
0.0015848,64
0.0015849,64
0.001585,63
0.0015851,63
0.0015852,63
0.0015853,63
0.0015854,63
0.0015855,63
0.0015856,63
0.0015857,63
0.0015858,63
0.0015859,63
0.001586,63
0.0015861,63
0.0015862,63
0.0015863,63
0.0015864,63
0.0015865,63
0.0015866,63
0.0015867,63
0.0015868,63
0.0015869,63
0.001587,62
0.0015871,62
0.0015872,62
0.0015873,62
0.0015874,62
0.0015875,62
0.0015876,62
0.0015877,62
0.0015878,62
0.0015879,61
0.001588,61
0.0015881,61
0.0015882,61
0.0015883,61
0.0015884,61
0.0015885,61
0.0015886,61
0.0015887,61
0.0015888,61
0.0015889,61
0.001589,61
0.0015891,61
0.0015892,61
0.0015893,61
0.0015894,61
0.0015895,61
0.0015896,61
0.0015897,61
0.0015898,61
0.0015899,60
0.00159,60
0.0015901,60
0.0015902,60
0.0015903,60
0.0015904,60
0.0015905,60
0.0015906,60
0.0015907,60
0.0015908,60
0.0015909,59
0.001591,59
0.0015911,59
0.0015912,59
0.0015913,59
0.0015914,59
0.0015915,59
0.0015916,59
0.0015917,59
0.0015918,59
0.0015919,59
0.001592,59
0.0015921,59
0.0015922,59
0.0015923,59
0.0015924,59
0.0015925,59
0.0015926,59
0.0015927,59
0.0015928,58
0.0015929,58
0.001593,58
0.0015931,58
0.0015932,58
0.0015933,58
0.0015934,58
0.0015935,58
0.0015936,58
0.0015937,58
0.0015938,57
0.0015939,57
0.001594,57
0.0015941,57
0.0015942,57
0.0015943,57
0.0015944,57
0.0015945,57
0.0015946,57
0.0015947,57
0.0015948,57
0.0015949,57
0.001595,57
0.0015951,57
0.0015952,57
0.0015953,57
0.0015954,57
0.0015955,57
0.0015956,57
0.0015957,57
0.0015958,56
0.0015959,56
0.001596,56
0.0015961,56
0.0015962,56
0.0015963,56
0.0015964,56
0.0015965,56
0.0015966,56
0.0015967,56
0.0015968,56
0.0015969,56
0.001597,56
0.0015971,56
0.0015972,56
0.0015973,56
0.0015974,56
0.0015975,56
0.0015976,56
0.0015977,55
0.0015978,55
0.0015979,55
0.001598,55
0.0015981,55
0.0015982,55
0.0015983,55
0.0015984,55
0.0015985,55
0.0015986,55
0.0015987,54
0.0015988,54
0.0015989,54
0.001599,54
0.0015991,54
0.0015992,54
0.0015993,54
0.0015994,54
0.0015995,54
0.0015996,54
0.0015997,54
0.0015998,54
0.0015999,54
0.0016,54
0.0016001,54
0.0016002,54
0.0016003,54
0.0016004,54
0.0016005,54
0.0016006,53
0.0016007,53
0.0016008,53
0.0016009,53
0.001601,53
0.0016011,53
0.0016012,53
0.0016013,53
0.0016014,53
0.0016015,53
0.0016016,52
0.0016017,52
0.0016018,52
0.0016019,52
0.001602,52
0.0016021,52
0.0016022,52
0.0016023,52
0.0016024,52
0.0016025,52
0.0016026,52
0.0016027,52
0.0016028,52
0.0016029,52
0.001603,52
0.0016031,52
0.0016032,52
0.0016033,52
0.0016034,52
0.0016035,52
0.0016036,51
0.0016037,51
0.0016038,51
0.0016039,51
0.001604,51
0.0016041,51
0.0016042,51
0.0016043,51
0.0016044,51
0.0016045,50
0.0016046,50
0.0016047,50
0.0016048,50
0.0016049,50
0.001605,50
0.0016051,50
0.0016052,50
0.0016053,50
0.0016054,50
0.0016055,50
0.0016056,50
0.0016057,50
0.0016058,50
0.0016059,50
0.001606,50
0.0016061,50
0.0016062,50
0.0016063,50
0.0016064,50
0.0016065,49
0.0016066,49
0.0016067,49
0.0016068,49
0.0016069,49
0.001607,49
0.0016071,49
0.0016072,49
0.0016073,49
0.0016074,49
0.0016075,49
0.0016076,49
0.0016077,49
0.0016078,49
0.0016079,49
0.001608,49
0.0016081,49
0.0016082,49
0.0016083,49
0.0016084,49
0.0016085,48
0.0016086,48
0.0016087,48
0.0016088,48
0.0016089,48
0.001609,48
0.0016091,48
0.0016092,48
0.0016093,48
0.0016094,47
0.0016095,47
0.0016096,47
0.0016097,47
0.0016098,47
0.0016099,47
0.00161,47
0.0016101,47
0.0016102,47
0.0016103,47
0.0016104,47
0.0016105,47
0.0016106,47
0.0016107,47
0.0016108,47
0.0016109,47
0.001611,47
0.0016111,47
0.0016112,47
0.0016113,47
0.0016114,46
0.0016115,46
0.0016116,46
0.0016117,46
0.0016118,46
0.0016119,46
0.001612,46
0.0016121,46
0.0016122,46
0.0016123,46
0.0016124,46
0.0016125,46
0.0016126,46
0.0016127,46
0.0016128,46
0.0016129,46
0.001613,46
0.0016131,46
0.0016132,46
0.0016133,45
0.0016134,45
0.0016135,45
0.0016136,45
0.0016137,45
0.0016138,45
0.0016139,45
0.001614,45
0.0016141,45
0.0016142,45
0.0016143,44
0.0016144,44
0.0016145,44
0.0016146,44
0.0016147,44
0.0016148,44
0.0016149,44
0.001615,44
0.0016151,44
0.0016152,44
0.0016153,44
0.0016154,44
0.0016155,44
0.0016156,44
0.0016157,44
0.0016158,44
0.0016159,44
0.001616,44
0.0016161,44
0.0016162,44
0.0016163,43
0.0016164,43
0.0016165,43
0.0016166,43
0.0016167,43
0.0016168,43
0.0016169,43
0.001617,43
0.0016171,43
0.0016172,43
0.0016173,43
0.0016174,43
0.0016175,43
0.0016176,43
0.0016177,43
0.0016178,43
0.0016179,43
0.001618,43
0.0016181,43
0.0016182,42
0.0016183,42
0.0016184,42
0.0016185,42
0.0016186,42
0.0016187,42
0.0016188,42
0.0016189,42
0.001619,42
0.0016191,42
0.0016192,42
0.0016193,42
0.0016194,42
0.0016195,42
0.0016196,42
0.0016197,42
0.0016198,42
0.0016199,42
0.00162,42
0.0016201,42
0.0016202,41
0.0016203,41
0.0016204,41
0.0016205,41
0.0016206,41
0.0016207,41
0.0016208,41
0.0016209,41
0.001621,41
0.0016211,40
0.0016212,40
0.0016213,40
0.0016214,40
0.0016215,40
0.0016216,40
0.0016217,40
0.0016218,40
0.0016219,40
0.001622,40
0.0016221,40
0.0016222,40
0.0016223,40
0.0016224,40
0.0016225,40
0.0016226,40
0.0016227,40
0.0016228,40
0.0016229,40
0.001623,40
0.0016231,39
0.0016232,39
0.0016233,39
0.0016234,39
0.0016235,39
0.0016236,39
0.0016237,39
0.0016238,39
0.0016239,39
0.001624,39
0.0016241,39
0.0016242,39
0.0016243,39
0.0016244,39
0.0016245,39
0.0016246,39
0.0016247,39
0.0016248,39
0.0016249,39
0.001625,39
0.0016251,38
0.0016252,38
0.0016253,38
0.0016254,38
0.0016255,38
0.0016256,38
0.0016257,38
0.0016258,38
0.0016259,38
0.001626,38
0.0016261,38
0.0016262,38
0.0016263,38
0.0016264,38
0.0016265,38
0.0016266,38
0.0016267,38
0.0016268,38
0.0016269,38
0.001627,37
0.0016271,37
0.0016272,37
0.0016273,37
0.0016274,37
0.0016275,37
0.0016276,37
0.0016277,37
0.0016278,37
0.0016279,37
0.001628,37
0.0016281,37
0.0016282,37
0.0016283,37
0.0016284,37
0.0016285,37
0.0016286,37
0.0016287,37
0.0016288,37
0.0016289,37
0.001629,36
0.0016291,36
0.0016292,36
0.0016293,36
0.0016294,36
0.0016295,36
0.0016296,36
0.0016297,36
0.0016298,36
0.0016299,35
0.00163,35
0.0016301,35
0.0016302,35
0.0016303,35
0.0016304,35
0.0016305,35
0.0016306,35
0.0016307,35
0.0016308,35
0.0016309,35
0.001631,35
0.0016311,35
0.0016312,35
0.0016313,35
0.0016314,35
0.0016315,35
0.0016316,35
0.0016317,35
0.0016318,35
0.0016319,34
0.001632,34
0.0016321,34
0.0016322,34
0.0016323,34
0.0016324,34
0.0016325,34
0.0016326,34
0.0016327,34
0.0016328,34
0.0016329,34
0.001633,34
0.0016331,34
0.0016332,34
0.0016333,34
0.0016334,34
0.0016335,34
0.0016336,34
0.0016337,34
0.0016338,33
0.0016339,33
0.001634,33
0.0016341,33
0.0016342,33
0.0016343,33
0.0016344,33
0.0016345,33
0.0016346,33
0.0016347,33
0.0016348,33
0.0016349,33
0.001635,33
0.0016351,33
0.0016352,33
0.0016353,33
0.0016354,33
0.0016355,33
0.0016356,33
0.0016357,33
0.0016358,32
0.0016359,32
0.001636,32
0.0016361,32
0.0016362,32
0.0016363,32
0.0016364,32
0.0016365,32
0.0016366,32
0.0016367,32
0.0016368,32
0.0016369,32
0.001637,32
0.0016371,32
0.0016372,32
0.0016373,32
0.0016374,32
0.0016375,32
0.0016376,32
0.0016377,31
0.0016378,31
0.0016379,31
0.001638,31
0.0016381,31
0.0016382,31
0.0016383,31
0.0016384,31
0.0016385,31
0.0016386,31
0.0016387,31
0.0016388,31
0.0016389,31
0.001639,31
0.0016391,31
0.0016392,31
0.0016393,31
0.0016394,31
0.0016395,31
0.0016396,31
0.0016397,30
0.0016398,30
0.0016399,30
0.00164,30
0.0016401,30
0.0016402,30
0.0016403,30
0.0016404,30
0.0016405,30
0.0016406,30
0.0016407,30
0.0016408,30
0.0016409,30
0.001641,30
0.0016411,30
0.0016412,30
0.0016413,30
0.0016414,30
0.0016415,30
0.0016416,30
0.0016417,29
0.0016418,29
0.0016419,29
0.001642,29
0.0016421,29
0.0016422,29
0.0016423,29
0.0016424,29
0.0016425,29
0.0016426,29
0.0016427,29
0.0016428,29
0.0016429,29
0.001643,29
0.0016431,29
0.0016432,29
0.0016433,29
0.0016434,29
0.0016435,29
0.0016436,28
0.0016437,28
0.0016438,28
0.0016439,28
0.001644,28
0.0016441,28
0.0016442,28
0.0016443,28
0.0016444,28
0.0016445,28
0.0016446,28
0.0016447,28
0.0016448,28
0.0016449,28
0.001645,28
0.0016451,28
0.0016452,28
0.0016453,28
0.0016454,28
0.0016455,28
0.0016456,27
0.0016457,27
0.0016458,27
0.0016459,27
0.001646,27
0.0016461,27
0.0016462,27
0.0016463,27
0.0016464,27
0.0016465,27
0.0016466,27
0.0016467,27
0.0016468,27
0.0016469,27
0.001647,27
0.0016471,27
0.0016472,27
0.0016473,27
0.0016474,27
0.0016475,26
0.0016476,26
0.0016477,26
0.0016478,26
0.0016479,26
0.001648,26
0.0016481,26
0.0016482,26
0.0016483,26
0.0016484,26
0.0016485,26
0.0016486,26
0.0016487,26
0.0016488,26
0.0016489,26
0.001649,26
0.0016491,26
0.0016492,26
0.0016493,26
0.0016494,26
0.0016495,26
0.0016496,26
0.0016497,26
0.0016498,26
0.0016499,26
0.00165,26
0.0016501,26
0.0016502,26
0.0016503,26
0.0016504,25
0.0016505,25
0.0016506,25
0.0016507,25
0.0016508,25
0.0016509,25
0.001651,25
0.0016511,25
0.0016512,25
0.0016513,25
0.0016514,25
0.0016515,25
0.0016516,25
0.0016517,25
0.0016518,25
0.0016519,25
0.001652,25
0.0016521,25
0.0016522,25
0.0016523,25
0.0016524,24
0.0016525,24
0.0016526,24
0.0016527,24
0.0016528,24
0.0016529,24
0.001653,24
0.0016531,24
0.0016532,24
0.0016533,24
0.0016534,24
0.0016535,24
0.0016536,24
0.0016537,24
0.0016538,24
0.0016539,24
0.001654,24
0.0016541,24
0.0016542,24
0.0016543,23
0.0016544,23
0.0016545,23
0.0016546,23
0.0016547,23
0.0016548,23
0.0016549,23
0.001655,23
0.0016551,23
0.0016552,23
0.0016553,23
0.0016554,23
0.0016555,23
0.0016556,23
0.0016557,23
0.0016558,23
0.0016559,23
0.001656,23
0.0016561,23
0.0016562,23
0.0016563,22
0.0016564,22
0.0016565,22
0.0016566,22
0.0016567,22
0.0016568,22
0.0016569,22
0.001657,22
0.0016571,22
0.0016572,22
0.0016573,22
0.0016574,22
0.0016575,22
0.0016576,22
0.0016577,22
0.0016578,22
0.0016579,22
0.001658,22
0.0016581,22
0.0016582,22
0.0016583,22
0.0016584,22
0.0016585,22
0.0016586,22
0.0016587,22
0.0016588,22
0.0016589,22
0.001659,22
0.0016591,22
0.0016592,21
0.0016593,21
0.0016594,21
0.0016595,21
0.0016596,21
0.0016597,21
0.0016598,21
0.0016599,21
0.00166,21
0.0016601,21
0.0016602,21
0.0016603,21
0.0016604,21
0.0016605,21
0.0016606,21
0.0016607,21
0.0016608,21
0.0016609,21
0.001661,21
0.0016611,21
0.0016612,20
0.0016613,20
0.0016614,20
0.0016615,20
0.0016616,20
0.0016617,20
0.0016618,20
0.0016619,20
0.001662,20
0.0016621,20
0.0016622,20
0.0016623,20
0.0016624,20
0.0016625,20
0.0016626,20
0.0016627,20
0.0016628,20
0.0016629,20
0.001663,20
0.0016631,19
0.0016632,19
0.0016633,19
0.0016634,19
0.0016635,19
0.0016636,19
0.0016637,19
0.0016638,19
0.0016639,19
0.001664,19
0.0016641,19
0.0016642,19
0.0016643,19
0.0016644,19
0.0016645,19
0.0016646,19
0.0016647,19
0.0016648,19
0.0016649,19
0.001665,19
0.0016651,19
0.0016652,19
0.0016653,19
0.0016654,19
0.0016655,19
0.0016656,19
0.0016657,19
0.0016658,19
0.0016659,19
0.001666,19
0.0016661,18
0.0016662,18
0.0016663,18
0.0016664,18
0.0016665,18
0.0016666,18
0.0016667,18
0.0016668,18
0.0016669,18
0.001667,18
0.0016671,18
0.0016672,18
0.0016673,18
0.0016674,18
0.0016675,18
0.0016676,18
0.0016677,18
0.0016678,18
0.0016679,18
0.001668,17
0.0016681,17
0.0016682,17
0.0016683,17
0.0016684,17
0.0016685,17
0.0016686,17
0.0016687,17
0.0016688,17
0.0016689,17
0.001669,17
0.0016691,17
0.0016692,17
0.0016693,17
0.0016694,17
0.0016695,17
0.0016696,17
0.0016697,17
0.0016698,17
0.0016699,17
0.00167,17
0.0016701,17
0.0016702,17
0.0016703,17
0.0016704,17
0.0016705,17
0.0016706,17
0.0016707,17
0.0016708,17
0.0016709,17
0.001671,16
0.0016711,16
0.0016712,16
0.0016713,16
0.0016714,16
0.0016715,16
0.0016716,16
0.0016717,16
0.0016718,16
0.0016719,16
0.001672,16
0.0016721,16
0.0016722,16
0.0016723,16
0.0016724,16
0.0016725,16
0.0016726,16
0.0016727,16
0.0016728,16
0.0016729,16
0.001673,16
0.0016731,16
0.0016732,16
0.0016733,16
0.0016734,16
0.0016735,16
0.0016736,16
0.0016737,16
0.0016738,16
0.0016739,15
0.001674,15
0.0016741,15
0.0016742,15
0.0016743,15
0.0016744,15
0.0016745,15
0.0016746,15
0.0016747,15
0.0016748,15
0.0016749,15
0.001675,15
0.0016751,15
0.0016752,15
0.0016753,15
0.0016754,15
0.0016755,15
0.0016756,15
0.0016757,15
0.0016758,15
0.0016759,15
0.001676,15
0.0016761,15
0.0016762,15
0.0016763,15
0.0016764,15
0.0016765,15
0.0016766,15
0.0016767,15
0.0016768,14
0.0016769,14
0.001677,14
0.0016771,14
0.0016772,14
0.0016773,14
0.0016774,14
0.0016775,14
0.0016776,14
0.0016777,14
0.0016778,14
0.0016779,14
0.001678,14
0.0016781,14
0.0016782,14
0.0016783,14
0.0016784,14
0.0016785,14
0.0016786,14
0.0016787,14
0.0016788,14
0.0016789,14
0.001679,14
0.0016791,14
0.0016792,14
0.0016793,14
0.0016794,14
0.0016795,14
0.0016796,14
0.0016797,13
0.0016798,13
0.0016799,13
0.00168,13
0.0016801,13
0.0016802,13
0.0016803,13
0.0016804,13
0.0016805,13
0.0016806,13
0.0016807,13
0.0016808,13
0.0016809,13
0.001681,13
0.0016811,13
0.0016812,13
0.0016813,13
0.0016814,13
0.0016815,13
0.0016816,13
0.0016817,13
0.0016818,13
0.0016819,13
0.001682,13
0.0016821,13
0.0016822,13
0.0016823,13
0.0016824,13
0.0016825,13
0.0016826,13
0.0016827,12
0.0016828,12
0.0016829,12
0.001683,12
0.0016831,12
0.0016832,12
0.0016833,12
0.0016834,12
0.0016835,12
0.0016836,12
0.0016837,12
0.0016838,12
0.0016839,12
0.001684,12
0.0016841,12
0.0016842,12
0.0016843,12
0.0016844,12
0.0016845,12
0.0016846,12
0.0016847,12
0.0016848,12
0.0016849,12
0.001685,12
0.0016851,12
0.0016852,12
0.0016853,12
0.0016854,12
0.0016855,12
0.0016856,11
0.0016857,11
0.0016858,11
0.0016859,11
0.001686,11
0.0016861,11
0.0016862,11
0.0016863,11
0.0016864,11
0.0016865,11
0.0016866,11
0.0016867,11
0.0016868,11
0.0016869,11
0.001687,11
0.0016871,11
0.0016872,11
0.0016873,11
0.0016874,11
0.0016875,11
0.0016876,11
0.0016877,11
0.0016878,11
0.0016879,11
0.001688,11
0.0016881,11
0.0016882,11
0.0016883,11
0.0016884,11
0.0016885,10
0.0016886,10
0.0016887,10
0.0016888,10
0.0016889,10
0.001689,10
0.0016891,10
0.0016892,10
0.0016893,10
0.0016894,10
0.0016895,10
0.0016896,10
0.0016897,10
0.0016898,10
0.0016899,10
0.00169,10
0.0016901,10
0.0016902,10
0.0016903,10
0.0016904,10
0.0016905,10
0.0016906,10
0.0016907,10
0.0016908,10
0.0016909,10
0.001691,10
0.0016911,10
0.0016912,10
0.0016913,10
0.0016914,10
0.0016915,10
0.0016916,10
0.0016917,10
0.0016918,10
0.0016919,10
0.001692,10
0.0016921,10
0.0016922,10
0.0016923,10
0.0016924,9
0.0016925,9
0.0016926,9
0.0016927,9
0.0016928,9
0.0016929,9
0.001693,9
0.0016931,9
0.0016932,9
0.0016933,9
0.0016934,9
0.0016935,9
0.0016936,9
0.0016937,9
0.0016938,9
0.0016939,9
0.001694,9
0.0016941,9
0.0016942,9
0.0016943,9
0.0016944,9
0.0016945,9
0.0016946,9
0.0016947,9
0.0016948,9
0.0016949,9
0.001695,9
0.0016951,9
0.0016952,9
0.0016953,9
0.0016954,8
0.0016955,8
0.0016956,8
0.0016957,8
0.0016958,8
0.0016959,8
0.001696,8
0.0016961,8
0.0016962,8
0.0016963,8
0.0016964,8
0.0016965,8
0.0016966,8
0.0016967,8
0.0016968,8
0.0016969,8
0.001697,8
0.0016971,8
0.0016972,8
0.0016973,8
0.0016974,8
0.0016975,8
0.0016976,8
0.0016977,8
0.0016978,8
0.0016979,8
0.001698,8
0.0016981,8
0.0016982,8
0.0016983,8
0.0016984,8
0.0016985,8
0.0016986,8
0.0016987,8
0.0016988,8
0.0016989,8
0.001699,8
0.0016991,8
0.0016992,8
0.0016993,7
0.0016994,7
0.0016995,7
0.0016996,7
0.0016997,7
0.0016998,7
0.0016999,7
0.0017,7
0.0017001,7
0.0017002,7
0.0017003,7
0.0017004,7
0.0017005,7
0.0017006,7
0.0017007,7
0.0017008,7
0.0017009,7
0.001701,7
0.0017011,7
0.0017012,7
0.0017013,7
0.0017014,7
0.0017015,7
0.0017016,7
0.0017017,7
0.0017018,7
0.0017019,7
0.001702,7
0.0017021,7
0.0017022,7
0.0017023,7
0.0017024,7
0.0017025,7
0.0017026,7
0.0017027,7
0.0017028,7
0.0017029,7
0.001703,7
0.0017031,7
0.0017032,6
0.0017033,6
0.0017034,6
0.0017035,6
0.0017036,6
0.0017037,6
0.0017038,6
0.0017039,6
0.001704,6
0.0017041,6
0.0017042,6
0.0017043,6
0.0017044,6
0.0017045,6
0.0017046,6
0.0017047,6
0.0017048,6
0.0017049,6
0.001705,6
0.0017051,6
0.0017052,6
0.0017053,6
0.0017054,6
0.0017055,6
0.0017056,6
0.0017057,6
0.0017058,6
0.0017059,6
0.001706,6
0.0017061,6
0.0017062,6
0.0017063,6
0.0017064,6
0.0017065,6
0.0017066,6
0.0017067,6
0.0017068,6
0.0017069,6
0.001707,6
0.0017071,6
0.0017072,6
0.0017073,6
0.0017074,6
0.0017075,6
0.0017076,6
0.0017077,6
0.0017078,6
0.0017079,6
0.001708,6
0.0017081,5
0.0017082,5
0.0017083,5
0.0017084,5
0.0017085,5
0.0017086,5
0.0017087,5
0.0017088,5
0.0017089,5
0.001709,5
0.0017091,5
0.0017092,5
0.0017093,5
0.0017094,5
0.0017095,5
0.0017096,5
0.0017097,5
0.0017098,5
0.0017099,5
0.00171,5
0.0017101,5
0.0017102,5
0.0017103,5
0.0017104,5
0.0017105,5
0.0017106,5
0.0017107,5
0.0017108,5
0.0017109,5
0.001711,5
0.0017111,5
0.0017112,5
0.0017113,5
0.0017114,5
0.0017115,5
0.0017116,5
0.0017117,5
0.0017118,5
0.0017119,5
0.001712,5
0.0017121,5
0.0017122,5
0.0017123,5
0.0017124,5
0.0017125,5
0.0017126,5
0.0017127,5
0.0017128,5
0.0017129,4
0.001713,4
0.0017131,4
0.0017132,4
0.0017133,4
0.0017134,4
0.0017135,4
0.0017136,4
0.0017137,4
0.0017138,4
0.0017139,4
0.001714,4
0.0017141,4
0.0017142,4
0.0017143,4
0.0017144,4
0.0017145,4
0.0017146,4
0.0017147,4
0.0017148,4
0.0017149,4
0.001715,4
0.0017151,4
0.0017152,4
0.0017153,4
0.0017154,4
0.0017155,4
0.0017156,4
0.0017157,4
0.0017158,4
0.0017159,4
0.001716,4
0.0017161,4
0.0017162,4
0.0017163,4
0.0017164,4
0.0017165,4
0.0017166,4
0.0017167,4
0.0017168,4
0.0017169,4
0.001717,4
0.0017171,4
0.0017172,4
0.0017173,4
0.0017174,4
0.0017175,4
0.0017176,4
0.0017177,4
0.0017178,4
0.0017179,4
0.001718,4
0.0017181,4
0.0017182,4
0.0017183,4
0.0017184,4
0.0017185,4
0.0017186,4
0.0017187,4
0.0017188,3
0.0017189,3
0.001719,3
0.0017191,3
0.0017192,3
0.0017193,3
0.0017194,3
0.0017195,3
0.0017196,3
0.0017197,3
0.0017198,3
0.0017199,3
0.00172,3
0.0017201,3
0.0017202,3
0.0017203,3
0.0017204,3
0.0017205,3
0.0017206,3
0.0017207,3
0.0017208,3
0.0017209,3
0.001721,3
0.0017211,3
0.0017212,3
0.0017213,3
0.0017214,3
0.0017215,3
0.0017216,3
0.0017217,3
0.0017218,3
0.0017219,3
0.001722,3
0.0017221,3
0.0017222,3
0.0017223,3
0.0017224,3
0.0017225,3
0.0017226,3
0.0017227,3
0.0017228,3
0.0017229,3
0.001723,3
0.0017231,3
0.0017232,3
0.0017233,3
0.0017234,3
0.0017235,3
0.0017236,3
0.0017237,3
0.0017238,3
0.0017239,3
0.001724,3
0.0017241,3
0.0017242,3
0.0017243,3
0.0017244,3
0.0017245,3
0.0017246,3
0.0017247,3
0.0017248,3
0.0017249,3
0.001725,3
0.0017251,3
0.0017252,3
0.0017253,3
0.0017254,3
0.0017255,3
0.0017256,2
0.0017257,2
0.0017258,2
0.0017259,2
0.001726,2
0.0017261,2
0.0017262,2
0.0017263,2
0.0017264,2
0.0017265,2
0.0017266,2
0.0017267,2
0.0017268,2
0.0017269,2
0.001727,2
0.0017271,2
0.0017272,2
0.0017273,2
0.0017274,2
0.0017275,2
0.0017276,2
0.0017277,2
0.0017278,2
0.0017279,2
0.001728,2
0.0017281,2
0.0017282,2
0.0017283,2
0.0017284,2
0.0017285,2
0.0017286,2
0.0017287,2
0.0017288,2
0.0017289,2
0.001729,2
0.0017291,2
0.0017292,2
0.0017293,2
0.0017294,2
0.0017295,2
0.0017296,2
0.0017297,2
0.0017298,2
0.0017299,2
0.00173,2
0.0017301,2
0.0017302,2
0.0017303,2
0.0017304,2
0.0017305,2
0.0017306,2
0.0017307,2
0.0017308,2
0.0017309,2
0.001731,2
0.0017311,2
0.0017312,2
0.0017313,2
0.0017314,2
0.0017315,2
0.0017316,2
0.0017317,2
0.0017318,2
0.0017319,2
0.001732,2
0.0017321,2
0.0017322,2
0.0017323,2
0.0017324,2
0.0017325,2
0.0017326,2
0.0017327,2
0.0017328,2
0.0017329,2
0.001733,2
0.0017331,2
0.0017332,2
0.0017333,2
0.0017334,2
0.0017335,2
0.0017336,2
0.0017337,2
0.0017338,2
0.0017339,2
0.001734,2
0.0017341,2
0.0017342,2
0.0017343,2
0.0017344,2
0.0017345,2
0.0017346,2
0.0017347,2
0.0017348,2
0.0017349,2
0.001735,2
0.0017351,2
0.0017352,2
0.0017353,2
0.0017354,2
0.0017355,2
0.0017356,2
0.0017357,2
0.0017358,2
0.0017359,2
0.001736,2
0.0017361,2
0.0017362,2
0.0017363,2
0.0017364,1
0.0017365,1
0.0017366,1
0.0017367,1
0.0017368,1
0.0017369,1
0.001737,1
0.0017371,1
0.0017372,1
0.0017373,1
0.0017374,1
0.0017375,1
0.0017376,1
0.0017377,1
0.0017378,1
0.0017379,1
0.001738,1
0.0017381,1
0.0017382,1
0.0017383,1
0.0017384,1
0.0017385,1
0.0017386,1
0.0017387,1
0.0017388,1
0.0017389,1
0.001739,1
0.0017391,1
0.0017392,1
0.0017393,1
0.0017394,1
0.0017395,1
0.0017396,1
0.0017397,1
0.0017398,1
0.0017399,1
0.00174,1
0.0017401,1
0.0017402,1
0.0017403,1
0.0017404,1
0.0017405,1
0.0017406,1
0.0017407,1
0.0017408,1
0.0017409,1
0.001741,1
0.0017411,1
0.0017412,1
0.0017413,1
0.0017414,1
0.0017415,1
0.0017416,1
0.0017417,1
0.0017418,1
0.0017419,1
0.001742,1
0.0017421,1
0.0017422,1
0.0017423,1
0.0017424,1
0.0017425,1
0.0017426,1
0.0017427,1
0.0017428,1
0.0017429,1
0.001743,1
0.0017431,1
0.0017432,1
0.0017433,1
0.0017434,1
0.0017435,1
0.0017436,1
0.0017437,1
0.0017438,1
0.0017439,1
0.001744,1
0.0017441,1
0.0017442,1
0.0017443,1
0.0017444,1
0.0017445,1
0.0017446,1
0.0017447,1
0.0017448,1
0.0017449,1
0.001745,1
0.0017451,1
0.0017452,1
0.0017453,1
0.0017454,1
0.0017455,1
0.0017456,1
0.0017457,1
0.0017458,1
0.0017459,1
0.001746,1
0.0017461,1
0.0017462,1
0.0017463,1
0.0017464,1
0.0017465,1
0.0017466,1
0.0017467,1
0.0017468,1
0.0017469,1
0.001747,1
0.0017471,1
0.0017472,1
0.0017473,1
0.0017474,1
0.0017475,1
0.0017476,1
0.0017477,1
0.0017478,1
0.0017479,1
0.001748,1
0.0017481,1
0.0017482,1
0.0017483,1
0.0017484,1
0.0017485,1
0.0017486,1
0.0017487,1
0.0017488,1
0.0017489,1
0.001749,1
0.0017491,1
0.0017492,1
0.0017493,1
0.0017494,1
0.0017495,1
0.0017496,1
0.0017497,1
0.0017498,1
0.0017499,1
0.00175,1
0.0017501,1
0.0017502,1
0.0017503,1
0.0017504,1
0.0017505,1
0.0017506,1
0.0017507,1
0.0017508,1
0.0017509,1
0.001751,1
0.0017511,1
0.0017512,1
0.0017513,1
0.0017514,1
0.0017515,1
0.0017516,1
0.0017517,1
0.0017518,1
0.0017519,1
0.001752,1
0.0017521,1
0.0017522,1
0.0017523,1
0.0017524,1
0.0017525,1
0.0017526,1
0.0017527,1
0.0017528,1
0.0017529,1
0.001753,1
0.0017531,1
0.0017532,1
0.0017533,1
0.0017534,1
0.0017535,1
0.0017536,1
0.0017537,1
0.0017538,1
0.0017539,1
0.001754,1
0.0017541,1
0.0017542,1
0.0017543,1
0.0017544,1
0.0017545,1
0.0017546,1
0.0017547,1
0.0017548,1
0.0017549,1
0.001755,1
0.0017551,1
0.0017552,1
0.0017553,1
0.0017554,1
0.0017555,1
0.0017556,1
0.0017557,1
0.0017558,1
0.0017559,1
0.001756,1
0.0017561,1
0.0017562,1
0.0017563,1
0.0017564,1
0.0017565,1
0.0017566,1
0.0017567,1
0.0017568,1
0.0017569,1
0.001757,1
0.0017571,1
0.0017572,1
0.0017573,1
0.0017574,1
0.0017575,1
0.0017576,1
0.0017577,1
0.0017578,1
0.0017579,1
0.001758,1
0.0017581,1
0.0017582,1
0.0017583,1
0.0017584,1
0.0017585,1
0.0017586,1
0.0017587,1
0.0017588,1
0.0017589,1
0.001759,1
0.0017591,1
0.0017592,1
0.0017593,1
0.0017594,1
0.0017595,1
0.0017596,1
0.0017597,1
0.0017598,1
0.0017599,1
0.00176,1
0.0017601,1
0.0017602,1
0.0017603,1
0.0017604,1
0.0017605,1
0.0017606,1
0.0017607,1
0.0017608,1
0.0017609,1
0.001761,1
0.0017611,1
0.0017612,1
0.0017613,1
0.0017614,1
0.0017615,1
0.0017616,1
0.0017617,1
0.0017618,1
0.0017619,1
0.001762,1
0.0017621,1
0.0017622,1
0.0017623,1
0.0017624,1
0.0017625,1
0.0017626,1
0.0017627,1
0.0017628,1
0.0017629,1
0.001763,1
0.0017631,1
0.0017632,1
0.0017633,1
0.0017634,1
0.0017635,1
0.0017636,1
0.0017637,1
0.0017638,1
0.0017639,1
0.001764,1
0.0017641,1
0.0017642,1
0.0017643,1
0.0017644,1
0.0017645,1
0.0017646,1
0.0017647,2
0.0017648,2
0.0017649,2
0.001765,2
0.0017651,2
0.0017652,2
0.0017653,2
0.0017654,2
0.0017655,2
0.0017656,2
0.0017657,2
0.0017658,2
0.0017659,2
0.001766,2
0.0017661,2
0.0017662,2
0.0017663,2
0.0017664,2
0.0017665,2
0.0017666,2
0.0017667,2
0.0017668,2
0.0017669,2
0.001767,2
0.0017671,2
0.0017672,2
0.0017673,2
0.0017674,2
0.0017675,2
0.0017676,2
0.0017677,2
0.0017678,2
0.0017679,2
0.001768,2
0.0017681,2
0.0017682,2
0.0017683,2
0.0017684,2
0.0017685,2
0.0017686,2
0.0017687,2
0.0017688,2
0.0017689,2
0.001769,2
0.0017691,2
0.0017692,2
0.0017693,2
0.0017694,2
0.0017695,2
0.0017696,2
0.0017697,2
0.0017698,2
0.0017699,2
0.00177,2
0.0017701,2
0.0017702,2
0.0017703,2
0.0017704,2
0.0017705,2
0.0017706,2
0.0017707,2
0.0017708,2
0.0017709,2
0.001771,2
0.0017711,2
0.0017712,2
0.0017713,2
0.0017714,2
0.0017715,2
0.0017716,2
0.0017717,2
0.0017718,2
0.0017719,2
0.001772,2
0.0017721,2
0.0017722,2
0.0017723,2
0.0017724,2
0.0017725,2
0.0017726,2
0.0017727,2
0.0017728,2
0.0017729,2
0.001773,2
0.0017731,2
0.0017732,2
0.0017733,2
0.0017734,2
0.0017735,2
0.0017736,2
0.0017737,2
0.0017738,2
0.0017739,2
0.001774,2
0.0017741,2
0.0017742,2
0.0017743,2
0.0017744,2
0.0017745,2
0.0017746,2
0.0017747,2
0.0017748,2
0.0017749,2
0.001775,2
0.0017751,2
0.0017752,2
0.0017753,2
0.0017754,3
0.0017755,3
0.0017756,3
0.0017757,3
0.0017758,3
0.0017759,3
0.001776,3
0.0017761,3
0.0017762,3
0.0017763,3
0.0017764,3
0.0017765,3
0.0017766,3
0.0017767,3
0.0017768,3
0.0017769,3
0.001777,3
0.0017771,3
0.0017772,3
0.0017773,3
0.0017774,3
0.0017775,3
0.0017776,3
0.0017777,3
0.0017778,3
0.0017779,3
0.001778,3
0.0017781,3
0.0017782,3
0.0017783,3
0.0017784,3
0.0017785,3
0.0017786,3
0.0017787,3
0.0017788,3
0.0017789,3
0.001779,3
0.0017791,3
0.0017792,3
0.0017793,3
0.0017794,3
0.0017795,3
0.0017796,3
0.0017797,3
0.0017798,3
0.0017799,3
0.00178,3
0.0017801,3
0.0017802,3
0.0017803,3
0.0017804,3
0.0017805,3
0.0017806,3
0.0017807,3
0.0017808,3
0.0017809,3
0.001781,3
0.0017811,3
0.0017812,3
0.0017813,3
0.0017814,3
0.0017815,3
0.0017816,3
0.0017817,3
0.0017818,3
0.0017819,3
0.001782,3
0.0017821,3
0.0017822,3
0.0017823,4
0.0017824,4
0.0017825,4
0.0017826,4
0.0017827,4
0.0017828,4
0.0017829,4
0.001783,4
0.0017831,4
0.0017832,4
0.0017833,4
0.0017834,4
0.0017835,4
0.0017836,4
0.0017837,4
0.0017838,4
0.0017839,4
0.001784,4
0.0017841,4
0.0017842,4
0.0017843,4
0.0017844,4
0.0017845,4
0.0017846,4
0.0017847,4
0.0017848,4
0.0017849,4
0.001785,4
0.0017851,4
0.0017852,4
0.0017853,4
0.0017854,4
0.0017855,4
0.0017856,4
0.0017857,4
0.0017858,4
0.0017859,4
0.001786,4
0.0017861,4
0.0017862,4
0.0017863,4
0.0017864,4
0.0017865,4
0.0017866,4
0.0017867,4
0.0017868,4
0.0017869,4
0.001787,4
0.0017871,4
0.0017872,4
0.0017873,4
0.0017874,4
0.0017875,4
0.0017876,4
0.0017877,4
0.0017878,4
0.0017879,4
0.001788,4
0.0017881,5
0.0017882,5
0.0017883,5
0.0017884,5
0.0017885,5
0.0017886,5
0.0017887,5
0.0017888,5
0.0017889,5
0.001789,5
0.0017891,5
0.0017892,5
0.0017893,5
0.0017894,5
0.0017895,5
0.0017896,5
0.0017897,5
0.0017898,5
0.0017899,5
0.00179,5
0.0017901,5
0.0017902,5
0.0017903,5
0.0017904,5
0.0017905,5
0.0017906,5
0.0017907,5
0.0017908,5
0.0017909,5
0.001791,5
0.0017911,5
0.0017912,5
0.0017913,5
0.0017914,5
0.0017915,5
0.0017916,5
0.0017917,5
0.0017918,5
0.0017919,5
0.001792,5
0.0017921,5
0.0017922,5
0.0017923,5
0.0017924,5
0.0017925,5
0.0017926,5
0.0017927,5
0.0017928,5
0.0017929,5
0.001793,6
0.0017931,6
0.0017932,6
0.0017933,6
0.0017934,6
0.0017935,6
0.0017936,6
0.0017937,6
0.0017938,6
0.0017939,6
0.001794,6
0.0017941,6
0.0017942,6
0.0017943,6
0.0017944,6
0.0017945,6
0.0017946,6
0.0017947,6
0.0017948,6
0.0017949,6
0.001795,6
0.0017951,6
0.0017952,6
0.0017953,6
0.0017954,6
0.0017955,6
0.0017956,6
0.0017957,6
0.0017958,6
0.0017959,6
0.001796,6
0.0017961,6
0.0017962,6
0.0017963,6
0.0017964,6
0.0017965,6
0.0017966,6
0.0017967,6
0.0017968,6
0.0017969,6
0.001797,6
0.0017971,6
0.0017972,6
0.0017973,6
0.0017974,6
0.0017975,6
0.0017976,6
0.0017977,6
0.0017978,6
0.0017979,7
0.001798,7
0.0017981,7
0.0017982,7
0.0017983,7
0.0017984,7
0.0017985,7
0.0017986,7
0.0017987,7
0.0017988,7
0.0017989,7
0.001799,7
0.0017991,7
0.0017992,7
0.0017993,7
0.0017994,7
0.0017995,7
0.0017996,7
0.0017997,7
0.0017998,7
0.0017999,7
0.0018,7
0.0018001,7
0.0018002,7
0.0018003,7
0.0018004,7
0.0018005,7
0.0018006,7
0.0018007,7
0.0018008,7
0.0018009,7
0.001801,7
0.0018011,7
0.0018012,7
0.0018013,7
0.0018014,7
0.0018015,7
0.0018016,7
0.0018017,7
0.0018018,8
0.0018019,8
0.001802,8
0.0018021,8
0.0018022,8
0.0018023,8
0.0018024,8
0.0018025,8
0.0018026,8
0.0018027,8
0.0018028,8
0.0018029,8
0.001803,8
0.0018031,8
0.0018032,8
0.0018033,8
0.0018034,8
0.0018035,8
0.0018036,8
0.0018037,8
0.0018038,8
0.0018039,8
0.001804,8
0.0018041,8
0.0018042,8
0.0018043,8
0.0018044,8
0.0018045,8
0.0018046,8
0.0018047,8
0.0018048,8
0.0018049,8
0.001805,8
0.0018051,8
0.0018052,8
0.0018053,8
0.0018054,8
0.0018055,8
0.0018056,8
0.0018057,9
0.0018058,9
0.0018059,9
0.001806,9
0.0018061,9
0.0018062,9
0.0018063,9
0.0018064,9
0.0018065,9
0.0018066,9
0.0018067,9
0.0018068,9
0.0018069,9
0.001807,9
0.0018071,9
0.0018072,9
0.0018073,9
0.0018074,9
0.0018075,9
0.0018076,9
0.0018077,9
0.0018078,9
0.0018079,9
0.001808,9
0.0018081,9
0.0018082,9
0.0018083,9
0.0018084,9
0.0018085,9
0.0018086,10
0.0018087,10
0.0018088,10
0.0018089,10
0.001809,10
0.0018091,10
0.0018092,10
0.0018093,10
0.0018094,10
0.0018095,10
0.0018096,10
0.0018097,10
0.0018098,10
0.0018099,10
0.00181,10
0.0018101,10
0.0018102,10
0.0018103,10
0.0018104,10
0.0018105,10
0.0018106,10
0.0018107,10
0.0018108,10
0.0018109,10
0.001811,10
0.0018111,10
0.0018112,10
0.0018113,10
0.0018114,10
0.0018115,10
0.0018116,10
0.0018117,10
0.0018118,10
0.0018119,10
0.001812,10
0.0018121,10
0.0018122,10
0.0018123,10
0.0018124,10
0.0018125,10
0.0018126,11
0.0018127,11
0.0018128,11
0.0018129,11
0.001813,11
0.0018131,11
0.0018132,11
0.0018133,11
0.0018134,11
0.0018135,11
0.0018136,11
0.0018137,11
0.0018138,11
0.0018139,11
0.001814,11
0.0018141,11
0.0018142,11
0.0018143,11
0.0018144,11
0.0018145,11
0.0018146,11
0.0018147,11
0.0018148,11
0.0018149,11
0.001815,11
0.0018151,11
0.0018152,11
0.0018153,11
0.0018154,11
0.0018155,12
0.0018156,12
0.0018157,12
0.0018158,12
0.0018159,12
0.001816,12
0.0018161,12
0.0018162,12
0.0018163,12
0.0018164,12
0.0018165,12
0.0018166,12
0.0018167,12
0.0018168,12
0.0018169,12
0.001817,12
0.0018171,12
0.0018172,12
0.0018173,12
0.0018174,12
0.0018175,12
0.0018176,12
0.0018177,12
0.0018178,12
0.0018179,12
0.001818,12
0.0018181,12
0.0018182,12
0.0018183,12
0.0018184,13
0.0018185,13
0.0018186,13
0.0018187,13
0.0018188,13
0.0018189,13
0.001819,13
0.0018191,13
0.0018192,13
0.0018193,13
0.0018194,13
0.0018195,13
0.0018196,13
0.0018197,13
0.0018198,13
0.0018199,13
0.00182,13
0.0018201,13
0.0018202,13
0.0018203,13
0.0018204,13
0.0018205,13
0.0018206,13
0.0018207,13
0.0018208,13
0.0018209,13
0.001821,13
0.0018211,13
0.0018212,13
0.0018213,14
0.0018214,14
0.0018215,14
0.0018216,14
0.0018217,14
0.0018218,14
0.0018219,14
0.001822,14
0.0018221,14
0.0018222,14
0.0018223,14
0.0018224,14
0.0018225,14
0.0018226,14
0.0018227,14
0.0018228,14
0.0018229,14
0.001823,14
0.0018231,14
0.0018232,14
0.0018233,14
0.0018234,14
0.0018235,14
0.0018236,14
0.0018237,14
0.0018238,14
0.0018239,14
0.001824,14
0.0018241,14
0.0018242,14
0.0018243,15
0.0018244,15
0.0018245,15
0.0018246,15
0.0018247,15
0.0018248,15
0.0018249,15
0.001825,15
0.0018251,15
0.0018252,15
0.0018253,15
0.0018254,15
0.0018255,15
0.0018256,15
0.0018257,15
0.0018258,15
0.0018259,15
0.001826,15
0.0018261,15
0.0018262,15
0.0018263,15
0.0018264,15
0.0018265,15
0.0018266,15
0.0018267,15
0.0018268,15
0.0018269,15
0.001827,15
0.0018271,15
0.0018272,16
0.0018273,16
0.0018274,16
0.0018275,16
0.0018276,16
0.0018277,16
0.0018278,16
0.0018279,16
0.001828,16
0.0018281,16
0.0018282,16
0.0018283,16
0.0018284,16
0.0018285,16
0.0018286,16
0.0018287,16
0.0018288,16
0.0018289,16
0.001829,16
0.0018291,16
0.0018292,16
0.0018293,16
0.0018294,16
0.0018295,16
0.0018296,16
0.0018297,16
0.0018298,16
0.0018299,16
0.00183,16
0.0018301,17
0.0018302,17
0.0018303,17
0.0018304,17
0.0018305,17
0.0018306,17
0.0018307,17
0.0018308,17
0.0018309,17
0.001831,17
0.0018311,17
0.0018312,17
0.0018313,17
0.0018314,17
0.0018315,17
0.0018316,17
0.0018317,17
0.0018318,17
0.0018319,17
0.001832,17
0.0018321,17
0.0018322,17
0.0018323,17
0.0018324,17
0.0018325,17
0.0018326,17
0.0018327,17
0.0018328,17
0.0018329,17
0.001833,17
0.0018331,18
0.0018332,18
0.0018333,18
0.0018334,18
0.0018335,18
0.0018336,18
0.0018337,18
0.0018338,18
0.0018339,18
0.001834,18
0.0018341,18
0.0018342,18
0.0018343,18
0.0018344,18
0.0018345,18
0.0018346,18
0.0018347,18
0.0018348,18
0.0018349,18
0.001835,19
0.0018351,19
0.0018352,19
0.0018353,19
0.0018354,19
0.0018355,19
0.0018356,19
0.0018357,19
0.0018358,19
0.0018359,19
0.001836,19
0.0018361,19
0.0018362,19
0.0018363,19
0.0018364,19
0.0018365,19
0.0018366,19
0.0018367,19
0.0018368,19
0.0018369,19
0.001837,19
0.0018371,19
0.0018372,19
0.0018373,19
0.0018374,19
0.0018375,19
0.0018376,19
0.0018377,19
0.0018378,19
0.0018379,20
0.001838,20
0.0018381,20
0.0018382,20
0.0018383,20
0.0018384,20
0.0018385,20
0.0018386,20
0.0018387,20
0.0018388,20
0.0018389,20
0.001839,20
0.0018391,20
0.0018392,20
0.0018393,20
0.0018394,20
0.0018395,20
0.0018396,20
0.0018397,20
0.0018398,20
0.0018399,21
0.00184,21
0.0018401,21
0.0018402,21
0.0018403,21
0.0018404,21
0.0018405,21
0.0018406,21
0.0018407,21
0.0018408,21
0.0018409,21
0.001841,21
0.0018411,21
0.0018412,21
0.0018413,21
0.0018414,21
0.0018415,21
0.0018416,21
0.0018417,21
0.0018418,21
0.0018419,22
0.001842,22
0.0018421,22
0.0018422,22
0.0018423,22
0.0018424,22
0.0018425,22
0.0018426,22
0.0018427,22
0.0018428,22
0.0018429,22
0.001843,22
0.0018431,22
0.0018432,22
0.0018433,22
0.0018434,22
0.0018435,22
0.0018436,22
0.0018437,22
0.0018438,22
0.0018439,22
0.001844,22
0.0018441,22
0.0018442,22
0.0018443,22
0.0018444,22
0.0018445,22
0.0018446,22
0.0018447,22
0.0018448,23
0.0018449,23
0.001845,23
0.0018451,23
0.0018452,23
0.0018453,23
0.0018454,23
0.0018455,23
0.0018456,23
0.0018457,23
0.0018458,23
0.0018459,23
0.001846,23
0.0018461,23
0.0018462,23
0.0018463,23
0.0018464,23
0.0018465,23
0.0018466,23
0.0018467,24
0.0018468,24
0.0018469,24
0.001847,24
0.0018471,24
0.0018472,24
0.0018473,24
0.0018474,24
0.0018475,24
0.0018476,24
0.0018477,24
0.0018478,24
0.0018479,24
0.001848,24
0.0018481,24
0.0018482,24
0.0018483,24
0.0018484,24
0.0018485,24
0.0018486,24
0.0018487,25
0.0018488,25
0.0018489,25
0.001849,25
0.0018491,25
0.0018492,25
0.0018493,25
0.0018494,25
0.0018495,25
0.0018496,25
0.0018497,25
0.0018498,25
0.0018499,25
0.00185,25
0.0018501,25
0.0018502,25
0.0018503,25
0.0018504,25
0.0018505,25
0.0018506,26
0.0018507,26
0.0018508,26
0.0018509,26
0.001851,26
0.0018511,26
0.0018512,26
0.0018513,26
0.0018514,26
0.0018515,26
0.0018516,26
0.0018517,26
0.0018518,26
0.0018519,26
0.001852,26
0.0018521,26
0.0018522,26
0.0018523,26
0.0018524,26
0.0018525,26
0.0018526,26
0.0018527,26
0.0018528,26
0.0018529,26
0.001853,26
0.0018531,26
0.0018532,26
0.0018533,26
0.0018534,26
0.0018535,26
0.0018536,27
0.0018537,27
0.0018538,27
0.0018539,27
0.001854,27
0.0018541,27
0.0018542,27
0.0018543,27
0.0018544,27
0.0018545,27
0.0018546,27
0.0018547,27
0.0018548,27
0.0018549,27
0.001855,27
0.0018551,27
0.0018552,27
0.0018553,27
0.0018554,27
0.0018555,28
0.0018556,28
0.0018557,28
0.0018558,28
0.0018559,28
0.001856,28
0.0018561,28
0.0018562,28
0.0018563,28
0.0018564,28
0.0018565,28
0.0018566,28
0.0018567,28
0.0018568,28
0.0018569,28
0.001857,28
0.0018571,28
0.0018572,28
0.0018573,28
0.0018574,28
0.0018575,29
0.0018576,29
0.0018577,29
0.0018578,29
0.0018579,29
0.001858,29
0.0018581,29
0.0018582,29
0.0018583,29
0.0018584,29
0.0018585,29
0.0018586,29
0.0018587,29
0.0018588,29
0.0018589,29
0.001859,29
0.0018591,29
0.0018592,29
0.0018593,29
0.0018594,30
0.0018595,30
0.0018596,30
0.0018597,30
0.0018598,30
0.0018599,30
0.00186,30
0.0018601,30
0.0018602,30
0.0018603,30
0.0018604,30
0.0018605,30
0.0018606,30
0.0018607,30
0.0018608,30
0.0018609,30
0.001861,30
0.0018611,30
0.0018612,30
0.0018613,30
0.0018614,31
0.0018615,31
0.0018616,31
0.0018617,31
0.0018618,31
0.0018619,31
0.001862,31
0.0018621,31
0.0018622,31
0.0018623,31
0.0018624,31
0.0018625,31
0.0018626,31
0.0018627,31
0.0018628,31
0.0018629,31
0.001863,31
0.0018631,31
0.0018632,31
0.0018633,32
0.0018634,32
0.0018635,32
0.0018636,32
0.0018637,32
0.0018638,32
0.0018639,32
0.001864,32
0.0018641,32
0.0018642,32
0.0018643,32
0.0018644,32
0.0018645,32
0.0018646,32
0.0018647,32
0.0018648,32
0.0018649,32
0.001865,32
0.0018651,32
0.0018652,32
0.0018653,33
0.0018654,33
0.0018655,33
0.0018656,33
0.0018657,33
0.0018658,33
0.0018659,33
0.001866,33
0.0018661,33
0.0018662,33
0.0018663,33
0.0018664,33
0.0018665,33
0.0018666,33
0.0018667,33
0.0018668,33
0.0018669,33
0.001867,33
0.0018671,33
0.0018672,34
0.0018673,34
0.0018674,34
0.0018675,34
0.0018676,34
0.0018677,34
0.0018678,34
0.0018679,34
0.001868,34
0.0018681,34
0.0018682,34
0.0018683,34
0.0018684,34
0.0018685,34
0.0018686,34
0.0018687,34
0.0018688,34
0.0018689,34
0.001869,34
0.0018691,34
0.0018692,35
0.0018693,35
0.0018694,35
0.0018695,35
0.0018696,35
0.0018697,35
0.0018698,35
0.0018699,35
0.00187,35
0.0018701,35
0.0018702,35
0.0018703,35
0.0018704,35
0.0018705,35
0.0018706,35
0.0018707,35
0.0018708,35
0.0018709,35
0.001871,35
0.0018711,36
0.0018712,36
0.0018713,36
0.0018714,36
0.0018715,36
0.0018716,36
0.0018717,36
0.0018718,36
0.0018719,36
0.001872,36
0.0018721,37
0.0018722,37
0.0018723,37
0.0018724,37
0.0018725,37
0.0018726,37
0.0018727,37
0.0018728,37
0.0018729,37
0.001873,37
0.0018731,37
0.0018732,37
0.0018733,37
0.0018734,37
0.0018735,37
0.0018736,37
0.0018737,37
0.0018738,37
0.0018739,37
0.001874,37
0.0018741,38
0.0018742,38
0.0018743,38
0.0018744,38
0.0018745,38
0.0018746,38
0.0018747,38
0.0018748,38
0.0018749,38
0.001875,38
0.0018751,38
0.0018752,38
0.0018753,38
0.0018754,38
0.0018755,38
0.0018756,38
0.0018757,38
0.0018758,38
0.0018759,38
0.001876,39
0.0018761,39
0.0018762,39
0.0018763,39
0.0018764,39
0.0018765,39
0.0018766,39
0.0018767,39
0.0018768,39
0.0018769,39
0.001877,39
0.0018771,39
0.0018772,39
0.0018773,39
0.0018774,39
0.0018775,39
0.0018776,39
0.0018777,39
0.0018778,39
0.0018779,39
0.001878,40
0.0018781,40
0.0018782,40
0.0018783,40
0.0018784,40
0.0018785,40
0.0018786,40
0.0018787,40
0.0018788,40
0.0018789,40
0.001879,40
0.0018791,40
0.0018792,40
0.0018793,40
0.0018794,40
0.0018795,40
0.0018796,40
0.0018797,40
0.0018798,40
0.0018799,41
0.00188,41
0.0018801,41
0.0018802,41
0.0018803,41
0.0018804,41
0.0018805,41
0.0018806,41
0.0018807,41
0.0018808,41
0.0018809,42
0.001881,42
0.0018811,42
0.0018812,42
0.0018813,42
0.0018814,42
0.0018815,42
0.0018816,42
0.0018817,42
0.0018818,42
0.0018819,42
0.001882,42
0.0018821,42
0.0018822,42
0.0018823,42
0.0018824,42
0.0018825,42
0.0018826,42
0.0018827,42
0.0018828,42
0.0018829,43
0.001883,43
0.0018831,43
0.0018832,43
0.0018833,43
0.0018834,43
0.0018835,43
0.0018836,43
0.0018837,43
0.0018838,43
0.0018839,43
0.001884,43
0.0018841,43
0.0018842,43
0.0018843,43
0.0018844,43
0.0018845,43
0.0018846,43
0.0018847,43
0.0018848,44
0.0018849,44
0.001885,44
0.0018851,44
0.0018852,44
0.0018853,44
0.0018854,44
0.0018855,44
0.0018856,44
0.0018857,44
0.0018858,44
0.0018859,44
0.001886,44
0.0018861,44
0.0018862,44
0.0018863,44
0.0018864,44
0.0018865,44
0.0018866,44
0.0018867,44
0.0018868,45
0.0018869,45
0.001887,45
0.0018871,45
0.0018872,45
0.0018873,45
0.0018874,45
0.0018875,45
0.0018876,45
0.0018877,46
0.0018878,46
0.0018879,46
0.001888,46
0.0018881,46
0.0018882,46
0.0018883,46
0.0018884,46
0.0018885,46
0.0018886,46
0.0018887,46
0.0018888,46
0.0018889,46
0.001889,46
0.0018891,46
0.0018892,46
0.0018893,46
0.0018894,46
0.0018895,46
0.0018896,46
0.0018897,47
0.0018898,47
0.0018899,47
0.00189,47
0.0018901,47
0.0018902,47
0.0018903,47
0.0018904,47
0.0018905,47
0.0018906,47
0.0018907,47
0.0018908,47
0.0018909,47
0.001891,47
0.0018911,47
0.0018912,47
0.0018913,47
0.0018914,47
0.0018915,47
0.0018916,47
0.0018917,48
0.0018918,48
0.0018919,48
0.001892,48
0.0018921,48
0.0018922,48
0.0018923,48
0.0018924,48
0.0018925,48
0.0018926,49
0.0018927,49
0.0018928,49
0.0018929,49
0.001893,49
0.0018931,49
0.0018932,49
0.0018933,49
0.0018934,49
0.0018935,49
0.0018936,49
0.0018937,49
0.0018938,49
0.0018939,49
0.001894,49
0.0018941,49
0.0018942,49
0.0018943,49
0.0018944,49
0.0018945,49
0.0018946,50
0.0018947,50
0.0018948,50
0.0018949,50
0.001895,50
0.0018951,50
0.0018952,50
0.0018953,50
0.0018954,50
0.0018955,50
0.0018956,50
0.0018957,50
0.0018958,50
0.0018959,50
0.001896,50
0.0018961,50
0.0018962,50
0.0018963,50
0.0018964,50
0.0018965,51
0.0018966,51
0.0018967,51
0.0018968,51
0.0018969,51
0.001897,51
0.0018971,51
0.0018972,51
0.0018973,51
0.0018974,51
0.0018975,52
0.0018976,52
0.0018977,52
0.0018978,52
0.0018979,52
0.001898,52
0.0018981,52
0.0018982,52
0.0018983,52
0.0018984,52
0.0018985,52
0.0018986,52
0.0018987,52
0.0018988,52
0.0018989,52
0.001899,52
0.0018991,52
0.0018992,52
0.0018993,52
0.0018994,52
0.0018995,53
0.0018996,53
0.0018997,53
0.0018998,53
0.0018999,53
0.0019,53
0.0019001,53
0.0019002,53
0.0019003,53
0.0019004,54
0.0019005,54
0.0019006,54
0.0019007,54
0.0019008,54
0.0019009,54
0.001901,54
0.0019011,54
0.0019012,54
0.0019013,54
0.0019014,54
0.0019015,54
0.0019016,54
0.0019017,54
0.0019018,54
0.0019019,54
0.001902,54
0.0019021,54
0.0019022,54
0.0019023,54
0.0019024,55
0.0019025,55
0.0019026,55
0.0019027,55
0.0019028,55
0.0019029,55
0.001903,55
0.0019031,55
0.0019032,55
0.0019033,55
0.0019034,56
0.0019035,56
0.0019036,56
0.0019037,56
0.0019038,56
0.0019039,56
0.001904,56
0.0019041,56
0.0019042,56
0.0019043,56
0.0019044,56
0.0019045,56
0.0019046,56
0.0019047,56
0.0019048,56
0.0019049,56
0.001905,56
0.0019051,56
0.0019052,56
0.0019053,57
0.0019054,57
0.0019055,57
0.0019056,57
0.0019057,57
0.0019058,57
0.0019059,57
0.001906,57
0.0019061,57
0.0019062,57
0.0019063,57
0.0019064,57
0.0019065,57
0.0019066,57
0.0019067,57
0.0019068,57
0.0019069,57
0.001907,57
0.0019071,57
0.0019072,57
0.0019073,58
0.0019074,58
0.0019075,58
0.0019076,58
0.0019077,58
0.0019078,58
0.0019079,58
0.001908,58
0.0019081,58
0.0019082,58
0.0019083,59
0.0019084,59
0.0019085,59
0.0019086,59
0.0019087,59
0.0019088,59
0.0019089,59
0.001909,59
0.0019091,59
0.0019092,59
0.0019093,59
0.0019094,59
0.0019095,59
0.0019096,59
0.0019097,59
0.0019098,59
0.0019099,59
0.00191,59
0.0019101,59
0.0019102,60
0.0019103,60
0.0019104,60
0.0019105,60
0.0019106,60
0.0019107,60
0.0019108,60
0.0019109,60
0.001911,60
0.0019111,60
0.0019112,61
0.0019113,61
0.0019114,61
0.0019115,61
0.0019116,61
0.0019117,61
0.0019118,61
0.0019119,61
0.001912,61
0.0019121,61
0.0019122,61
0.0019123,61
0.0019124,61
0.0019125,61
0.0019126,61
0.0019127,61
0.0019128,61
0.0019129,61
0.001913,61
0.0019131,62
0.0019132,62
0.0019133,62
0.0019134,62
0.0019135,62
0.0019136,62
0.0019137,62
0.0019138,62
0.0019139,62
0.001914,62
0.0019141,63
0.0019142,63
0.0019143,63
0.0019144,63
0.0019145,63
0.0019146,63
0.0019147,63
0.0019148,63
0.0019149,63
0.001915,63
0.0019151,63
0.0019152,63
0.0019153,63
0.0019154,63
0.0019155,63
0.0019156,63
0.0019157,63
0.0019158,63
0.0019159,63
0.001916,63
0.0019161,64
0.0019162,64
0.0019163,64
0.0019164,64
0.0019165,64
0.0019166,64
0.0019167,64
0.0019168,64
0.0019169,64
0.001917,65
0.0019171,65
0.0019172,65
0.0019173,65
0.0019174,65
0.0019175,65
0.0019176,65
0.0019177,65
0.0019178,65
0.0019179,65
0.001918,65
0.0019181,65
0.0019182,65
0.0019183,65
0.0019184,65
0.0019185,65
0.0019186,65
0.0019187,65
0.0019188,65
0.0019189,65
0.001919,66
0.0019191,66
0.0019192,66
0.0019193,66
0.0019194,66
0.0019195,66
0.0019196,66
0.0019197,66
0.0019198,66
0.0019199,66
0.00192,67
0.0019201,67
0.0019202,67
0.0019203,67
0.0019204,67
0.0019205,67
0.0019206,67
0.0019207,67
0.0019208,67
0.0019209,67
0.001921,67
0.0019211,67
0.0019212,67
0.0019213,67
0.0019214,67
0.0019215,67
0.0019216,67
0.0019217,67
0.0019218,67
0.0019219,68
0.001922,68
0.0019221,68
0.0019222,68
0.0019223,68
0.0019224,68
0.0019225,68
0.0019226,68
0.0019227,68
0.0019228,68
0.0019229,69
0.001923,69
0.0019231,69
0.0019232,69
0.0019233,69
0.0019234,69
0.0019235,69
0.0019236,69
0.0019237,69
0.0019238,69
0.0019239,70
0.001924,70
0.0019241,70
0.0019242,70
0.0019243,70
0.0019244,70
0.0019245,70
0.0019246,70
0.0019247,70
0.0019248,70
0.0019249,70
0.001925,70
0.0019251,70
0.0019252,70
0.0019253,70
0.0019254,70
0.0019255,70
0.0019256,70
0.0019257,70
0.0019258,71
0.0019259,71
0.001926,71
0.0019261,71
0.0019262,71
0.0019263,71
0.0019264,71
0.0019265,71
0.0019266,71
0.0019267,71
0.0019268,72
0.0019269,72
0.001927,72
0.0019271,72
0.0019272,72
0.0019273,72
0.0019274,72
0.0019275,72
0.0019276,72
0.0019277,72
0.0019278,72
0.0019279,72
0.001928,72
0.0019281,72
0.0019282,72
0.0019283,72
0.0019284,72
0.0019285,72
0.0019286,72
0.0019287,72
0.0019288,73
0.0019289,73
0.001929,73
0.0019291,73
0.0019292,73
0.0019293,73
0.0019294,73
0.0019295,73
0.0019296,73
0.0019297,74
0.0019298,74
0.0019299,74
0.00193,74
0.0019301,74
0.0019302,74
0.0019303,74
0.0019304,74
0.0019305,74
0.0019306,74
0.0019307,74
0.0019308,74
0.0019309,74
0.001931,74
0.0019311,74
0.0019312,74
0.0019313,74
0.0019314,74
0.0019315,74
0.0019316,74
0.0019317,75
0.0019318,75
0.0019319,75
0.001932,75
0.0019321,75
0.0019322,75
0.0019323,75
0.0019324,75
0.0019325,75
0.0019326,75
0.0019327,76
0.0019328,76
0.0019329,76
0.001933,76
0.0019331,76
0.0019332,76
0.0019333,76
0.0019334,76
0.0019335,76
0.0019336,77
0.0019337,77
0.0019338,77
0.0019339,77
0.001934,77
0.0019341,77
0.0019342,77
0.0019343,77
0.0019344,77
0.0019345,77
0.0019346,77
0.0019347,77
0.0019348,77
0.0019349,77
0.001935,77
0.0019351,77
0.0019352,77
0.0019353,77
0.0019354,77
0.0019355,77
0.0019356,78
0.0019357,78
0.0019358,78
0.0019359,78
0.001936,78
0.0019361,78
0.0019362,78
0.0019363,78
0.0019364,78
0.0019365,78
0.0019366,79
0.0019367,79
0.0019368,79
0.0019369,79
0.001937,79
0.0019371,79
0.0019372,79
0.0019373,79
0.0019374,79
0.0019375,79
0.0019376,79
0.0019377,79
0.0019378,79
0.0019379,79
0.001938,79
0.0019381,79
0.0019382,79
0.0019383,79
0.0019384,79
0.0019385,80
0.0019386,80
0.0019387,80
0.0019388,80
0.0019389,80
0.001939,80
0.0019391,80
0.0019392,80
0.0019393,80
0.0019394,80
0.0019395,81
0.0019396,81
0.0019397,81
0.0019398,81
0.0019399,81
0.00194,81
0.0019401,81
0.0019402,81
0.0019403,81
0.0019404,81
0.0019405,82
0.0019406,82
0.0019407,82
0.0019408,82
0.0019409,82
0.001941,82
0.0019411,82
0.0019412,82
0.0019413,82
0.0019414,82
0.0019415,82
0.0019416,82
0.0019417,82
0.0019418,82
0.0019419,82
0.001942,82
0.0019421,82
0.0019422,82
0.0019423,82
0.0019424,83
0.0019425,83
0.0019426,83
0.0019427,83
0.0019428,83
0.0019429,83
0.001943,83
0.0019431,83
0.0019432,83
0.0019433,83
0.0019434,84
0.0019435,84
0.0019436,84
0.0019437,84
0.0019438,84
0.0019439,84
0.001944,84
0.0019441,84
0.0019442,84
0.0019443,84
0.0019444,84
0.0019445,84
0.0019446,84
0.0019447,84
0.0019448,84
0.0019449,84
0.001945,84
0.0019451,84
0.0019452,84
0.0019453,84
0.0019454,85
0.0019455,85
0.0019456,85
0.0019457,85
0.0019458,85
0.0019459,85
0.001946,85
0.0019461,85
0.0019462,85
0.0019463,86
0.0019464,86
0.0019465,86
0.0019466,86
0.0019467,86
0.0019468,86
0.0019469,86
0.001947,86
0.0019471,86
0.0019472,86
0.0019473,87
0.0019474,87
0.0019475,87
0.0019476,87
0.0019477,87
0.0019478,87
0.0019479,87
0.001948,87
0.0019481,87
0.0019482,87
0.0019483,87
0.0019484,87
0.0019485,87
0.0019486,87
0.0019487,87
0.0019488,87
0.0019489,87
0.001949,87
0.0019491,87
0.0019492,87
0.0019493,88
0.0019494,88
0.0019495,88
0.0019496,88
0.0019497,88
0.0019498,88
0.0019499,88
0.00195,88
0.0019501,88
0.0019502,89
0.0019503,89
0.0019504,89
0.0019505,89
0.0019506,89
0.0019507,89
0.0019508,89
0.0019509,89
0.001951,89
0.0019511,89
0.0019512,90
0.0019513,90
0.0019514,90
0.0019515,90
0.0019516,90
0.0019517,90
0.0019518,90
0.0019519,90
0.001952,90
0.0019521,90
0.0019522,90
0.0019523,90
0.0019524,90
0.0019525,90
0.0019526,90
0.0019527,90
0.0019528,90
0.0019529,90
0.001953,90
0.0019531,90
0.0019532,91
0.0019533,91
0.0019534,91
0.0019535,91
0.0019536,91
0.0019537,91
0.0019538,91
0.0019539,91
0.001954,91
0.0019541,91
0.0019542,92
0.0019543,92
0.0019544,92
0.0019545,92
0.0019546,92
0.0019547,92
0.0019548,92
0.0019549,92
0.001955,92
0.0019551,93
0.0019552,93
0.0019553,93
0.0019554,93
0.0019555,93
0.0019556,93
0.0019557,93
0.0019558,93
0.0019559,93
0.001956,93
0.0019561,93
0.0019562,93
0.0019563,93
0.0019564,93
0.0019565,93
0.0019566,93
0.0019567,93
0.0019568,93
0.0019569,93
0.001957,93
0.0019571,94
0.0019572,94
0.0019573,94
0.0019574,94
0.0019575,94
0.0019576,94
0.0019577,94
0.0019578,94
0.0019579,94
0.001958,94
0.0019581,95
0.0019582,95
0.0019583,95
0.0019584,95
0.0019585,95
0.0019586,95
0.0019587,95
0.0019588,95
0.0019589,95
0.001959,96
0.0019591,96
0.0019592,96
0.0019593,96
0.0019594,96
0.0019595,96
0.0019596,96
0.0019597,96
0.0019598,96
0.0019599,96
0.00196,96
0.0019601,96
0.0019602,96
0.0019603,96
0.0019604,96
0.0019605,96
0.0019606,96
0.0019607,96
0.0019608,96
0.0019609,96
0.001961,97
0.0019611,97
0.0019612,97
0.0019613,97
0.0019614,97
0.0019615,97
0.0019616,97
0.0019617,97
0.0019618,97
0.0019619,97
0.001962,98
0.0019621,98
0.0019622,98
0.0019623,98
0.0019624,98
0.0019625,98
0.0019626,98
0.0019627,98
0.0019628,98
0.0019629,99
0.001963,99
0.0019631,99
0.0019632,99
0.0019633,99
0.0019634,99
0.0019635,99
0.0019636,99
0.0019637,99
0.0019638,99
0.0019639,99
0.001964,99
0.0019641,99
0.0019642,99
0.0019643,99
0.0019644,99
0.0019645,99
0.0019646,99
0.0019647,99
0.0019648,99
0.0019649,100
0.001965,100
0.0019651,100
0.0019652,100
0.0019653,100
0.0019654,100
0.0019655,100
0.0019656,100
0.0019657,100
0.0019658,100
0.0019659,101
0.001966,101
0.0019661,101
0.0019662,101
0.0019663,101
0.0019664,101
0.0019665,101
0.0019666,101
0.0019667,101
0.0019668,101
0.0019669,102
0.001967,102
0.0019671,102
0.0019672,102
0.0019673,102
0.0019674,102
0.0019675,102
0.0019676,102
0.0019677,102
0.0019678,102
0.0019679,102
0.001968,102
0.0019681,102
0.0019682,102
0.0019683,102
0.0019684,102
0.0019685,102
0.0019686,102
0.0019687,102
0.0019688,103
0.0019689,103
0.001969,103
0.0019691,103
0.0019692,103
0.0019693,103
0.0019694,103
0.0019695,103
0.0019696,103
0.0019697,103
0.0019698,104
0.0019699,104
0.00197,104
0.0019701,104
0.0019702,104
0.0019703,104
0.0019704,104
0.0019705,104
0.0019706,104
0.0019707,104
0.0019708,105
0.0019709,105
0.001971,105
0.0019711,105
0.0019712,105
0.0019713,105
0.0019714,105
0.0019715,105
0.0019716,105
0.0019717,106
0.0019718,106
0.0019719,106
0.001972,106
0.0019721,106
0.0019722,106
0.0019723,106
0.0019724,106
0.0019725,106
0.0019726,106
0.0019727,106
0.0019728,106
0.0019729,106
0.001973,106
0.0019731,106
0.0019732,106
0.0019733,106
0.0019734,106
0.0019735,106
0.0019736,106
0.0019737,107
0.0019738,107
0.0019739,107
0.001974,107
0.0019741,107
0.0019742,107
0.0019743,107
0.0019744,107
0.0019745,107
0.0019746,107
0.0019747,108
0.0019748,108
0.0019749,108
0.001975,108
0.0019751,108
0.0019752,108
0.0019753,108
0.0019754,108
0.0019755,108
0.0019756,109
0.0019757,109
0.0019758,109
0.0019759,109
0.001976,109
0.0019761,109
0.0019762,109
0.0019763,109
0.0019764,109
0.0019765,109
0.0019766,109
0.0019767,109
0.0019768,109
0.0019769,109
0.001977,109
0.0019771,109
0.0019772,109
0.0019773,109
0.0019774,109
0.0019775,109
0.0019776,110
0.0019777,110
0.0019778,110
0.0019779,110
0.001978,110
0.0019781,110
0.0019782,110
0.0019783,110
0.0019784,110
0.0019785,110
0.0019786,111
0.0019787,111
0.0019788,111
0.0019789,111
0.001979,111
0.0019791,111
0.0019792,111
0.0019793,111
0.0019794,111
0.0019795,112
0.0019796,112
0.0019797,112
0.0019798,112
0.0019799,112
0.00198,112
0.0019801,112
0.0019802,112
0.0019803,112
0.0019804,112
0.0019805,112
0.0019806,112
0.0019807,112
0.0019808,112
0.0019809,112
0.001981,112
0.0019811,112
0.0019812,112
0.0019813,112
0.0019814,112
0.0019815,113
0.0019816,113
0.0019817,113
0.0019818,113
0.0019819,113
0.001982,113
0.0019821,113
0.0019822,113
0.0019823,113
0.0019824,113
0.0019825,114
0.0019826,114
0.0019827,114
0.0019828,114
0.0019829,114
0.001983,114
0.0019831,114
0.0019832,114
0.0019833,114
0.0019834,114
0.0019835,115
0.0019836,115
0.0019837,115
0.0019838,115
0.0019839,115
0.001984,115
0.0019841,115
0.0019842,115
0.0019843,115
0.0019844,116
0.0019845,116
0.0019846,116
0.0019847,116
0.0019848,116
0.0019849,116
0.001985,116
0.0019851,116
0.0019852,116
0.0019853,116
0.0019854,116
0.0019855,116
0.0019856,116
0.0019857,116
0.0019858,116
0.0019859,116
0.001986,116
0.0019861,116
0.0019862,116
0.0019863,116
0.0019864,117
0.0019865,117
0.0019866,117
0.0019867,117
0.0019868,117
0.0019869,117
0.001987,117
0.0019871,117
0.0019872,117
0.0019873,117
0.0019874,118
0.0019875,118
0.0019876,118
0.0019877,118
0.0019878,118
0.0019879,118
0.001988,118
0.0019881,118
0.0019882,118
0.0019883,119
0.0019884,119
0.0019885,119
0.0019886,119
0.0019887,119
0.0019888,119
0.0019889,119
0.001989,119
0.0019891,119
0.0019892,119
0.0019893,119
0.0019894,119
0.0019895,119
0.0019896,119
0.0019897,119
0.0019898,119
0.0019899,119
0.00199,119
0.0019901,119
0.0019902,119
0.0019903,120
0.0019904,120
0.0019905,120
0.0019906,120
0.0019907,120
0.0019908,120
0.0019909,120
0.001991,120
0.0019911,120
0.0019912,120
0.0019913,121
0.0019914,121
0.0019915,121
0.0019916,121
0.0019917,121
0.0019918,121
0.0019919,121
0.001992,121
0.0019921,121
0.0019922,122
0.0019923,122
0.0019924,122
0.0019925,122
0.0019926,122
0.0019927,122
0.0019928,122
0.0019929,122
0.001993,122
0.0019931,122
0.0019932,123
0.0019933,123
0.0019934,123
0.0019935,123
0.0019936,123
0.0019937,123
0.0019938,123
0.0019939,123
0.001994,123
0.0019941,123
0.0019942,123
0.0019943,123
0.0019944,123
0.0019945,123
0.0019946,123
0.0019947,123
0.0019948,123
0.0019949,123
0.001995,123
0.0019951,123
0.0019952,124
0.0019953,124
0.0019954,124
0.0019955,124
0.0019956,124
0.0019957,124
0.0019958,124
0.0019959,124
0.001996,124
0.0019961,125
0.0019962,125
0.0019963,125
0.0019964,125
0.0019965,125
0.0019966,125
0.0019967,125
0.0019968,125
0.0019969,125
0.001997,125
0.0019971,126
0.0019972,126
0.0019973,126
0.0019974,126
0.0019975,126
0.0019976,126
0.0019977,126
0.0019978,126
0.0019979,126
0.001998,126
0.0019981,126
0.0019982,126
0.0019983,126
0.0019984,126
0.0019985,126
0.0019986,126
0.0019987,126
0.0019988,126
0.0019989,126
0.001999,126
0.0019991,127
0.0019992,127
0.0019993,127
0.0019994,127
0.0019995,127
0.0019996,127
0.0019997,127
0.0019998,127
0.0019999,127
0.002,127
0.0020001,128
0.0020002,128
0.0020003,128
0.0020004,128
0.0020005,128
0.0020006,128
0.0020007,128
0.0020008,128
0.0020009,128
0.002001,129
0.0020011,129
0.0020012,129
0.0020013,129
0.0020014,129
0.0020015,129
0.0020016,129
0.0020017,129
0.0020018,129
0.0020019,129
0.002002,130
0.0020021,130
0.0020022,130
0.0020023,130
0.0020024,130
0.0020025,130
0.0020026,130
0.0020027,130
0.0020028,130
0.0020029,130
0.002003,130
0.0020031,130
0.0020032,130
0.0020033,130
0.0020034,130
0.0020035,130
0.0020036,130
0.0020037,130
0.0020038,130
0.0020039,130
0.002004,131
0.0020041,131
0.0020042,131
0.0020043,131
0.0020044,131
0.0020045,131
0.0020046,131
0.0020047,131
0.0020048,131
0.0020049,132
0.002005,132
0.0020051,132
0.0020052,132
0.0020053,132
0.0020054,132
0.0020055,132
0.0020056,132
0.0020057,132
0.0020058,132
0.0020059,133
0.002006,133
0.0020061,133
0.0020062,133
0.0020063,133
0.0020064,133
0.0020065,133
0.0020066,133
0.0020067,133
0.0020068,133
0.0020069,133
0.002007,133
0.0020071,133
0.0020072,133
0.0020073,133
0.0020074,133
0.0020075,133
0.0020076,133
0.0020077,133
0.0020078,133
0.0020079,134
0.002008,134
0.0020081,134
0.0020082,134
0.0020083,134
0.0020084,134
0.0020085,134
0.0020086,134
0.0020087,134
0.0020088,135
0.0020089,135
0.002009,135
0.0020091,135
0.0020092,135
0.0020093,135
0.0020094,135
0.0020095,135
0.0020096,135
0.0020097,135
0.0020098,136
0.0020099,136
0.00201,136
0.0020101,136
0.0020102,136
0.0020103,136
0.0020104,136
0.0020105,136
0.0020106,136
0.0020107,136
0.0020108,137
0.0020109,137
0.002011,137
0.0020111,137
0.0020112,137
0.0020113,137
0.0020114,137
0.0020115,137
0.0020116,137
0.0020117,137
0.0020118,137
0.0020119,137
0.002012,137
0.0020121,137
0.0020122,137
0.0020123,137
0.0020124,137
0.0020125,137
0.0020126,137
0.0020127,138
0.0020128,138
0.0020129,138
0.002013,138
0.0020131,138
0.0020132,138
0.0020133,138
0.0020134,138
0.0020135,138
0.0020136,138
0.0020137,139
0.0020138,139
0.0020139,139
0.002014,139
0.0020141,139
0.0020142,139
0.0020143,139
0.0020144,139
0.0020145,139
0.0020146,139
0.0020147,140
0.0020148,140
0.0020149,140
0.002015,140
0.0020151,140
0.0020152,140
0.0020153,140
0.0020154,140
0.0020155,140
0.0020156,140
0.0020157,140
0.0020158,140
0.0020159,140
0.002016,140
0.0020161,140
0.0020162,140
0.0020163,140
0.0020164,140
0.0020165,140
0.0020166,140
0.0020167,141
0.0020168,141
0.0020169,141
0.002017,141
0.0020171,141
0.0020172,141
0.0020173,141
0.0020174,141
0.0020175,141
0.0020176,142
0.0020177,142
0.0020178,142
0.0020179,142
0.002018,142
0.0020181,142
0.0020182,142
0.0020183,142
0.0020184,142
0.0020185,142
0.0020186,143
0.0020187,143
0.0020188,143
0.0020189,143
0.002019,143
0.0020191,143
0.0020192,143
0.0020193,143
0.0020194,143
0.0020195,143
0.0020196,144
0.0020197,144
0.0020198,144
0.0020199,144
0.00202,144
0.0020201,144
0.0020202,144
0.0020203,144
0.0020204,144
0.0020205,144
0.0020206,144
0.0020207,144
0.0020208,144
0.0020209,144
0.002021,144
0.0020211,144
0.0020212,144
0.0020213,144
0.0020214,144
0.0020215,145
0.0020216,145
0.0020217,145
0.0020218,145
0.0020219,145
0.002022,145
0.0020221,145
0.0020222,145
0.0020223,145
0.0020224,145
0.0020225,146
0.0020226,146
0.0020227,146
0.0020228,146
0.0020229,146
0.002023,146
0.0020231,146
0.0020232,146
0.0020233,146
0.0020234,146
0.0020235,147
0.0020236,147
0.0020237,147
0.0020238,147
0.0020239,147
0.002024,147
0.0020241,147
0.0020242,147
0.0020243,147
0.0020244,147
0.0020245,147
0.0020246,147
0.0020247,147
0.0020248,147
0.0020249,147
0.002025,147
0.0020251,147
0.0020252,147
0.0020253,147
0.0020254,148
0.0020255,148
0.0020256,148
0.0020257,148
0.0020258,148
0.0020259,148
0.002026,148
0.0020261,148
0.0020262,148
0.0020263,148
0.0020264,149
0.0020265,149
0.0020266,149
0.0020267,149
0.0020268,149
0.0020269,149
0.002027,149
0.0020271,149
0.0020272,149
0.0020273,149
0.0020274,150
0.0020275,150
0.0020276,150
0.0020277,150
0.0020278,150
0.0020279,150
0.002028,150
0.0020281,150
0.0020282,150
0.0020283,150
0.0020284,150
0.0020285,150
0.0020286,150
0.0020287,150
0.0020288,150
0.0020289,150
0.002029,150
0.0020291,150
0.0020292,150
0.0020293,150
0.0020294,151
0.0020295,151
0.0020296,151
0.0020297,151
0.0020298,151
0.0020299,151
0.00203,151
0.0020301,151
0.0020302,151
0.0020303,152
0.0020304,152
0.0020305,152
0.0020306,152
0.0020307,152
0.0020308,152
0.0020309,152
0.002031,152
0.0020311,152
0.0020312,152
0.0020313,153
0.0020314,153
0.0020315,153
0.0020316,153
0.0020317,153
0.0020318,153
0.0020319,153
0.002032,153
0.0020321,153
0.0020322,153
0.0020323,154
0.0020324,154
0.0020325,154
0.0020326,154
0.0020327,154
0.0020328,154
0.0020329,154
0.002033,154
0.0020331,154
0.0020332,154
0.0020333,154
0.0020334,154
0.0020335,154
0.0020336,154
0.0020337,154
0.0020338,154
0.0020339,154
0.002034,154
0.0020341,154
0.0020342,155
0.0020343,155
0.0020344,155
0.0020345,155
0.0020346,155
0.0020347,155
0.0020348,155
0.0020349,155
0.002035,155
0.0020351,155
0.0020352,156
0.0020353,156
0.0020354,156
0.0020355,156
0.0020356,156
0.0020357,156
0.0020358,156
0.0020359,156
0.002036,156
0.0020361,156
0.0020362,157
0.0020363,157
0.0020364,157
0.0020365,157
0.0020366,157
0.0020367,157
0.0020368,157
0.0020369,157
0.002037,157
0.0020371,157
0.0020372,157
0.0020373,157
0.0020374,157
0.0020375,157
0.0020376,157
0.0020377,157
0.0020378,157
0.0020379,157
0.002038,157
0.0020381,158
0.0020382,158
0.0020383,158
0.0020384,158
0.0020385,158
0.0020386,158
0.0020387,158
0.0020388,158
0.0020389,158
0.002039,158
0.0020391,159
0.0020392,159
0.0020393,159
0.0020394,159
0.0020395,159
0.0020396,159
0.0020397,159
0.0020398,159
0.0020399,159
0.00204,159
0.0020401,160
0.0020402,160
0.0020403,160
0.0020404,160
0.0020405,160
0.0020406,160
0.0020407,160
0.0020408,160
0.0020409,160
0.002041,160
0.0020411,160
0.0020412,160
0.0020413,160
0.0020414,160
0.0020415,160
0.0020416,160
0.0020417,160
0.0020418,160
0.0020419,160
0.002042,161
0.0020421,161
0.0020422,161
0.0020423,161
0.0020424,161
0.0020425,161
0.0020426,161
0.0020427,161
0.0020428,161
0.0020429,161
0.002043,162
0.0020431,162
0.0020432,162
0.0020433,162
0.0020434,162
0.0020435,162
0.0020436,162
0.0020437,162
0.0020438,162
0.0020439,162
0.002044,163
0.0020441,163
0.0020442,163
0.0020443,163
0.0020444,163
0.0020445,163
0.0020446,163
0.0020447,163
0.0020448,163
0.0020449,163
0.002045,163
0.0020451,163
0.0020452,163
0.0020453,163
0.0020454,163
0.0020455,163
0.0020456,163
0.0020457,163
0.0020458,163
0.0020459,163
0.002046,164
0.0020461,164
0.0020462,164
0.0020463,164
0.0020464,164
0.0020465,164
0.0020466,164
0.0020467,164
0.0020468,164
0.0020469,165
0.002047,165
0.0020471,165
0.0020472,165
0.0020473,165
0.0020474,165
0.0020475,165
0.0020476,165
0.0020477,165
0.0020478,165
0.0020479,166
0.002048,166
0.0020481,166
0.0020482,166
0.0020483,166
0.0020484,166
0.0020485,166
0.0020486,166
0.0020487,166
0.0020488,166
0.0020489,166
0.002049,166
0.0020491,166
0.0020492,166
0.0020493,166
0.0020494,166
0.0020495,166
0.0020496,166
0.0020497,166
0.0020498,166
0.0020499,167
0.00205,167
0.0020501,167
0.0020502,167
0.0020503,167
0.0020504,167
0.0020505,167
0.0020506,167
0.0020507,167
0.0020508,168
0.0020509,168
0.002051,168
0.0020511,168
0.0020512,168
0.0020513,168
0.0020514,168
0.0020515,168
0.0020516,168
0.0020517,168
0.0020518,169
0.0020519,169
0.002052,169
0.0020521,169
0.0020522,169
0.0020523,169
0.0020524,169
0.0020525,169
0.0020526,169
0.0020527,169
0.0020528,169
0.0020529,169
0.002053,169
0.0020531,169
0.0020532,169
0.0020533,169
0.0020534,169
0.0020535,169
0.0020536,169
0.0020537,169
0.0020538,170
0.0020539,170
0.002054,170
0.0020541,170
0.0020542,170
0.0020543,170
0.0020544,170
0.0020545,170
0.0020546,170
0.0020547,171
0.0020548,171
0.0020549,171
0.002055,171
0.0020551,171
0.0020552,171
0.0020553,171
0.0020554,171
0.0020555,171
0.0020556,171
0.0020557,172
0.0020558,172
0.0020559,172
0.002056,172
0.0020561,172
0.0020562,172
0.0020563,172
0.0020564,172
0.0020565,172
0.0020566,172
0.0020567,172
0.0020568,172
0.0020569,172
0.002057,172
0.0020571,172
0.0020572,172
0.0020573,172
0.0020574,172
0.0020575,172
0.0020576,172
0.0020577,173
0.0020578,173
0.0020579,173
0.002058,173
0.0020581,173
0.0020582,173
0.0020583,173
0.0020584,173
0.0020585,173
0.0020586,174
0.0020587,174
0.0020588,174
0.0020589,174
0.002059,174
0.0020591,174
0.0020592,174
0.0020593,174
0.0020594,174
0.0020595,174
0.0020596,174
0.0020597,174
0.0020598,174
0.0020599,174
0.00206,174
0.0020601,174
0.0020602,174
0.0020603,174
0.0020604,174
0.0020605,174
0.0020606,175
0.0020607,175
0.0020608,175
0.0020609,175
0.002061,175
0.0020611,175
0.0020612,175
0.0020613,175
0.0020614,175
0.0020615,175
0.0020616,176
0.0020617,176
0.0020618,176
0.0020619,176
0.002062,176
0.0020621,176
0.0020622,176
0.0020623,176
0.0020624,176
0.0020625,176
0.0020626,177
0.0020627,177
0.0020628,177
0.0020629,177
0.002063,177
0.0020631,177
0.0020632,177
0.0020633,177
0.0020634,177
0.0020635,177
0.0020636,177
0.0020637,177
0.0020638,177
0.0020639,177
0.002064,177
0.0020641,177
0.0020642,177
0.0020643,177
0.0020644,177
0.0020645,178
0.0020646,178
0.0020647,178
0.0020648,178
0.0020649,178
0.002065,178
0.0020651,178
0.0020652,178
0.0020653,178
0.0020654,178
0.0020655,179
0.0020656,179
0.0020657,179
0.0020658,179
0.0020659,179
0.002066,179
0.0020661,179
0.0020662,179
0.0020663,179
0.0020664,179
0.0020665,179
0.0020666,179
0.0020667,179
0.0020668,179
0.0020669,179
0.002067,179
0.0020671,179
0.0020672,179
0.0020673,179
0.0020674,180
0.0020675,180
0.0020676,180
0.0020677,180
0.0020678,180
0.0020679,180
0.002068,180
0.0020681,180
0.0020682,180
0.0020683,180
0.0020684,181
0.0020685,181
0.0020686,181
0.0020687,181
0.0020688,181
0.0020689,181
0.002069,181
0.0020691,181
0.0020692,181
0.0020693,181
0.0020694,182
0.0020695,182
0.0020696,182
0.0020697,182
0.0020698,182
0.0020699,182
0.00207,182
0.0020701,182
0.0020702,182
0.0020703,182
0.0020704,182
0.0020705,182
0.0020706,182
0.0020707,182
0.0020708,182
0.0020709,182
0.002071,182
0.0020711,182
0.0020712,182
0.0020713,183
0.0020714,183
0.0020715,183
0.0020716,183
0.0020717,183
0.0020718,183
0.0020719,183
0.002072,183
0.0020721,183
0.0020722,183
0.0020723,184
0.0020724,184
0.0020725,184
0.0020726,184
0.0020727,184
0.0020728,184
0.0020729,184
0.002073,184
0.0020731,184
0.0020732,184
0.0020733,184
0.0020734,184
0.0020735,184
0.0020736,184
0.0020737,184
0.0020738,184
0.0020739,184
0.002074,184
0.0020741,184
0.0020742,184
0.0020743,185
0.0020744,185
0.0020745,185
0.0020746,185
0.0020747,185
0.0020748,185
0.0020749,185
0.002075,185
0.0020751,185
0.0020752,186
0.0020753,186
0.0020754,186
0.0020755,186
0.0020756,186
0.0020757,186
0.0020758,186
0.0020759,186
0.002076,186
0.0020761,186
0.0020762,186
0.0020763,186
0.0020764,186
0.0020765,186
0.0020766,186
0.0020767,186
0.0020768,186
0.0020769,186
0.002077,186
0.0020771,186
0.0020772,187
0.0020773,187
0.0020774,187
0.0020775,187
0.0020776,187
0.0020777,187
0.0020778,187
0.0020779,187
0.002078,187
0.0020781,187
0.0020782,188
0.0020783,188
0.0020784,188
0.0020785,188
0.0020786,188
0.0020787,188
0.0020788,188
0.0020789,188
0.002079,188
0.0020791,188
0.0020792,189
0.0020793,189
0.0020794,189
0.0020795,189
0.0020796,189
0.0020797,189
0.0020798,189
0.0020799,189
0.00208,189
0.0020801,189
0.0020802,189
0.0020803,189
0.0020804,189
0.0020805,189
0.0020806,189
0.0020807,189
0.0020808,189
0.0020809,189
0.002081,189
0.0020811,190
0.0020812,190
0.0020813,190
0.0020814,190
0.0020815,190
0.0020816,190
0.0020817,190
0.0020818,190
0.0020819,190
0.002082,190
0.0020821,191
0.0020822,191
0.0020823,191
0.0020824,191
0.0020825,191
0.0020826,191
0.0020827,191
0.0020828,191
0.0020829,191
0.002083,191
0.0020831,191
0.0020832,191
0.0020833,191
0.0020834,191
0.0020835,191
0.0020836,191
0.0020837,191
0.0020838,191
0.0020839,191
0.002084,192
0.0020841,192
0.0020842,192
0.0020843,192
0.0020844,192
0.0020845,192
0.0020846,192
0.0020847,192
0.0020848,192
0.0020849,192
0.002085,193
0.0020851,193
0.0020852,193
0.0020853,193
0.0020854,193
0.0020855,193
0.0020856,193
0.0020857,193
0.0020858,193
0.0020859,193
0.002086,193
0.0020861,193
0.0020862,193
0.0020863,193
0.0020864,193
0.0020865,193
0.0020866,193
0.0020867,193
0.0020868,193
0.0020869,193
0.002087,194
0.0020871,194
0.0020872,194
0.0020873,194
0.0020874,194
0.0020875,194
0.0020876,194
0.0020877,194
0.0020878,194
0.0020879,195
0.002088,195
0.0020881,195
0.0020882,195
0.0020883,195
0.0020884,195
0.0020885,195
0.0020886,195
0.0020887,195
0.0020888,195
0.0020889,195
0.002089,195
0.0020891,195
0.0020892,195
0.0020893,195
0.0020894,195
0.0020895,195
0.0020896,195
0.0020897,195
0.0020898,195
0.0020899,196
0.00209,196
0.0020901,196
0.0020902,196
0.0020903,196
0.0020904,196
0.0020905,196
0.0020906,196
0.0020907,196
0.0020908,196
0.0020909,197
0.002091,197
0.0020911,197
0.0020912,197
0.0020913,197
0.0020914,197
0.0020915,197
0.0020916,197
0.0020917,197
0.0020918,197
0.0020919,197
0.002092,197
0.0020921,197
0.0020922,197
0.0020923,197
0.0020924,197
0.0020925,197
0.0020926,197
0.0020927,197
0.0020928,198
0.0020929,198
0.002093,198
0.0020931,198
0.0020932,198
0.0020933,198
0.0020934,198
0.0020935,198
0.0020936,198
0.0020937,198
0.0020938,199
0.0020939,199
0.002094,199
0.0020941,199
0.0020942,199
0.0020943,199
0.0020944,199
0.0020945,199
0.0020946,199
0.0020947,199
0.0020948,199
0.0020949,199
0.002095,199
0.0020951,199
0.0020952,199
0.0020953,199
0.0020954,199
0.0020955,199
0.0020956,199
0.0020957,199
0.0020958,200
0.0020959,200
0.002096,200
0.0020961,200
0.0020962,200
0.0020963,200
0.0020964,200
0.0020965,200
0.0020966,200
0.0020967,200
0.0020968,200
0.0020969,200
0.002097,200
0.0020971,200
0.0020972,200
0.0020973,200
0.0020974,200
0.0020975,200
0.0020976,200
0.0020977,201
0.0020978,201
0.0020979,201
0.002098,201
0.0020981,201
0.0020982,201
0.0020983,201
0.0020984,201
0.0020985,201
0.0020986,201
0.0020987,202
0.0020988,202
0.0020989,202
0.002099,202
0.0020991,202
0.0020992,202
0.0020993,202
0.0020994,202
0.0020995,202
0.0020996,202
0.0020997,202
0.0020998,202
0.0020999,202
0.0021,202
0.0021001,202
0.0021002,202
0.0021003,202
0.0021004,202
0.0021005,202
0.0021006,203
0.0021007,203
0.0021008,203
0.0021009,203
0.002101,203
0.0021011,203
0.0021012,203
0.0021013,203
0.0021014,203
0.0021015,203
0.0021016,204
0.0021017,204
0.0021018,204
0.0021019,204
0.002102,204
0.0021021,204
0.0021022,204
0.0021023,204
0.0021024,204
0.0021025,204
0.0021026,204
0.0021027,204
0.0021028,204
0.0021029,204
0.002103,204
0.0021031,204
0.0021032,204
0.0021033,204
0.0021034,204
0.0021035,204
0.0021036,205
0.0021037,205
0.0021038,205
0.0021039,205
0.002104,205
0.0021041,205
0.0021042,205
0.0021043,205
0.0021044,205
0.0021045,206
0.0021046,206
0.0021047,206
0.0021048,206
0.0021049,206
0.002105,206
0.0021051,206
0.0021052,206
0.0021053,206
0.0021054,206
0.0021055,206
0.0021056,206
0.0021057,206
0.0021058,206
0.0021059,206
0.002106,206
0.0021061,206
0.0021062,206
0.0021063,206
0.0021064,206
0.0021065,207
0.0021066,207
0.0021067,207
0.0021068,207
0.0021069,207
0.002107,207
0.0021071,207
0.0021072,207
0.0021073,207
0.0021074,207
0.0021075,207
0.0021076,207
0.0021077,207
0.0021078,207
0.0021079,207
0.002108,207
0.0021081,207
0.0021082,207
0.0021083,207
0.0021084,207
0.0021085,208
0.0021086,208
0.0021087,208
0.0021088,208
0.0021089,208
0.002109,208
0.0021091,208
0.0021092,208
0.0021093,208
0.0021094,209
0.0021095,209
0.0021096,209
0.0021097,209
0.0021098,209
0.0021099,209
0.00211,209
0.0021101,209
0.0021102,209
0.0021103,209
0.0021104,209
0.0021105,209
0.0021106,209
0.0021107,209
0.0021108,209
0.0021109,209
0.002111,209
0.0021111,209
0.0021112,209
0.0021113,209
0.0021114,210
0.0021115,210
0.0021116,210
0.0021117,210
0.0021118,210
0.0021119,210
0.002112,210
0.0021121,210
0.0021122,210
0.0021123,210
0.0021124,210
0.0021125,210
0.0021126,210
0.0021127,210
0.0021128,210
0.0021129,210
0.002113,210
0.0021131,210
0.0021132,210
0.0021133,211
0.0021134,211
0.0021135,211
0.0021136,211
0.0021137,211
0.0021138,211
0.0021139,211
0.002114,211
0.0021141,211
0.0021142,211
0.0021143,212
0.0021144,212
0.0021145,212
0.0021146,212
0.0021147,212
0.0021148,212
0.0021149,212
0.002115,212
0.0021151,212
0.0021152,212
0.0021153,212
0.0021154,212
0.0021155,212
0.0021156,212
0.0021157,212
0.0021158,212
0.0021159,212
0.002116,212
0.0021161,212
0.0021162,212
0.0021163,213
0.0021164,213
0.0021165,213
0.0021166,213
0.0021167,213
0.0021168,213
0.0021169,213
0.002117,213
0.0021171,213
0.0021172,213
0.0021173,213
0.0021174,213
0.0021175,213
0.0021176,213
0.0021177,213
0.0021178,213
0.0021179,213
0.002118,213
0.0021181,213
0.0021182,214
0.0021183,214
0.0021184,214
0.0021185,214
0.0021186,214
0.0021187,214
0.0021188,214
0.0021189,214
0.002119,214
0.0021191,214
0.0021192,214
0.0021193,214
0.0021194,214
0.0021195,214
0.0021196,214
0.0021197,214
0.0021198,214
0.0021199,214
0.00212,214
0.0021201,214
0.0021202,215
0.0021203,215
0.0021204,215
0.0021205,215
0.0021206,215
0.0021207,215
0.0021208,215
0.0021209,215
0.002121,215
0.0021211,216
0.0021212,216
0.0021213,216
0.0021214,216
0.0021215,216
0.0021216,216
0.0021217,216
0.0021218,216
0.0021219,216
0.002122,216
0.0021221,216
0.0021222,216
0.0021223,216
0.0021224,216
0.0021225,216
0.0021226,216
0.0021227,216
0.0021228,216
0.0021229,216
0.002123,216
0.0021231,217
0.0021232,217
0.0021233,217
0.0021234,217
0.0021235,217
0.0021236,217
0.0021237,217
0.0021238,217
0.0021239,217
0.002124,217
0.0021241,217
0.0021242,217
0.0021243,217
0.0021244,217
0.0021245,217
0.0021246,217
0.0021247,217
0.0021248,217
0.0021249,217
0.002125,217
0.0021251,218
0.0021252,218
0.0021253,218
0.0021254,218
0.0021255,218
0.0021256,218
0.0021257,218
0.0021258,218
0.0021259,218
0.002126,218
0.0021261,218
0.0021262,218
0.0021263,218
0.0021264,218
0.0021265,218
0.0021266,218
0.0021267,218
0.0021268,218
0.0021269,218
0.002127,219
0.0021271,219
0.0021272,219
0.0021273,219
0.0021274,219
0.0021275,219
0.0021276,219
0.0021277,219
0.0021278,219
0.0021279,219
0.002128,219
0.0021281,219
0.0021282,219
0.0021283,219
0.0021284,219
0.0021285,219
0.0021286,219
0.0021287,219
0.0021288,219
0.0021289,219
0.002129,220
0.0021291,220
0.0021292,220
0.0021293,220
0.0021294,220
0.0021295,220
0.0021296,220
0.0021297,220
0.0021298,220
0.0021299,221
0.00213,221
0.0021301,221
0.0021302,221
0.0021303,221
0.0021304,221
0.0021305,221
0.0021306,221
0.0021307,221
0.0021308,221
0.0021309,221
0.002131,221
0.0021311,221
0.0021312,221
0.0021313,221
0.0021314,221
0.0021315,221
0.0021316,221
0.0021317,221
0.0021318,221
0.0021319,222
0.002132,222
0.0021321,222
0.0021322,222
0.0021323,222
0.0021324,222
0.0021325,222
0.0021326,222
0.0021327,222
0.0021328,222
0.0021329,222
0.002133,222
0.0021331,222
0.0021332,222
0.0021333,222
0.0021334,222
0.0021335,222
0.0021336,222
0.0021337,222
0.0021338,223
0.0021339,223
0.002134,223
0.0021341,223
0.0021342,223
0.0021343,223
0.0021344,223
0.0021345,223
0.0021346,223
0.0021347,223
0.0021348,223
0.0021349,223
0.002135,223
0.0021351,223
0.0021352,223
0.0021353,223
0.0021354,223
0.0021355,223
0.0021356,223
0.0021357,223
0.0021358,224
0.0021359,224
0.002136,224
0.0021361,224
0.0021362,224
0.0021363,224
0.0021364,224
0.0021365,224
0.0021366,224
0.0021367,224
0.0021368,224
0.0021369,224
0.002137,224
0.0021371,224
0.0021372,224
0.0021373,224
0.0021374,224
0.0021375,224
0.0021376,224
0.0021377,225
0.0021378,225
0.0021379,225
0.002138,225
0.0021381,225
0.0021382,225
0.0021383,225
0.0021384,225
0.0021385,225
0.0021386,225
0.0021387,225
0.0021388,225
0.0021389,225
0.002139,225
0.0021391,225
0.0021392,225
0.0021393,225
0.0021394,225
0.0021395,225
0.0021396,225
0.0021397,226
0.0021398,226
0.0021399,226
0.00214,226
0.0021401,226
0.0021402,226
0.0021403,226
0.0021404,226
0.0021405,226
0.0021406,226
0.0021407,226
0.0021408,226
0.0021409,226
0.002141,226
0.0021411,226
0.0021412,226
0.0021413,226
0.0021414,226
0.0021415,226
0.0021416,226
0.0021417,227
0.0021418,227
0.0021419,227
0.002142,227
0.0021421,227
0.0021422,227
0.0021423,227
0.0021424,227
0.0021425,227
0.0021426,227
0.0021427,227
0.0021428,227
0.0021429,227
0.002143,227
0.0021431,227
0.0021432,227
0.0021433,227
0.0021434,227
0.0021435,227
0.0021436,228
0.0021437,228
0.0021438,228
0.0021439,228
0.002144,228
0.0021441,228
0.0021442,228
0.0021443,228
0.0021444,228
0.0021445,228
0.0021446,228
0.0021447,228
0.0021448,228
0.0021449,228
0.002145,228
0.0021451,228
0.0021452,228
0.0021453,228
0.0021454,228
0.0021455,228
0.0021456,229
0.0021457,229
0.0021458,229
0.0021459,229
0.002146,229
0.0021461,229
0.0021462,229
0.0021463,229
0.0021464,229
0.0021465,229
0.0021466,229
0.0021467,229
0.0021468,229
0.0021469,229
0.002147,229
0.0021471,229
0.0021472,229
0.0021473,229
0.0021474,229
0.0021475,230
0.0021476,230
0.0021477,230
0.0021478,230
0.0021479,230
0.002148,230
0.0021481,230
0.0021482,230
0.0021483,230
0.0021484,230
0.0021485,230
0.0021486,230
0.0021487,230
0.0021488,230
0.0021489,230
0.002149,230
0.0021491,230
0.0021492,230
0.0021493,230
0.0021494,230
0.0021495,230
0.0021496,230
0.0021497,230
0.0021498,230
0.0021499,230
0.00215,230
0.0021501,230
0.0021502,230
0.0021503,230
0.0021504,231
0.0021505,231
0.0021506,231
0.0021507,231
0.0021508,231
0.0021509,231
0.002151,231
0.0021511,231
0.0021512,231
0.0021513,231
0.0021514,231
0.0021515,231
0.0021516,231
0.0021517,231
0.0021518,231
0.0021519,231
0.002152,231
0.0021521,231
0.0021522,231
0.0021523,231
0.0021524,232
0.0021525,232
0.0021526,232
0.0021527,232
0.0021528,232
0.0021529,232
0.002153,232
0.0021531,232
0.0021532,232
0.0021533,232
0.0021534,232
0.0021535,232
0.0021536,232
0.0021537,232
0.0021538,232
0.0021539,232
0.002154,232
0.0021541,232
0.0021542,232
0.0021543,232
0.0021544,233
0.0021545,233
0.0021546,233
0.0021547,233
0.0021548,233
0.0021549,233
0.002155,233
0.0021551,233
0.0021552,233
0.0021553,233
0.0021554,233
0.0021555,233
0.0021556,233
0.0021557,233
0.0021558,233
0.0021559,233
0.002156,233
0.0021561,233
0.0021562,233
0.0021563,234
0.0021564,234
0.0021565,234
0.0021566,234
0.0021567,234
0.0021568,234
0.0021569,234
0.002157,234
0.0021571,234
0.0021572,234
0.0021573,234
0.0021574,234
0.0021575,234
0.0021576,234
0.0021577,234
0.0021578,234
0.0021579,234
0.002158,234
0.0021581,234
0.0021582,234
0.0021583,234
0.0021584,234
0.0021585,234
0.0021586,234
0.0021587,234
0.0021588,234
0.0021589,234
0.002159,234
0.0021591,234
0.0021592,235
0.0021593,235
0.0021594,235
0.0021595,235
0.0021596,235
0.0021597,235
0.0021598,235
0.0021599,235
0.00216,235
0.0021601,235
0.0021602,235
0.0021603,235
0.0021604,235
0.0021605,235
0.0021606,235
0.0021607,235
0.0021608,235
0.0021609,235
0.002161,235
0.0021611,235
0.0021612,236
0.0021613,236
0.0021614,236
0.0021615,236
0.0021616,236
0.0021617,236
0.0021618,236
0.0021619,236
0.002162,236
0.0021621,236
0.0021622,236
0.0021623,236
0.0021624,236
0.0021625,236
0.0021626,236
0.0021627,236
0.0021628,236
0.0021629,236
0.002163,236
0.0021631,237
0.0021632,237
0.0021633,237
0.0021634,237
0.0021635,237
0.0021636,237
0.0021637,237
0.0021638,237
0.0021639,237
0.002164,237
0.0021641,237
0.0021642,237
0.0021643,237
0.0021644,237
0.0021645,237
0.0021646,237
0.0021647,237
0.0021648,237
0.0021649,237
0.002165,237
0.0021651,237
0.0021652,237
0.0021653,237
0.0021654,237
0.0021655,237
0.0021656,237
0.0021657,237
0.0021658,237
0.0021659,237
0.002166,237
0.0021661,238
0.0021662,238
0.0021663,238
0.0021664,238
0.0021665,238
0.0021666,238
0.0021667,238
0.0021668,238
0.0021669,238
0.002167,238
0.0021671,238
0.0021672,238
0.0021673,238
0.0021674,238
0.0021675,238
0.0021676,238
0.0021677,238
0.0021678,238
0.0021679,238
0.002168,239
0.0021681,239
0.0021682,239
0.0021683,239
0.0021684,239
0.0021685,239
0.0021686,239
0.0021687,239
0.0021688,239
0.0021689,239
0.002169,239
0.0021691,239
0.0021692,239
0.0021693,239
0.0021694,239
0.0021695,239
0.0021696,239
0.0021697,239
0.0021698,239
0.0021699,239
0.00217,239
0.0021701,239
0.0021702,239
0.0021703,239
0.0021704,239
0.0021705,239
0.0021706,239
0.0021707,239
0.0021708,239
0.0021709,239
0.002171,240
0.0021711,240
0.0021712,240
0.0021713,240
0.0021714,240
0.0021715,240
0.0021716,240
0.0021717,240
0.0021718,240
0.0021719,240
0.002172,240
0.0021721,240
0.0021722,240
0.0021723,240
0.0021724,240
0.0021725,240
0.0021726,240
0.0021727,240
0.0021728,240
0.0021729,240
0.002173,240
0.0021731,240
0.0021732,240
0.0021733,240
0.0021734,240
0.0021735,240
0.0021736,240
0.0021737,240
0.0021738,240
0.0021739,241
0.002174,241
0.0021741,241
0.0021742,241
0.0021743,241
0.0021744,241
0.0021745,241
0.0021746,241
0.0021747,241
0.0021748,241
0.0021749,241
0.002175,241
0.0021751,241
0.0021752,241
0.0021753,241
0.0021754,241
0.0021755,241
0.0021756,241
0.0021757,241
0.0021758,241
0.0021759,241
0.002176,241
0.0021761,241
0.0021762,241
0.0021763,241
0.0021764,241
0.0021765,241
0.0021766,241
0.0021767,241
0.0021768,242
0.0021769,242
0.002177,242
0.0021771,242
0.0021772,242
0.0021773,242
0.0021774,242
0.0021775,242
0.0021776,242
0.0021777,242
0.0021778,242
0.0021779,242
0.002178,242
0.0021781,242
0.0021782,242
0.0021783,242
0.0021784,242
0.0021785,242
0.0021786,242
0.0021787,242
0.0021788,242
0.0021789,242
0.002179,242
0.0021791,242
0.0021792,242
0.0021793,242
0.0021794,242
0.0021795,242
0.0021796,242
0.0021797,243
0.0021798,243
0.0021799,243
0.00218,243
0.0021801,243
0.0021802,243
0.0021803,243
0.0021804,243
0.0021805,243
0.0021806,243
0.0021807,243
0.0021808,243
0.0021809,243
0.002181,243
0.0021811,243
0.0021812,243
0.0021813,243
0.0021814,243
0.0021815,243
0.0021816,243
0.0021817,243
0.0021818,243
0.0021819,243
0.002182,243
0.0021821,243
0.0021822,243
0.0021823,243
0.0021824,243
0.0021825,243
0.0021826,243
0.0021827,244
0.0021828,244
0.0021829,244
0.002183,244
0.0021831,244
0.0021832,244
0.0021833,244
0.0021834,244
0.0021835,244
0.0021836,244
0.0021837,244
0.0021838,244
0.0021839,244
0.002184,244
0.0021841,244
0.0021842,244
0.0021843,244
0.0021844,244
0.0021845,244
0.0021846,244
0.0021847,244
0.0021848,244
0.0021849,244
0.002185,244
0.0021851,244
0.0021852,244
0.0021853,244
0.0021854,244
0.0021855,244
0.0021856,245
0.0021857,245
0.0021858,245
0.0021859,245
0.002186,245
0.0021861,245
0.0021862,245
0.0021863,245
0.0021864,245
0.0021865,245
0.0021866,245
0.0021867,245
0.0021868,245
0.0021869,245
0.002187,245
0.0021871,245
0.0021872,245
0.0021873,245
0.0021874,245
0.0021875,245
0.0021876,245
0.0021877,245
0.0021878,245
0.0021879,245
0.002188,245
0.0021881,245
0.0021882,245
0.0021883,245
0.0021884,245
0.0021885,246
0.0021886,246
0.0021887,246
0.0021888,246
0.0021889,246
0.002189,246
0.0021891,246
0.0021892,246
0.0021893,246
0.0021894,246
0.0021895,246
0.0021896,246
0.0021897,246
0.0021898,246
0.0021899,246
0.00219,246
0.0021901,246
0.0021902,246
0.0021903,246
0.0021904,246
0.0021905,246
0.0021906,246
0.0021907,246
0.0021908,246
0.0021909,246
0.002191,246
0.0021911,246
0.0021912,246
0.0021913,246
0.0021914,246
0.0021915,246
0.0021916,246
0.0021917,246
0.0021918,246
0.0021919,246
0.002192,246
0.0021921,246
0.0021922,246
0.0021923,246
0.0021924,247
0.0021925,247
0.0021926,247
0.0021927,247
0.0021928,247
0.0021929,247
0.002193,247
0.0021931,247
0.0021932,247
0.0021933,247
0.0021934,247
0.0021935,247
0.0021936,247
0.0021937,247
0.0021938,247
0.0021939,247
0.002194,247
0.0021941,247
0.0021942,247
0.0021943,247
0.0021944,247
0.0021945,247
0.0021946,247
0.0021947,247
0.0021948,247
0.0021949,247
0.002195,247
0.0021951,247
0.0021952,247
0.0021953,247
0.0021954,248
0.0021955,248
0.0021956,248
0.0021957,248
0.0021958,248
0.0021959,248
0.002196,248
0.0021961,248
0.0021962,248
0.0021963,248
0.0021964,248
0.0021965,248
0.0021966,248
0.0021967,248
0.0021968,248
0.0021969,248
0.002197,248
0.0021971,248
0.0021972,248
0.0021973,248
0.0021974,248
0.0021975,248
0.0021976,248
0.0021977,248
0.0021978,248
0.0021979,248
0.002198,248
0.0021981,248
0.0021982,248
0.0021983,248
0.0021984,248
0.0021985,248
0.0021986,248
0.0021987,248
0.0021988,248
0.0021989,248
0.002199,248
0.0021991,248
0.0021992,248
0.0021993,249
0.0021994,249
0.0021995,249
0.0021996,249
0.0021997,249
0.0021998,249
0.0021999,249
0.0022,249
0.0022001,249
0.0022002,249
0.0022003,249
0.0022004,249
0.0022005,249
0.0022006,249
0.0022007,249
0.0022008,249
0.0022009,249
0.002201,249
0.0022011,249
0.0022012,249
0.0022013,249
0.0022014,249
0.0022015,249
0.0022016,249
0.0022017,249
0.0022018,249
0.0022019,249
0.002202,249
0.0022021,249
0.0022022,249
0.0022023,249
0.0022024,249
0.0022025,249
0.0022026,249
0.0022027,249
0.0022028,249
0.0022029,249
0.002203,249
0.0022031,249
0.0022032,250
0.0022033,250
0.0022034,250
0.0022035,250
0.0022036,250
0.0022037,250
0.0022038,250
0.0022039,250
0.002204,250
0.0022041,250
0.0022042,250
0.0022043,250
0.0022044,250
0.0022045,250
0.0022046,250
0.0022047,250
0.0022048,250
0.0022049,250
0.002205,250
0.0022051,250
0.0022052,250
0.0022053,250
0.0022054,250
0.0022055,250
0.0022056,250
0.0022057,250
0.0022058,250
0.0022059,250
0.002206,250
0.0022061,250
0.0022062,250
0.0022063,250
0.0022064,250
0.0022065,250
0.0022066,250
0.0022067,250
0.0022068,250
0.0022069,250
0.002207,250
0.0022071,250
0.0022072,250
0.0022073,250
0.0022074,250
0.0022075,250
0.0022076,250
0.0022077,250
0.0022078,250
0.0022079,250
0.002208,250
0.0022081,251
0.0022082,251
0.0022083,251
0.0022084,251
0.0022085,251
0.0022086,251
0.0022087,251
0.0022088,251
0.0022089,251
0.002209,251
0.0022091,251
0.0022092,251
0.0022093,251
0.0022094,251
0.0022095,251
0.0022096,251
0.0022097,251
0.0022098,251
0.0022099,251
0.00221,251
0.0022101,251
0.0022102,251
0.0022103,251
0.0022104,251
0.0022105,251
0.0022106,251
0.0022107,251
0.0022108,251
0.0022109,251
0.002211,251
0.0022111,251
0.0022112,251
0.0022113,251
0.0022114,251
0.0022115,251
0.0022116,251
0.0022117,251
0.0022118,251
0.0022119,251
0.002212,251
0.0022121,251
0.0022122,251
0.0022123,251
0.0022124,251
0.0022125,251
0.0022126,251
0.0022127,251
0.0022128,251
0.0022129,252
0.002213,252
0.0022131,252
0.0022132,252
0.0022133,252
0.0022134,252
0.0022135,252
0.0022136,252
0.0022137,252
0.0022138,252
0.0022139,252
0.002214,252
0.0022141,252
0.0022142,252
0.0022143,252
0.0022144,252
0.0022145,252
0.0022146,252
0.0022147,252
0.0022148,252
0.0022149,252
0.002215,252
0.0022151,252
0.0022152,252
0.0022153,252
0.0022154,252
0.0022155,252
0.0022156,252
0.0022157,252
0.0022158,252
0.0022159,252
0.002216,252
0.0022161,252
0.0022162,252
0.0022163,252
0.0022164,252
0.0022165,252
0.0022166,252
0.0022167,252
0.0022168,252
0.0022169,252
0.002217,252
0.0022171,252
0.0022172,252
0.0022173,252
0.0022174,252
0.0022175,252
0.0022176,252
0.0022177,252
0.0022178,252
0.0022179,252
0.002218,252
0.0022181,252
0.0022182,252
0.0022183,252
0.0022184,252
0.0022185,252
0.0022186,252
0.0022187,252
0.0022188,253
0.0022189,253
0.002219,253
0.0022191,253
0.0022192,253
0.0022193,253
0.0022194,253
0.0022195,253
0.0022196,253
0.0022197,253
0.0022198,253
0.0022199,253
0.00222,253
0.0022201,253
0.0022202,253
0.0022203,253
0.0022204,253
0.0022205,253
0.0022206,253
0.0022207,253
0.0022208,253
0.0022209,253
0.002221,253
0.0022211,253
0.0022212,253
0.0022213,253
0.0022214,253
0.0022215,253
0.0022216,253
0.0022217,253
0.0022218,253
0.0022219,253
0.002222,253
0.0022221,253
0.0022222,253
0.0022223,253
0.0022224,253
0.0022225,253
0.0022226,253
0.0022227,253
0.0022228,253
0.0022229,253
0.002223,253
0.0022231,253
0.0022232,253
0.0022233,253
0.0022234,253
0.0022235,253
0.0022236,253
0.0022237,253
0.0022238,253
0.0022239,253
0.002224,253
0.0022241,253
0.0022242,253
0.0022243,253
0.0022244,253
0.0022245,253
0.0022246,253
0.0022247,253
0.0022248,253
0.0022249,253
0.002225,253
0.0022251,253
0.0022252,253
0.0022253,253
0.0022254,253
0.0022255,253
0.0022256,254
0.0022257,254
0.0022258,254
0.0022259,254
0.002226,254
0.0022261,254
0.0022262,254
0.0022263,254
0.0022264,254
0.0022265,254
0.0022266,254
0.0022267,254
0.0022268,254
0.0022269,254
0.002227,254
0.0022271,254
0.0022272,254
0.0022273,254
0.0022274,254
0.0022275,254
0.0022276,254
0.0022277,254
0.0022278,254
0.0022279,254
0.002228,254
0.0022281,254
0.0022282,254
0.0022283,254
0.0022284,254
0.0022285,254
0.0022286,254
0.0022287,254
0.0022288,254
0.0022289,254
0.002229,254
0.0022291,254
0.0022292,254
0.0022293,254
0.0022294,254
0.0022295,254
0.0022296,254
0.0022297,254
0.0022298,254
0.0022299,254
0.00223,254
0.0022301,254
0.0022302,254
0.0022303,254
0.0022304,254
0.0022305,254
0.0022306,254
0.0022307,254
0.0022308,254
0.0022309,254
0.002231,254
0.0022311,254
0.0022312,254
0.0022313,254
0.0022314,254
0.0022315,254
0.0022316,254
0.0022317,254
0.0022318,254
0.0022319,254
0.002232,254
0.0022321,254
0.0022322,254
0.0022323,254
0.0022324,254
0.0022325,254
0.0022326,254
0.0022327,254
0.0022328,254
0.0022329,254
0.002233,254
0.0022331,254
0.0022332,254
0.0022333,254
0.0022334,254
0.0022335,254
0.0022336,254
0.0022337,254
0.0022338,254
0.0022339,254
0.002234,254
0.0022341,254
0.0022342,254
0.0022343,254
0.0022344,254
0.0022345,254
0.0022346,254
0.0022347,254
0.0022348,254
0.0022349,254
0.002235,254
0.0022351,254
0.0022352,254
0.0022353,254
0.0022354,254
0.0022355,254
0.0022356,254
0.0022357,254
0.0022358,254
0.0022359,254
0.002236,254
0.0022361,254
0.0022362,254
0.0022363,254
0.0022364,255
0.0022365,255
0.0022366,255
0.0022367,255
0.0022368,255
0.0022369,255
0.002237,255
0.0022371,255
0.0022372,255
0.0022373,255
0.0022374,255
0.0022375,255
0.0022376,255
0.0022377,255
0.0022378,255
0.0022379,255
0.002238,255
0.0022381,255
0.0022382,255
0.0022383,255
0.0022384,255
0.0022385,255
0.0022386,255
0.0022387,255
0.0022388,255
0.0022389,255
0.002239,255
0.0022391,255
0.0022392,255
0.0022393,255
0.0022394,255
0.0022395,255
0.0022396,255
0.0022397,255
0.0022398,255
0.0022399,255
0.00224,255
0.0022401,255
0.0022402,255
0.0022403,255
0.0022404,255
0.0022405,255
0.0022406,255
0.0022407,255
0.0022408,255
0.0022409,255
0.002241,255
0.0022411,255
0.0022412,255
0.0022413,255
0.0022414,255
0.0022415,255
0.0022416,255
0.0022417,255
0.0022418,255
0.0022419,255
0.002242,255
0.0022421,255
0.0022422,255
0.0022423,255
0.0022424,255
0.0022425,255
0.0022426,255
0.0022427,255
0.0022428,255
0.0022429,255
0.002243,255
0.0022431,255
0.0022432,255
0.0022433,255
0.0022434,255
0.0022435,255
0.0022436,255
0.0022437,255
0.0022438,255
0.0022439,255
0.002244,255
0.0022441,255
0.0022442,255
0.0022443,255
0.0022444,255
0.0022445,255
0.0022446,255
0.0022447,255
0.0022448,255
0.0022449,255
0.002245,255
0.0022451,255
0.0022452,255
0.0022453,255
0.0022454,255
0.0022455,255
0.0022456,255
0.0022457,255
0.0022458,255
0.0022459,255
0.002246,255
0.0022461,255
0.0022462,255
0.0022463,255
0.0022464,255
0.0022465,255
0.0022466,255
0.0022467,255
0.0022468,255
0.0022469,255
0.002247,255
0.0022471,255
0.0022472,255
0.0022473,255
0.0022474,255
0.0022475,255
0.0022476,255
0.0022477,255
0.0022478,255
0.0022479,255
0.002248,255
0.0022481,255
0.0022482,255
0.0022483,255
0.0022484,255
0.0022485,255
0.0022486,255
0.0022487,255
0.0022488,255
0.0022489,255
0.002249,255
0.0022491,255
0.0022492,255
0.0022493,255
0.0022494,255
0.0022495,255
0.0022496,255
0.0022497,255
0.0022498,255
0.0022499,255
0.00225,255
0.0022501,255
0.0022502,255
0.0022503,255
0.0022504,255
0.0022505,255
0.0022506,255
0.0022507,255
0.0022508,255
0.0022509,255
0.002251,255
0.0022511,255
0.0022512,255
0.0022513,255
0.0022514,255
0.0022515,255
0.0022516,255
0.0022517,255
0.0022518,255
0.0022519,255
0.002252,255
0.0022521,255
0.0022522,255
0.0022523,255
0.0022524,255
0.0022525,255
0.0022526,255
0.0022527,255
0.0022528,255
0.0022529,255
0.002253,255
0.0022531,255
0.0022532,255
0.0022533,255
0.0022534,255
0.0022535,255
0.0022536,255
0.0022537,255
0.0022538,255
0.0022539,255
0.002254,255
0.0022541,255
0.0022542,255
0.0022543,255
0.0022544,255
0.0022545,255
0.0022546,255
0.0022547,255
0.0022548,255
0.0022549,255
0.002255,255
0.0022551,255
0.0022552,255
0.0022553,255
0.0022554,255
0.0022555,255
0.0022556,255
0.0022557,255
0.0022558,255
0.0022559,255
0.002256,255
0.0022561,255
0.0022562,255
0.0022563,255
0.0022564,255
0.0022565,255
0.0022566,255
0.0022567,255
0.0022568,255
0.0022569,255
0.002257,255
0.0022571,255
0.0022572,255
0.0022573,255
0.0022574,255
0.0022575,255
0.0022576,255
0.0022577,255
0.0022578,255
0.0022579,255
0.002258,255
0.0022581,255
0.0022582,255
0.0022583,255
0.0022584,255
0.0022585,255
0.0022586,255
0.0022587,255
0.0022588,255
0.0022589,255
0.002259,255
0.0022591,255
0.0022592,255
0.0022593,255
0.0022594,255
0.0022595,255
0.0022596,255
0.0022597,255
0.0022598,255
0.0022599,255
0.00226,255
0.0022601,255
0.0022602,255
0.0022603,255
0.0022604,255
0.0022605,255
0.0022606,255
0.0022607,255
0.0022608,255
0.0022609,255
0.002261,255
0.0022611,255
0.0022612,255
0.0022613,255
0.0022614,255
0.0022615,255
0.0022616,255
0.0022617,255
0.0022618,255
0.0022619,255
0.002262,255
0.0022621,255
0.0022622,255
0.0022623,255
0.0022624,255
0.0022625,255
0.0022626,255
0.0022627,255
0.0022628,255
0.0022629,255
0.002263,255
0.0022631,255
0.0022632,255
0.0022633,255
0.0022634,255
0.0022635,255
0.0022636,255
0.0022637,255
0.0022638,255
0.0022639,255
0.002264,255
0.0022641,255
0.0022642,255
0.0022643,255
0.0022644,255
0.0022645,255
0.0022646,255
0.0022647,254
0.0022648,254
0.0022649,254
0.002265,254
0.0022651,254
0.0022652,254
0.0022653,254
0.0022654,254
0.0022655,254
0.0022656,254
0.0022657,254
0.0022658,254
0.0022659,254
0.002266,254
0.0022661,254
0.0022662,254
0.0022663,254
0.0022664,254
0.0022665,254
0.0022666,254
0.0022667,254
0.0022668,254
0.0022669,254
0.002267,254
0.0022671,254
0.0022672,254
0.0022673,254
0.0022674,254
0.0022675,254
0.0022676,254
0.0022677,254
0.0022678,254
0.0022679,254
0.002268,254
0.0022681,254
0.0022682,254
0.0022683,254
0.0022684,254
0.0022685,254
0.0022686,254
0.0022687,254
0.0022688,254
0.0022689,254
0.002269,254
0.0022691,254
0.0022692,254
0.0022693,254
0.0022694,254
0.0022695,254
0.0022696,254
0.0022697,254
0.0022698,254
0.0022699,254
0.00227,254
0.0022701,254
0.0022702,254
0.0022703,254
0.0022704,254
0.0022705,254
0.0022706,254
0.0022707,254
0.0022708,254
0.0022709,254
0.002271,254
0.0022711,254
0.0022712,254
0.0022713,254
0.0022714,254
0.0022715,254
0.0022716,254
0.0022717,254
0.0022718,254
0.0022719,254
0.002272,254
0.0022721,254
0.0022722,254
0.0022723,254
0.0022724,254
0.0022725,254
0.0022726,254
0.0022727,254
0.0022728,254
0.0022729,254
0.002273,254
0.0022731,254
0.0022732,254
0.0022733,254
0.0022734,254
0.0022735,254
0.0022736,254
0.0022737,254
0.0022738,254
0.0022739,254
0.002274,254
0.0022741,254
0.0022742,254
0.0022743,254
0.0022744,254
0.0022745,254
0.0022746,254
0.0022747,254
0.0022748,254
0.0022749,254
0.002275,254
0.0022751,254
0.0022752,254
0.0022753,254
0.0022754,253
0.0022755,253
0.0022756,253
0.0022757,253
0.0022758,253
0.0022759,253
0.002276,253
0.0022761,253
0.0022762,253
0.0022763,253
0.0022764,253
0.0022765,253
0.0022766,253
0.0022767,253
0.0022768,253
0.0022769,253
0.002277,253
0.0022771,253
0.0022772,253
0.0022773,253
0.0022774,253
0.0022775,253
0.0022776,253
0.0022777,253
0.0022778,253
0.0022779,253
0.002278,253
0.0022781,253
0.0022782,253
0.0022783,253
0.0022784,253
0.0022785,253
0.0022786,253
0.0022787,253
0.0022788,253
0.0022789,253
0.002279,253
0.0022791,253
0.0022792,253
0.0022793,253
0.0022794,253
0.0022795,253
0.0022796,253
0.0022797,253
0.0022798,253
0.0022799,253
0.00228,253
0.0022801,253
0.0022802,253
0.0022803,253
0.0022804,253
0.0022805,253
0.0022806,253
0.0022807,253
0.0022808,253
0.0022809,253
0.002281,253
0.0022811,253
0.0022812,253
0.0022813,253
0.0022814,253
0.0022815,253
0.0022816,253
0.0022817,253
0.0022818,253
0.0022819,253
0.002282,253
0.0022821,253
0.0022822,253
0.0022823,252
0.0022824,252
0.0022825,252
0.0022826,252
0.0022827,252
0.0022828,252
0.0022829,252
0.002283,252
0.0022831,252
0.0022832,252
0.0022833,252
0.0022834,252
0.0022835,252
0.0022836,252
0.0022837,252
0.0022838,252
0.0022839,252
0.002284,252
0.0022841,252
0.0022842,252
0.0022843,252
0.0022844,252
0.0022845,252
0.0022846,252
0.0022847,252
0.0022848,252
0.0022849,252
0.002285,252
0.0022851,252
0.0022852,252
0.0022853,252
0.0022854,252
0.0022855,252
0.0022856,252
0.0022857,252
0.0022858,252
0.0022859,252
0.002286,252
0.0022861,252
0.0022862,252
0.0022863,252
0.0022864,252
0.0022865,252
0.0022866,252
0.0022867,252
0.0022868,252
0.0022869,252
0.002287,252
0.0022871,252
0.0022872,252
0.0022873,252
0.0022874,252
0.0022875,252
0.0022876,252
0.0022877,252
0.0022878,252
0.0022879,252
0.002288,252
0.0022881,251
0.0022882,251
0.0022883,251
0.0022884,251
0.0022885,251
0.0022886,251
0.0022887,251
0.0022888,251
0.0022889,251
0.002289,251
0.0022891,251
0.0022892,251
0.0022893,251
0.0022894,251
0.0022895,251
0.0022896,251
0.0022897,251
0.0022898,251
0.0022899,251
0.00229,251
0.0022901,251
0.0022902,251
0.0022903,251
0.0022904,251
0.0022905,251
0.0022906,251
0.0022907,251
0.0022908,251
0.0022909,251
0.002291,251
0.0022911,251
0.0022912,251
0.0022913,251
0.0022914,251
0.0022915,251
0.0022916,251
0.0022917,251
0.0022918,251
0.0022919,251
0.002292,251
0.0022921,251
0.0022922,251
0.0022923,251
0.0022924,251
0.0022925,251
0.0022926,251
0.0022927,251
0.0022928,251
0.0022929,251
0.002293,250
0.0022931,250
0.0022932,250
0.0022933,250
0.0022934,250
0.0022935,250
0.0022936,250
0.0022937,250
0.0022938,250
0.0022939,250
0.002294,250
0.0022941,250
0.0022942,250
0.0022943,250
0.0022944,250
0.0022945,250
0.0022946,250
0.0022947,250
0.0022948,250
0.0022949,250
0.002295,250
0.0022951,250
0.0022952,250
0.0022953,250
0.0022954,250
0.0022955,250
0.0022956,250
0.0022957,250
0.0022958,250
0.0022959,250
0.002296,250
0.0022961,250
0.0022962,250
0.0022963,250
0.0022964,250
0.0022965,250
0.0022966,250
0.0022967,250
0.0022968,250
0.0022969,250
0.002297,250
0.0022971,250
0.0022972,250
0.0022973,250
0.0022974,250
0.0022975,250
0.0022976,250
0.0022977,250
0.0022978,250
0.0022979,249
0.002298,249
0.0022981,249
0.0022982,249
0.0022983,249
0.0022984,249
0.0022985,249
0.0022986,249
0.0022987,249
0.0022988,249
0.0022989,249
0.002299,249
0.0022991,249
0.0022992,249
0.0022993,249
0.0022994,249
0.0022995,249
0.0022996,249
0.0022997,249
0.0022998,249
0.0022999,249
0.0023,249
0.0023001,249
0.0023002,249
0.0023003,249
0.0023004,249
0.0023005,249
0.0023006,249
0.0023007,249
0.0023008,249
0.0023009,249
0.002301,249
0.0023011,249
0.0023012,249
0.0023013,249
0.0023014,249
0.0023015,249
0.0023016,249
0.0023017,249
0.0023018,248
0.0023019,248
0.002302,248
0.0023021,248
0.0023022,248
0.0023023,248
0.0023024,248
0.0023025,248
0.0023026,248
0.0023027,248
0.0023028,248
0.0023029,248
0.002303,248
0.0023031,248
0.0023032,248
0.0023033,248
0.0023034,248
0.0023035,248
0.0023036,248
0.0023037,248
0.0023038,248
0.0023039,248
0.002304,248
0.0023041,248
0.0023042,248
0.0023043,248
0.0023044,248
0.0023045,248
0.0023046,248
0.0023047,248
0.0023048,248
0.0023049,248
0.002305,248
0.0023051,248
0.0023052,248
0.0023053,248
0.0023054,248
0.0023055,248
0.0023056,248
0.0023057,247
0.0023058,247
0.0023059,247
0.002306,247
0.0023061,247
0.0023062,247
0.0023063,247
0.0023064,247
0.0023065,247
0.0023066,247
0.0023067,247
0.0023068,247
0.0023069,247
0.002307,247
0.0023071,247
0.0023072,247
0.0023073,247
0.0023074,247
0.0023075,247
0.0023076,247
0.0023077,247
0.0023078,247
0.0023079,247
0.002308,247
0.0023081,247
0.0023082,247
0.0023083,247
0.0023084,247
0.0023085,247
0.0023086,246
0.0023087,246
0.0023088,246
0.0023089,246
0.002309,246
0.0023091,246
0.0023092,246
0.0023093,246
0.0023094,246
0.0023095,246
0.0023096,246
0.0023097,246
0.0023098,246
0.0023099,246
0.00231,246
0.0023101,246
0.0023102,246
0.0023103,246
0.0023104,246
0.0023105,246
0.0023106,246
0.0023107,246
0.0023108,246
0.0023109,246
0.002311,246
0.0023111,246
0.0023112,246
0.0023113,246
0.0023114,246
0.0023115,246
0.0023116,246
0.0023117,246
0.0023118,246
0.0023119,246
0.002312,246
0.0023121,246
0.0023122,246
0.0023123,246
0.0023124,246
0.0023125,246
0.0023126,245
0.0023127,245
0.0023128,245
0.0023129,245
0.002313,245
0.0023131,245
0.0023132,245
0.0023133,245
0.0023134,245
0.0023135,245
0.0023136,245
0.0023137,245
0.0023138,245
0.0023139,245
0.002314,245
0.0023141,245
0.0023142,245
0.0023143,245
0.0023144,245
0.0023145,245
0.0023146,245
0.0023147,245
0.0023148,245
0.0023149,245
0.002315,245
0.0023151,245
0.0023152,245
0.0023153,245
0.0023154,245
0.0023155,244
0.0023156,244
0.0023157,244
0.0023158,244
0.0023159,244
0.002316,244
0.0023161,244
0.0023162,244
0.0023163,244
0.0023164,244
0.0023165,244
0.0023166,244
0.0023167,244
0.0023168,244
0.0023169,244
0.002317,244
0.0023171,244
0.0023172,244
0.0023173,244
0.0023174,244
0.0023175,244
0.0023176,244
0.0023177,244
0.0023178,244
0.0023179,244
0.002318,244
0.0023181,244
0.0023182,244
0.0023183,244
0.0023184,243
0.0023185,243
0.0023186,243
0.0023187,243
0.0023188,243
0.0023189,243
0.002319,243
0.0023191,243
0.0023192,243
0.0023193,243
0.0023194,243
0.0023195,243
0.0023196,243
0.0023197,243
0.0023198,243
0.0023199,243
0.00232,243
0.0023201,243
0.0023202,243
0.0023203,243
0.0023204,243
0.0023205,243
0.0023206,243
0.0023207,243
0.0023208,243
0.0023209,243
0.002321,243
0.0023211,243
0.0023212,243
0.0023213,242
0.0023214,242
0.0023215,242
0.0023216,242
0.0023217,242
0.0023218,242
0.0023219,242
0.002322,242
0.0023221,242
0.0023222,242
0.0023223,242
0.0023224,242
0.0023225,242
0.0023226,242
0.0023227,242
0.0023228,242
0.0023229,242
0.002323,242
0.0023231,242
0.0023232,242
0.0023233,242
0.0023234,242
0.0023235,242
0.0023236,242
0.0023237,242
0.0023238,242
0.0023239,242
0.002324,242
0.0023241,242
0.0023242,242
0.0023243,241
0.0023244,241
0.0023245,241
0.0023246,241
0.0023247,241
0.0023248,241
0.0023249,241
0.002325,241
0.0023251,241
0.0023252,241
0.0023253,241
0.0023254,241
0.0023255,241
0.0023256,241
0.0023257,241
0.0023258,241
0.0023259,241
0.002326,241
0.0023261,241
0.0023262,241
0.0023263,241
0.0023264,241
0.0023265,241
0.0023266,241
0.0023267,241
0.0023268,241
0.0023269,241
0.002327,241
0.0023271,241
0.0023272,240
0.0023273,240
0.0023274,240
0.0023275,240
0.0023276,240
0.0023277,240
0.0023278,240
0.0023279,240
0.002328,240
0.0023281,240
0.0023282,240
0.0023283,240
0.0023284,240
0.0023285,240
0.0023286,240
0.0023287,240
0.0023288,240
0.0023289,240
0.002329,240
0.0023291,240
0.0023292,240
0.0023293,240
0.0023294,240
0.0023295,240
0.0023296,240
0.0023297,240
0.0023298,240
0.0023299,240
0.00233,240
0.0023301,239
0.0023302,239
0.0023303,239
0.0023304,239
0.0023305,239
0.0023306,239
0.0023307,239
0.0023308,239
0.0023309,239
0.002331,239
0.0023311,239
0.0023312,239
0.0023313,239
0.0023314,239
0.0023315,239
0.0023316,239
0.0023317,239
0.0023318,239
0.0023319,239
0.002332,239
0.0023321,239
0.0023322,239
0.0023323,239
0.0023324,239
0.0023325,239
0.0023326,239
0.0023327,239
0.0023328,239
0.0023329,239
0.002333,239
0.0023331,238
0.0023332,238
0.0023333,238
0.0023334,238
0.0023335,238
0.0023336,238
0.0023337,238
0.0023338,238
0.0023339,238
0.002334,238
0.0023341,238
0.0023342,238
0.0023343,238
0.0023344,238
0.0023345,238
0.0023346,238
0.0023347,238
0.0023348,238
0.0023349,238
0.002335,237
0.0023351,237
0.0023352,237
0.0023353,237
0.0023354,237
0.0023355,237
0.0023356,237
0.0023357,237
0.0023358,237
0.0023359,237
0.002336,237
0.0023361,237
0.0023362,237
0.0023363,237
0.0023364,237
0.0023365,237
0.0023366,237
0.0023367,237
0.0023368,237
0.0023369,237
0.002337,237
0.0023371,237
0.0023372,237
0.0023373,237
0.0023374,237
0.0023375,237
0.0023376,237
0.0023377,237
0.0023378,237
0.0023379,236
0.002338,236
0.0023381,236
0.0023382,236
0.0023383,236
0.0023384,236
0.0023385,236
0.0023386,236
0.0023387,236
0.0023388,236
0.0023389,236
0.002339,236
0.0023391,236
0.0023392,236
0.0023393,236
0.0023394,236
0.0023395,236
0.0023396,236
0.0023397,236
0.0023398,236
0.0023399,235
0.00234,235
0.0023401,235
0.0023402,235
0.0023403,235
0.0023404,235
0.0023405,235
0.0023406,235
0.0023407,235
0.0023408,235
0.0023409,235
0.002341,235
0.0023411,235
0.0023412,235
0.0023413,235
0.0023414,235
0.0023415,235
0.0023416,235
0.0023417,235
0.0023418,235
0.0023419,234
0.002342,234
0.0023421,234
0.0023422,234
0.0023423,234
0.0023424,234
0.0023425,234
0.0023426,234
0.0023427,234
0.0023428,234
0.0023429,234
0.002343,234
0.0023431,234
0.0023432,234
0.0023433,234
0.0023434,234
0.0023435,234
0.0023436,234
0.0023437,234
0.0023438,234
0.0023439,234
0.002344,234
0.0023441,234
0.0023442,234
0.0023443,234
0.0023444,234
0.0023445,234
0.0023446,234
0.0023447,234
0.0023448,233
0.0023449,233
0.002345,233
0.0023451,233
0.0023452,233
0.0023453,233
0.0023454,233
0.0023455,233
0.0023456,233
0.0023457,233
0.0023458,233
0.0023459,233
0.002346,233
0.0023461,233
0.0023462,233
0.0023463,233
0.0023464,233
0.0023465,233
0.0023466,233
0.0023467,232
0.0023468,232
0.0023469,232
0.002347,232
0.0023471,232
0.0023472,232
0.0023473,232
0.0023474,232
0.0023475,232
0.0023476,232
0.0023477,232
0.0023478,232
0.0023479,232
0.002348,232
0.0023481,232
0.0023482,232
0.0023483,232
0.0023484,232
0.0023485,232
0.0023486,232
0.0023487,231
0.0023488,231
0.0023489,231
0.002349,231
0.0023491,231
0.0023492,231
0.0023493,231
0.0023494,231
0.0023495,231
0.0023496,231
0.0023497,231
0.0023498,231
0.0023499,231
0.00235,231
0.0023501,231
0.0023502,231
0.0023503,231
0.0023504,231
0.0023505,231
0.0023506,230
0.0023507,230
0.0023508,230
0.0023509,230
0.002351,230
0.0023511,230
0.0023512,230
0.0023513,230
0.0023514,230
0.0023515,230
0.0023516,230
0.0023517,230
0.0023518,230
0.0023519,230
0.002352,230
0.0023521,230
0.0023522,230
0.0023523,230
0.0023524,230
0.0023525,230
0.0023526,230
0.0023527,230
0.0023528,230
0.0023529,230
0.002353,230
0.0023531,230
0.0023532,230
0.0023533,230
0.0023534,230
0.0023535,230
0.0023536,229
0.0023537,229
0.0023538,229
0.0023539,229
0.002354,229
0.0023541,229
0.0023542,229
0.0023543,229
0.0023544,229
0.0023545,229
0.0023546,229
0.0023547,229
0.0023548,229
0.0023549,229
0.002355,229
0.0023551,229
0.0023552,229
0.0023553,229
0.0023554,229
0.0023555,228
0.0023556,228
0.0023557,228
0.0023558,228
0.0023559,228
0.002356,228
0.0023561,228
0.0023562,228
0.0023563,228
0.0023564,228
0.0023565,228
0.0023566,228
0.0023567,228
0.0023568,228
0.0023569,228
0.002357,228
0.0023571,228
0.0023572,228
0.0023573,228
0.0023574,228
0.0023575,227
0.0023576,227
0.0023577,227
0.0023578,227
0.0023579,227
0.002358,227
0.0023581,227
0.0023582,227
0.0023583,227
0.0023584,227
0.0023585,227
0.0023586,227
0.0023587,227
0.0023588,227
0.0023589,227
0.002359,227
0.0023591,227
0.0023592,227
0.0023593,227
0.0023594,226
0.0023595,226
0.0023596,226
0.0023597,226
0.0023598,226
0.0023599,226
0.00236,226
0.0023601,226
0.0023602,226
0.0023603,226
0.0023604,226
0.0023605,226
0.0023606,226
0.0023607,226
0.0023608,226
0.0023609,226
0.002361,226
0.0023611,226
0.0023612,226
0.0023613,226
0.0023614,225
0.0023615,225
0.0023616,225
0.0023617,225
0.0023618,225
0.0023619,225
0.002362,225
0.0023621,225
0.0023622,225
0.0023623,225
0.0023624,225
0.0023625,225
0.0023626,225
0.0023627,225
0.0023628,225
0.0023629,225
0.002363,225
0.0023631,225
0.0023632,225
0.0023633,224
0.0023634,224
0.0023635,224
0.0023636,224
0.0023637,224
0.0023638,224
0.0023639,224
0.002364,224
0.0023641,224
0.0023642,224
0.0023643,224
0.0023644,224
0.0023645,224
0.0023646,224
0.0023647,224
0.0023648,224
0.0023649,224
0.002365,224
0.0023651,224
0.0023652,224
0.0023653,223
0.0023654,223
0.0023655,223
0.0023656,223
0.0023657,223
0.0023658,223
0.0023659,223
0.002366,223
0.0023661,223
0.0023662,223
0.0023663,223
0.0023664,223
0.0023665,223
0.0023666,223
0.0023667,223
0.0023668,223
0.0023669,223
0.002367,223
0.0023671,223
0.0023672,222
0.0023673,222
0.0023674,222
0.0023675,222
0.0023676,222
0.0023677,222
0.0023678,222
0.0023679,222
0.002368,222
0.0023681,222
0.0023682,222
0.0023683,222
0.0023684,222
0.0023685,222
0.0023686,222
0.0023687,222
0.0023688,222
0.0023689,222
0.002369,222
0.0023691,222
0.0023692,221
0.0023693,221
0.0023694,221
0.0023695,221
0.0023696,221
0.0023697,221
0.0023698,221
0.0023699,221
0.00237,221
0.0023701,221
0.0023702,221
0.0023703,221
0.0023704,221
0.0023705,221
0.0023706,221
0.0023707,221
0.0023708,221
0.0023709,221
0.002371,221
0.0023711,220
0.0023712,220
0.0023713,220
0.0023714,220
0.0023715,220
0.0023716,220
0.0023717,220
0.0023718,220
0.0023719,220
0.002372,220
0.0023721,219
0.0023722,219
0.0023723,219
0.0023724,219
0.0023725,219
0.0023726,219
0.0023727,219
0.0023728,219
0.0023729,219
0.002373,219
0.0023731,219
0.0023732,219
0.0023733,219
0.0023734,219
0.0023735,219
0.0023736,219
0.0023737,219
0.0023738,219
0.0023739,219
0.002374,219
0.0023741,218
0.0023742,218
0.0023743,218
0.0023744,218
0.0023745,218
0.0023746,218
0.0023747,218
0.0023748,218
0.0023749,218
0.002375,218
0.0023751,218
0.0023752,218
0.0023753,218
0.0023754,218
0.0023755,218
0.0023756,218
0.0023757,218
0.0023758,218
0.0023759,218
0.002376,217
0.0023761,217
0.0023762,217
0.0023763,217
0.0023764,217
0.0023765,217
0.0023766,217
0.0023767,217
0.0023768,217
0.0023769,217
0.002377,217
0.0023771,217
0.0023772,217
0.0023773,217
0.0023774,217
0.0023775,217
0.0023776,217
0.0023777,217
0.0023778,217
0.0023779,217
0.002378,216
0.0023781,216
0.0023782,216
0.0023783,216
0.0023784,216
0.0023785,216
0.0023786,216
0.0023787,216
0.0023788,216
0.0023789,216
0.002379,216
0.0023791,216
0.0023792,216
0.0023793,216
0.0023794,216
0.0023795,216
0.0023796,216
0.0023797,216
0.0023798,216
0.0023799,215
0.00238,215
0.0023801,215
0.0023802,215
0.0023803,215
0.0023804,215
0.0023805,215
0.0023806,215
0.0023807,215
0.0023808,215
0.0023809,214
0.002381,214
0.0023811,214
0.0023812,214
0.0023813,214
0.0023814,214
0.0023815,214
0.0023816,214
0.0023817,214
0.0023818,214
0.0023819,214
0.002382,214
0.0023821,214
0.0023822,214
0.0023823,214
0.0023824,214
0.0023825,214
0.0023826,214
0.0023827,214
0.0023828,214
0.0023829,213
0.002383,213
0.0023831,213
0.0023832,213
0.0023833,213
0.0023834,213
0.0023835,213
0.0023836,213
0.0023837,213
0.0023838,213
0.0023839,213
0.002384,213
0.0023841,213
0.0023842,213
0.0023843,213
0.0023844,213
0.0023845,213
0.0023846,213
0.0023847,213
0.0023848,212
0.0023849,212
0.002385,212
0.0023851,212
0.0023852,212
0.0023853,212
0.0023854,212
0.0023855,212
0.0023856,212
0.0023857,212
0.0023858,212
0.0023859,212
0.002386,212
0.0023861,212
0.0023862,212
0.0023863,212
0.0023864,212
0.0023865,212
0.0023866,212
0.0023867,212
0.0023868,211
0.0023869,211
0.002387,211
0.0023871,211
0.0023872,211
0.0023873,211
0.0023874,211
0.0023875,211
0.0023876,211
0.0023877,210
0.0023878,210
0.0023879,210
0.002388,210
0.0023881,210
0.0023882,210
0.0023883,210
0.0023884,210
0.0023885,210
0.0023886,210
0.0023887,210
0.0023888,210
0.0023889,210
0.002389,210
0.0023891,210
0.0023892,210
0.0023893,210
0.0023894,210
0.0023895,210
0.0023896,210
0.0023897,209
0.0023898,209
0.0023899,209
0.00239,209
0.0023901,209
0.0023902,209
0.0023903,209
0.0023904,209
0.0023905,209
0.0023906,209
0.0023907,209
0.0023908,209
0.0023909,209
0.002391,209
0.0023911,209
0.0023912,209
0.0023913,209
0.0023914,209
0.0023915,209
0.0023916,209
0.0023917,208
0.0023918,208
0.0023919,208
0.002392,208
0.0023921,208
0.0023922,208
0.0023923,208
0.0023924,208
0.0023925,208
0.0023926,207
0.0023927,207
0.0023928,207
0.0023929,207
0.002393,207
0.0023931,207
0.0023932,207
0.0023933,207
0.0023934,207
0.0023935,207
0.0023936,207
0.0023937,207
0.0023938,207
0.0023939,207
0.002394,207
0.0023941,207
0.0023942,207
0.0023943,207
0.0023944,207
0.0023945,207
0.0023946,206
0.0023947,206
0.0023948,206
0.0023949,206
0.002395,206
0.0023951,206
0.0023952,206
0.0023953,206
0.0023954,206
0.0023955,206
0.0023956,206
0.0023957,206
0.0023958,206
0.0023959,206
0.002396,206
0.0023961,206
0.0023962,206
0.0023963,206
0.0023964,206
0.0023965,205
0.0023966,205
0.0023967,205
0.0023968,205
0.0023969,205
0.002397,205
0.0023971,205
0.0023972,205
0.0023973,205
0.0023974,205
0.0023975,204
0.0023976,204
0.0023977,204
0.0023978,204
0.0023979,204
0.002398,204
0.0023981,204
0.0023982,204
0.0023983,204
0.0023984,204
0.0023985,204
0.0023986,204
0.0023987,204
0.0023988,204
0.0023989,204
0.002399,204
0.0023991,204
0.0023992,204
0.0023993,204
0.0023994,204
0.0023995,203
0.0023996,203
0.0023997,203
0.0023998,203
0.0023999,203
0.0024,203
0.0024001,203
0.0024002,203
0.0024003,203
0.0024004,202
0.0024005,202
0.0024006,202
0.0024007,202
0.0024008,202
0.0024009,202
0.002401,202
0.0024011,202
0.0024012,202
0.0024013,202
0.0024014,202
0.0024015,202
0.0024016,202
0.0024017,202
0.0024018,202
0.0024019,202
0.002402,202
0.0024021,202
0.0024022,202
0.0024023,202
0.0024024,201
0.0024025,201
0.0024026,201
0.0024027,201
0.0024028,201
0.0024029,201
0.002403,201
0.0024031,201
0.0024032,201
0.0024033,201
0.0024034,200
0.0024035,200
0.0024036,200
0.0024037,200
0.0024038,200
0.0024039,200
0.002404,200
0.0024041,200
0.0024042,200
0.0024043,200
0.0024044,200
0.0024045,200
0.0024046,200
0.0024047,200
0.0024048,200
0.0024049,200
0.002405,200
0.0024051,200
0.0024052,200
0.0024053,199
0.0024054,199
0.0024055,199
0.0024056,199
0.0024057,199
0.0024058,199
0.0024059,199
0.002406,199
0.0024061,199
0.0024062,199
0.0024063,199
0.0024064,199
0.0024065,199
0.0024066,199
0.0024067,199
0.0024068,199
0.0024069,199
0.002407,199
0.0024071,199
0.0024072,199
0.0024073,198
0.0024074,198
0.0024075,198
0.0024076,198
0.0024077,198
0.0024078,198
0.0024079,198
0.002408,198
0.0024081,198
0.0024082,198
0.0024083,197
0.0024084,197
0.0024085,197
0.0024086,197
0.0024087,197
0.0024088,197
0.0024089,197
0.002409,197
0.0024091,197
0.0024092,197
0.0024093,197
0.0024094,197
0.0024095,197
0.0024096,197
0.0024097,197
0.0024098,197
0.0024099,197
0.00241,197
0.0024101,197
0.0024102,196
0.0024103,196
0.0024104,196
0.0024105,196
0.0024106,196
0.0024107,196
0.0024108,196
0.0024109,196
0.002411,196
0.0024111,196
0.0024112,195
0.0024113,195
0.0024114,195
0.0024115,195
0.0024116,195
0.0024117,195
0.0024118,195
0.0024119,195
0.002412,195
0.0024121,195
0.0024122,195
0.0024123,195
0.0024124,195
0.0024125,195
0.0024126,195
0.0024127,195
0.0024128,195
0.0024129,195
0.002413,195
0.0024131,194
0.0024132,194
0.0024133,194
0.0024134,194
0.0024135,194
0.0024136,194
0.0024137,194
0.0024138,194
0.0024139,194
0.002414,194
0.0024141,193
0.0024142,193
0.0024143,193
0.0024144,193
0.0024145,193
0.0024146,193
0.0024147,193
0.0024148,193
0.0024149,193
0.002415,193
0.0024151,193
0.0024152,193
0.0024153,193
0.0024154,193
0.0024155,193
0.0024156,193
0.0024157,193
0.0024158,193
0.0024159,193
0.002416,193
0.0024161,192
0.0024162,192
0.0024163,192
0.0024164,192
0.0024165,192
0.0024166,192
0.0024167,192
0.0024168,192
0.0024169,192
0.002417,191
0.0024171,191
0.0024172,191
0.0024173,191
0.0024174,191
0.0024175,191
0.0024176,191
0.0024177,191
0.0024178,191
0.0024179,191
0.002418,191
0.0024181,191
0.0024182,191
0.0024183,191
0.0024184,191
0.0024185,191
0.0024186,191
0.0024187,191
0.0024188,191
0.0024189,191
0.002419,190
0.0024191,190
0.0024192,190
0.0024193,190
0.0024194,190
0.0024195,190
0.0024196,190
0.0024197,190
0.0024198,190
0.0024199,190
0.00242,189
0.0024201,189
0.0024202,189
0.0024203,189
0.0024204,189
0.0024205,189
0.0024206,189
0.0024207,189
0.0024208,189
0.0024209,189
0.002421,189
0.0024211,189
0.0024212,189
0.0024213,189
0.0024214,189
0.0024215,189
0.0024216,189
0.0024217,189
0.0024218,189
0.0024219,188
0.002422,188
0.0024221,188
0.0024222,188
0.0024223,188
0.0024224,188
0.0024225,188
0.0024226,188
0.0024227,188
0.0024228,188
0.0024229,187
0.002423,187
0.0024231,187
0.0024232,187
0.0024233,187
0.0024234,187
0.0024235,187
0.0024236,187
0.0024237,187
0.0024238,187
0.0024239,186
0.002424,186
0.0024241,186
0.0024242,186
0.0024243,186
0.0024244,186
0.0024245,186
0.0024246,186
0.0024247,186
0.0024248,186
0.0024249,186
0.002425,186
0.0024251,186
0.0024252,186
0.0024253,186
0.0024254,186
0.0024255,186
0.0024256,186
0.0024257,186
0.0024258,185
0.0024259,185
0.002426,185
0.0024261,185
0.0024262,185
0.0024263,185
0.0024264,185
0.0024265,185
0.0024266,185
0.0024267,185
0.0024268,184
0.0024269,184
0.002427,184
0.0024271,184
0.0024272,184
0.0024273,184
0.0024274,184
0.0024275,184
0.0024276,184
0.0024277,184
0.0024278,184
0.0024279,184
0.002428,184
0.0024281,184
0.0024282,184
0.0024283,184
0.0024284,184
0.0024285,184
0.0024286,184
0.0024287,184
0.0024288,183
0.0024289,183
0.002429,183
0.0024291,183
0.0024292,183
0.0024293,183
0.0024294,183
0.0024295,183
0.0024296,183
0.0024297,182
0.0024298,182
0.0024299,182
0.00243,182
0.0024301,182
0.0024302,182
0.0024303,182
0.0024304,182
0.0024305,182
0.0024306,182
0.0024307,182
0.0024308,182
0.0024309,182
0.002431,182
0.0024311,182
0.0024312,182
0.0024313,182
0.0024314,182
0.0024315,182
0.0024316,182
0.0024317,181
0.0024318,181
0.0024319,181
0.002432,181
0.0024321,181
0.0024322,181
0.0024323,181
0.0024324,181
0.0024325,181
0.0024326,181
0.0024327,180
0.0024328,180
0.0024329,180
0.002433,180
0.0024331,180
0.0024332,180
0.0024333,180
0.0024334,180
0.0024335,180
0.0024336,179
0.0024337,179
0.0024338,179
0.0024339,179
0.002434,179
0.0024341,179
0.0024342,179
0.0024343,179
0.0024344,179
0.0024345,179
0.0024346,179
0.0024347,179
0.0024348,179
0.0024349,179
0.002435,179
0.0024351,179
0.0024352,179
0.0024353,179
0.0024354,179
0.0024355,179
0.0024356,178
0.0024357,178
0.0024358,178
0.0024359,178
0.002436,178
0.0024361,178
0.0024362,178
0.0024363,178
0.0024364,178
0.0024365,178
0.0024366,177
0.0024367,177
0.0024368,177
0.0024369,177
0.002437,177
0.0024371,177
0.0024372,177
0.0024373,177
0.0024374,177
0.0024375,177
0.0024376,177
0.0024377,177
0.0024378,177
0.0024379,177
0.002438,177
0.0024381,177
0.0024382,177
0.0024383,177
0.0024384,177
0.0024385,176
0.0024386,176
0.0024387,176
0.0024388,176
0.0024389,176
0.002439,176
0.0024391,176
0.0024392,176
0.0024393,176
0.0024394,176
0.0024395,175
0.0024396,175
0.0024397,175
0.0024398,175
0.0024399,175
0.00244,175
0.0024401,175
0.0024402,175
0.0024403,175
0.0024404,175
0.0024405,174
0.0024406,174
0.0024407,174
0.0024408,174
0.0024409,174
0.002441,174
0.0024411,174
0.0024412,174
0.0024413,174
0.0024414,174
0.0024415,174
0.0024416,174
0.0024417,174
0.0024418,174
0.0024419,174
0.002442,174
0.0024421,174
0.0024422,174
0.0024423,174
0.0024424,173
0.0024425,173
0.0024426,173
0.0024427,173
0.0024428,173
0.0024429,173
0.002443,173
0.0024431,173
0.0024432,173
0.0024433,173
0.0024434,172
0.0024435,172
0.0024436,172
0.0024437,172
0.0024438,172
0.0024439,172
0.002444,172
0.0024441,172
0.0024442,172
0.0024443,172
0.0024444,172
0.0024445,172
0.0024446,172
0.0024447,172
0.0024448,172
0.0024449,172
0.002445,172
0.0024451,172
0.0024452,172
0.0024453,172
0.0024454,171
0.0024455,171
0.0024456,171
0.0024457,171
0.0024458,171
0.0024459,171
0.002446,171
0.0024461,171
0.0024462,171
0.0024463,170
0.0024464,170
0.0024465,170
0.0024466,170
0.0024467,170
0.0024468,170
0.0024469,170
0.002447,170
0.0024471,170
0.0024472,170
0.0024473,169
0.0024474,169
0.0024475,169
0.0024476,169
0.0024477,169
0.0024478,169
0.0024479,169
0.002448,169
0.0024481,169
0.0024482,169
0.0024483,169
0.0024484,169
0.0024485,169
0.0024486,169
0.0024487,169
0.0024488,169
0.0024489,169
0.002449,169
0.0024491,169
0.0024492,169
0.0024493,168
0.0024494,168
0.0024495,168
0.0024496,168
0.0024497,168
0.0024498,168
0.0024499,168
0.00245,168
0.0024501,168
0.0024502,167
0.0024503,167
0.0024504,167
0.0024505,167
0.0024506,167
0.0024507,167
0.0024508,167
0.0024509,167
0.002451,167
0.0024511,167
0.0024512,166
0.0024513,166
0.0024514,166
0.0024515,166
0.0024516,166
0.0024517,166
0.0024518,166
0.0024519,166
0.002452,166
0.0024521,166
0.0024522,166
0.0024523,166
0.0024524,166
0.0024525,166
0.0024526,166
0.0024527,166
0.0024528,166
0.0024529,166
0.002453,166
0.0024531,166
0.0024532,165
0.0024533,165
0.0024534,165
0.0024535,165
0.0024536,165
0.0024537,165
0.0024538,165
0.0024539,165
0.002454,165
0.0024541,165
0.0024542,164
0.0024543,164
0.0024544,164
0.0024545,164
0.0024546,164
0.0024547,164
0.0024548,164
0.0024549,164
0.002455,164
0.0024551,163
0.0024552,163
0.0024553,163
0.0024554,163
0.0024555,163
0.0024556,163
0.0024557,163
0.0024558,163
0.0024559,163
0.002456,163
0.0024561,163
0.0024562,163
0.0024563,163
0.0024564,163
0.0024565,163
0.0024566,163
0.0024567,163
0.0024568,163
0.0024569,163
0.002457,163
0.0024571,162
0.0024572,162
0.0024573,162
0.0024574,162
0.0024575,162
0.0024576,162
0.0024577,162
0.0024578,162
0.0024579,162
0.002458,162
0.0024581,161
0.0024582,161
0.0024583,161
0.0024584,161
0.0024585,161
0.0024586,161
0.0024587,161
0.0024588,161
0.0024589,161
0.002459,160
0.0024591,160
0.0024592,160
0.0024593,160
0.0024594,160
0.0024595,160
0.0024596,160
0.0024597,160
0.0024598,160
0.0024599,160
0.00246,160
0.0024601,160
0.0024602,160
0.0024603,160
0.0024604,160
0.0024605,160
0.0024606,160
0.0024607,160
0.0024608,160
0.0024609,160
0.002461,159
0.0024611,159
0.0024612,159
0.0024613,159
0.0024614,159
0.0024615,159
0.0024616,159
0.0024617,159
0.0024618,159
0.0024619,159
0.002462,158
0.0024621,158
0.0024622,158
0.0024623,158
0.0024624,158
0.0024625,158
0.0024626,158
0.0024627,158
0.0024628,158
0.0024629,157
0.002463,157
0.0024631,157
0.0024632,157
0.0024633,157
0.0024634,157
0.0024635,157
0.0024636,157
0.0024637,157
0.0024638,157
0.0024639,157
0.002464,157
0.0024641,157
0.0024642,157
0.0024643,157
0.0024644,157
0.0024645,157
0.0024646,157
0.0024647,157
0.0024648,157
0.0024649,156
0.002465,156
0.0024651,156
0.0024652,156
0.0024653,156
0.0024654,156
0.0024655,156
0.0024656,156
0.0024657,156
0.0024658,156
0.0024659,155
0.002466,155
0.0024661,155
0.0024662,155
0.0024663,155
0.0024664,155
0.0024665,155
0.0024666,155
0.0024667,155
0.0024668,155
0.0024669,154
0.002467,154
0.0024671,154
0.0024672,154
0.0024673,154
0.0024674,154
0.0024675,154
0.0024676,154
0.0024677,154
0.0024678,154
0.0024679,154
0.002468,154
0.0024681,154
0.0024682,154
0.0024683,154
0.0024684,154
0.0024685,154
0.0024686,154
0.0024687,154
0.0024688,153
0.0024689,153
0.002469,153
0.0024691,153
0.0024692,153
0.0024693,153
0.0024694,153
0.0024695,153
0.0024696,153
0.0024697,153
0.0024698,152
0.0024699,152
0.00247,152
0.0024701,152
0.0024702,152
0.0024703,152
0.0024704,152
0.0024705,152
0.0024706,152
0.0024707,152
0.0024708,151
0.0024709,151
0.002471,151
0.0024711,151
0.0024712,151
0.0024713,151
0.0024714,151
0.0024715,151
0.0024716,151
0.0024717,150
0.0024718,150
0.0024719,150
0.002472,150
0.0024721,150
0.0024722,150
0.0024723,150
0.0024724,150
0.0024725,150
0.0024726,150
0.0024727,150
0.0024728,150
0.0024729,150
0.002473,150
0.0024731,150
0.0024732,150
0.0024733,150
0.0024734,150
0.0024735,150
0.0024736,150
0.0024737,149
0.0024738,149
0.0024739,149
0.002474,149
0.0024741,149
0.0024742,149
0.0024743,149
0.0024744,149
0.0024745,149
0.0024746,149
0.0024747,148
0.0024748,148
0.0024749,148
0.002475,148
0.0024751,148
0.0024752,148
0.0024753,148
0.0024754,148
0.0024755,148
0.0024756,147
0.0024757,147
0.0024758,147
0.0024759,147
0.002476,147
0.0024761,147
0.0024762,147
0.0024763,147
0.0024764,147
0.0024765,147
0.0024766,147
0.0024767,147
0.0024768,147
0.0024769,147
0.002477,147
0.0024771,147
0.0024772,147
0.0024773,147
0.0024774,147
0.0024775,147
0.0024776,146
0.0024777,146
0.0024778,146
0.0024779,146
0.002478,146
0.0024781,146
0.0024782,146
0.0024783,146
0.0024784,146
0.0024785,146
0.0024786,145
0.0024787,145
0.0024788,145
0.0024789,145
0.002479,145
0.0024791,145
0.0024792,145
0.0024793,145
0.0024794,145
0.0024795,144
0.0024796,144
0.0024797,144
0.0024798,144
0.0024799,144
0.00248,144
0.0024801,144
0.0024802,144
0.0024803,144
0.0024804,144
0.0024805,144
0.0024806,144
0.0024807,144
0.0024808,144
0.0024809,144
0.002481,144
0.0024811,144
0.0024812,144
0.0024813,144
0.0024814,144
0.0024815,143
0.0024816,143
0.0024817,143
0.0024818,143
0.0024819,143
0.002482,143
0.0024821,143
0.0024822,143
0.0024823,143
0.0024824,143
0.0024825,142
0.0024826,142
0.0024827,142
0.0024828,142
0.0024829,142
0.002483,142
0.0024831,142
0.0024832,142
0.0024833,142
0.0024834,142
0.0024835,141
0.0024836,141
0.0024837,141
0.0024838,141
0.0024839,141
0.002484,141
0.0024841,141
0.0024842,141
0.0024843,141
0.0024844,140
0.0024845,140
0.0024846,140
0.0024847,140
0.0024848,140
0.0024849,140
0.002485,140
0.0024851,140
0.0024852,140
0.0024853,140
0.0024854,140
0.0024855,140
0.0024856,140
0.0024857,140
0.0024858,140
0.0024859,140
0.002486,140
0.0024861,140
0.0024862,140
0.0024863,140
0.0024864,139
0.0024865,139
0.0024866,139
0.0024867,139
0.0024868,139
0.0024869,139
0.002487,139
0.0024871,139
0.0024872,139
0.0024873,139
0.0024874,138
0.0024875,138
0.0024876,138
0.0024877,138
0.0024878,138
0.0024879,138
0.002488,138
0.0024881,138
0.0024882,138
0.0024883,137
0.0024884,137
0.0024885,137
0.0024886,137
0.0024887,137
0.0024888,137
0.0024889,137
0.002489,137
0.0024891,137
0.0024892,137
0.0024893,137
0.0024894,137
0.0024895,137
0.0024896,137
0.0024897,137
0.0024898,137
0.0024899,137
0.00249,137
0.0024901,137
0.0024902,137
0.0024903,136
0.0024904,136
0.0024905,136
0.0024906,136
0.0024907,136
0.0024908,136
0.0024909,136
0.002491,136
0.0024911,136
0.0024912,136
0.0024913,135
0.0024914,135
0.0024915,135
0.0024916,135
0.0024917,135
0.0024918,135
0.0024919,135
0.002492,135
0.0024921,135
0.0024922,134
0.0024923,134
0.0024924,134
0.0024925,134
0.0024926,134
0.0024927,134
0.0024928,134
0.0024929,134
0.002493,134
0.0024931,134
0.0024932,133
0.0024933,133
0.0024934,133
0.0024935,133
0.0024936,133
0.0024937,133
0.0024938,133
0.0024939,133
0.002494,133
0.0024941,133
0.0024942,133
0.0024943,133
0.0024944,133
0.0024945,133
0.0024946,133
0.0024947,133
0.0024948,133
0.0024949,133
0.002495,133
0.0024951,133
0.0024952,132
0.0024953,132
0.0024954,132
0.0024955,132
0.0024956,132
0.0024957,132
0.0024958,132
0.0024959,132
0.002496,132
0.0024961,131
0.0024962,131
0.0024963,131
0.0024964,131
0.0024965,131
0.0024966,131
0.0024967,131
0.0024968,131
0.0024969,131
0.002497,131
0.0024971,130
0.0024972,130
0.0024973,130
0.0024974,130
0.0024975,130
0.0024976,130
0.0024977,130
0.0024978,130
0.0024979,130
0.002498,130
0.0024981,130
0.0024982,130
0.0024983,130
0.0024984,130
0.0024985,130
0.0024986,130
0.0024987,130
0.0024988,130
0.0024989,130
0.002499,130
0.0024991,129
0.0024992,129
0.0024993,129
0.0024994,129
0.0024995,129
0.0024996,129
0.0024997,129
0.0024998,129
0.0024999,129
0.0025,129
0.0025001,128
0.0025002,128
0.0025003,128
0.0025004,128
0.0025005,128
0.0025006,128
0.0025007,128
0.0025008,128
0.0025009,128
0.002501,127
0.0025011,127
0.0025012,127
0.0025013,127
0.0025014,127
0.0025015,127
0.0025016,127
0.0025017,127
0.0025018,127
0.0025019,127
0.002502,126
0.0025021,126
0.0025022,126
0.0025023,126
0.0025024,126
0.0025025,126
0.0025026,126
0.0025027,126
0.0025028,126
0.0025029,126
0.002503,126
0.0025031,126
0.0025032,126
0.0025033,126
0.0025034,126
0.0025035,126
0.0025036,126
0.0025037,126
0.0025038,126
0.0025039,126
0.002504,125
0.0025041,125
0.0025042,125
0.0025043,125
0.0025044,125
0.0025045,125
0.0025046,125
0.0025047,125
0.0025048,125
0.0025049,124
0.002505,124
0.0025051,124
0.0025052,124
0.0025053,124
0.0025054,124
0.0025055,124
0.0025056,124
0.0025057,124
0.0025058,124
0.0025059,123
0.002506,123
0.0025061,123
0.0025062,123
0.0025063,123
0.0025064,123
0.0025065,123
0.0025066,123
0.0025067,123
0.0025068,123
0.0025069,123
0.002507,123
0.0025071,123
0.0025072,123
0.0025073,123
0.0025074,123
0.0025075,123
0.0025076,123
0.0025077,123
0.0025078,123
0.0025079,122
0.002508,122
0.0025081,122
0.0025082,122
0.0025083,122
0.0025084,122
0.0025085,122
0.0025086,122
0.0025087,122
0.0025088,121
0.0025089,121
0.002509,121
0.0025091,121
0.0025092,121
0.0025093,121
0.0025094,121
0.0025095,121
0.0025096,121
0.0025097,121
0.0025098,120
0.0025099,120
0.00251,120
0.0025101,120
0.0025102,120
0.0025103,120
0.0025104,120
0.0025105,120
0.0025106,120
0.0025107,120
0.0025108,119
0.0025109,119
0.002511,119
0.0025111,119
0.0025112,119
0.0025113,119
0.0025114,119
0.0025115,119
0.0025116,119
0.0025117,119
0.0025118,119
0.0025119,119
0.002512,119
0.0025121,119
0.0025122,119
0.0025123,119
0.0025124,119
0.0025125,119
0.0025126,119
0.0025127,118
0.0025128,118
0.0025129,118
0.002513,118
0.0025131,118
0.0025132,118
0.0025133,118
0.0025134,118
0.0025135,118
0.0025136,118
0.0025137,117
0.0025138,117
0.0025139,117
0.002514,117
0.0025141,117
0.0025142,117
0.0025143,117
0.0025144,117
0.0025145,117
0.0025146,117
0.0025147,116
0.0025148,116
0.0025149,116
0.002515,116
0.0025151,116
0.0025152,116
0.0025153,116
0.0025154,116
0.0025155,116
0.0025156,116
0.0025157,116
0.0025158,116
0.0025159,116
0.002516,116
0.0025161,116
0.0025162,116
0.0025163,116
0.0025164,116
0.0025165,116
0.0025166,116
0.0025167,115
0.0025168,115
0.0025169,115
0.002517,115
0.0025171,115
0.0025172,115
0.0025173,115
0.0025174,115
0.0025175,115
0.0025176,114
0.0025177,114
0.0025178,114
0.0025179,114
0.002518,114
0.0025181,114
0.0025182,114
0.0025183,114
0.0025184,114
0.0025185,114
0.0025186,113
0.0025187,113
0.0025188,113
0.0025189,113
0.002519,113
0.0025191,113
0.0025192,113
0.0025193,113
0.0025194,113
0.0025195,113
0.0025196,112
0.0025197,112
0.0025198,112
0.0025199,112
0.00252,112
0.0025201,112
0.0025202,112
0.0025203,112
0.0025204,112
0.0025205,112
0.0025206,112
0.0025207,112
0.0025208,112
0.0025209,112
0.002521,112
0.0025211,112
0.0025212,112
0.0025213,112
0.0025214,112
0.0025215,111
0.0025216,111
0.0025217,111
0.0025218,111
0.0025219,111
0.002522,111
0.0025221,111
0.0025222,111
0.0025223,111
0.0025224,111
0.0025225,110
0.0025226,110
0.0025227,110
0.0025228,110
0.0025229,110
0.002523,110
0.0025231,110
0.0025232,110
0.0025233,110
0.0025234,110
0.0025235,109
0.0025236,109
0.0025237,109
0.0025238,109
0.0025239,109
0.002524,109
0.0025241,109
0.0025242,109
0.0025243,109
0.0025244,109
0.0025245,109
0.0025246,109
0.0025247,109
0.0025248,109
0.0025249,109
0.002525,109
0.0025251,109
0.0025252,109
0.0025253,109
0.0025254,108
0.0025255,108
0.0025256,108
0.0025257,108
0.0025258,108
0.0025259,108
0.002526,108
0.0025261,108
0.0025262,108
0.0025263,108
0.0025264,107
0.0025265,107
0.0025266,107
0.0025267,107
0.0025268,107
0.0025269,107
0.002527,107
0.0025271,107
0.0025272,107
0.0025273,107
0.0025274,106
0.0025275,106
0.0025276,106
0.0025277,106
0.0025278,106
0.0025279,106
0.002528,106
0.0025281,106
0.0025282,106
0.0025283,106
0.0025284,106
0.0025285,106
0.0025286,106
0.0025287,106
0.0025288,106
0.0025289,106
0.002529,106
0.0025291,106
0.0025292,106
0.0025293,106
0.0025294,105
0.0025295,105
0.0025296,105
0.0025297,105
0.0025298,105
0.0025299,105
0.00253,105
0.0025301,105
0.0025302,105
0.0025303,104
0.0025304,104
0.0025305,104
0.0025306,104
0.0025307,104
0.0025308,104
0.0025309,104
0.002531,104
0.0025311,104
0.0025312,104
0.0025313,103
0.0025314,103
0.0025315,103
0.0025316,103
0.0025317,103
0.0025318,103
0.0025319,103
0.002532,103
0.0025321,103
0.0025322,103
0.0025323,102
0.0025324,102
0.0025325,102
0.0025326,102
0.0025327,102
0.0025328,102
0.0025329,102
0.002533,102
0.0025331,102
0.0025332,102
0.0025333,102
0.0025334,102
0.0025335,102
0.0025336,102
0.0025337,102
0.0025338,102
0.0025339,102
0.002534,102
0.0025341,102
0.0025342,101
0.0025343,101
0.0025344,101
0.0025345,101
0.0025346,101
0.0025347,101
0.0025348,101
0.0025349,101
0.002535,101
0.0025351,101
0.0025352,100
0.0025353,100
0.0025354,100
0.0025355,100
0.0025356,100
0.0025357,100
0.0025358,100
0.0025359,100
0.002536,100
0.0025361,100
0.0025362,99
0.0025363,99
0.0025364,99
0.0025365,99
0.0025366,99
0.0025367,99
0.0025368,99
0.0025369,99
0.002537,99
0.0025371,99
0.0025372,99
0.0025373,99
0.0025374,99
0.0025375,99
0.0025376,99
0.0025377,99
0.0025378,99
0.0025379,99
0.002538,99
0.0025381,98
0.0025382,98
0.0025383,98
0.0025384,98
0.0025385,98
0.0025386,98
0.0025387,98
0.0025388,98
0.0025389,98
0.002539,98
0.0025391,97
0.0025392,97
0.0025393,97
0.0025394,97
0.0025395,97
0.0025396,97
0.0025397,97
0.0025398,97
0.0025399,97
0.00254,97
0.0025401,96
0.0025402,96
0.0025403,96
0.0025404,96
0.0025405,96
0.0025406,96
0.0025407,96
0.0025408,96
0.0025409,96
0.002541,96
0.0025411,96
0.0025412,96
0.0025413,96
0.0025414,96
0.0025415,96
0.0025416,96
0.0025417,96
0.0025418,96
0.0025419,96
0.002542,95
0.0025421,95
0.0025422,95
0.0025423,95
0.0025424,95
0.0025425,95
0.0025426,95
0.0025427,95
0.0025428,95
0.0025429,95
0.002543,94
0.0025431,94
0.0025432,94
0.0025433,94
0.0025434,94
0.0025435,94
0.0025436,94
0.0025437,94
0.0025438,94
0.0025439,94
0.002544,93
0.0025441,93
0.0025442,93
0.0025443,93
0.0025444,93
0.0025445,93
0.0025446,93
0.0025447,93
0.0025448,93
0.0025449,93
0.002545,93
0.0025451,93
0.0025452,93
0.0025453,93
0.0025454,93
0.0025455,93
0.0025456,93
0.0025457,93
0.0025458,93
0.0025459,93
0.002546,92
0.0025461,92
0.0025462,92
0.0025463,92
0.0025464,92
0.0025465,92
0.0025466,92
0.0025467,92
0.0025468,92
0.0025469,91
0.002547,91
0.0025471,91
0.0025472,91
0.0025473,91
0.0025474,91
0.0025475,91
0.0025476,91
0.0025477,91
0.0025478,91
0.0025479,90
0.002548,90
0.0025481,90
0.0025482,90
0.0025483,90
0.0025484,90
0.0025485,90
0.0025486,90
0.0025487,90
0.0025488,90
0.0025489,90
0.002549,90
0.0025491,90
0.0025492,90
0.0025493,90
0.0025494,90
0.0025495,90
0.0025496,90
0.0025497,90
0.0025498,90
0.0025499,89
0.00255,89
0.0025501,89
0.0025502,89
0.0025503,89
0.0025504,89
0.0025505,89
0.0025506,89
0.0025507,89
0.0025508,88
0.0025509,88
0.002551,88
0.0025511,88
0.0025512,88
0.0025513,88
0.0025514,88
0.0025515,88
0.0025516,88
0.0025517,88
0.0025518,87
0.0025519,87
0.002552,87
0.0025521,87
0.0025522,87
0.0025523,87
0.0025524,87
0.0025525,87
0.0025526,87
0.0025527,87
0.0025528,87
0.0025529,87
0.002553,87
0.0025531,87
0.0025532,87
0.0025533,87
0.0025534,87
0.0025535,87
0.0025536,87
0.0025537,87
0.0025538,86
0.0025539,86
0.002554,86
0.0025541,86
0.0025542,86
0.0025543,86
0.0025544,86
0.0025545,86
0.0025546,86
0.0025547,85
0.0025548,85
0.0025549,85
0.002555,85
0.0025551,85
0.0025552,85
0.0025553,85
0.0025554,85
0.0025555,85
0.0025556,85
0.0025557,84
0.0025558,84
0.0025559,84
0.002556,84
0.0025561,84
0.0025562,84
0.0025563,84
0.0025564,84
0.0025565,84
0.0025566,84
0.0025567,84
0.0025568,84
0.0025569,84
0.002557,84
0.0025571,84
0.0025572,84
0.0025573,84
0.0025574,84
0.0025575,84
0.0025576,84
0.0025577,83
0.0025578,83
0.0025579,83
0.002558,83
0.0025581,83
0.0025582,83
0.0025583,83
0.0025584,83
0.0025585,83
0.0025586,82
0.0025587,82
0.0025588,82
0.0025589,82
0.002559,82
0.0025591,82
0.0025592,82
0.0025593,82
0.0025594,82
0.0025595,82
0.0025596,82
0.0025597,82
0.0025598,82
0.0025599,82
0.00256,82
0.0025601,82
0.0025602,82
0.0025603,82
0.0025604,82
0.0025605,82
0.0025606,81
0.0025607,81
0.0025608,81
0.0025609,81
0.002561,81
0.0025611,81
0.0025612,81
0.0025613,81
0.0025614,81
0.0025615,81
0.0025616,80
0.0025617,80
0.0025618,80
0.0025619,80
0.002562,80
0.0025621,80
0.0025622,80
0.0025623,80
0.0025624,80
0.0025625,80
0.0025626,79
0.0025627,79
0.0025628,79
0.0025629,79
0.002563,79
0.0025631,79
0.0025632,79
0.0025633,79
0.0025634,79
0.0025635,79
0.0025636,79
0.0025637,79
0.0025638,79
0.0025639,79
0.002564,79
0.0025641,79
0.0025642,79
0.0025643,79
0.0025644,79
0.0025645,78
0.0025646,78
0.0025647,78
0.0025648,78
0.0025649,78
0.002565,78
0.0025651,78
0.0025652,78
0.0025653,78
0.0025654,78
0.0025655,77
0.0025656,77
0.0025657,77
0.0025658,77
0.0025659,77
0.002566,77
0.0025661,77
0.0025662,77
0.0025663,77
0.0025664,77
0.0025665,77
0.0025666,77
0.0025667,77
0.0025668,77
0.0025669,77
0.002567,77
0.0025671,77
0.0025672,77
0.0025673,77
0.0025674,76
0.0025675,76
0.0025676,76
0.0025677,76
0.0025678,76
0.0025679,76
0.002568,76
0.0025681,76
0.0025682,76
0.0025683,76
0.0025684,75
0.0025685,75
0.0025686,75
0.0025687,75
0.0025688,75
0.0025689,75
0.002569,75
0.0025691,75
0.0025692,75
0.0025693,75
0.0025694,74
0.0025695,74
0.0025696,74
0.0025697,74
0.0025698,74
0.0025699,74
0.00257,74
0.0025701,74
0.0025702,74
0.0025703,74
0.0025704,74
0.0025705,74
0.0025706,74
0.0025707,74
0.0025708,74
0.0025709,74
0.002571,74
0.0025711,74
0.0025712,74
0.0025713,73
0.0025714,73
0.0025715,73
0.0025716,73
0.0025717,73
0.0025718,73
0.0025719,73
0.002572,73
0.0025721,73
0.0025722,73
0.0025723,72
0.0025724,72
0.0025725,72
0.0025726,72
0.0025727,72
0.0025728,72
0.0025729,72
0.002573,72
0.0025731,72
0.0025732,72
0.0025733,72
0.0025734,72
0.0025735,72
0.0025736,72
0.0025737,72
0.0025738,72
0.0025739,72
0.002574,72
0.0025741,72
0.0025742,72
0.0025743,71
0.0025744,71
0.0025745,71
0.0025746,71
0.0025747,71
0.0025748,71
0.0025749,71
0.002575,71
0.0025751,71
0.0025752,70
0.0025753,70
0.0025754,70
0.0025755,70
0.0025756,70
0.0025757,70
0.0025758,70
0.0025759,70
0.002576,70
0.0025761,70
0.0025762,70
0.0025763,70
0.0025764,70
0.0025765,70
0.0025766,70
0.0025767,70
0.0025768,70
0.0025769,70
0.002577,70
0.0025771,70
0.0025772,69
0.0025773,69
0.0025774,69
0.0025775,69
0.0025776,69
0.0025777,69
0.0025778,69
0.0025779,69
0.002578,69
0.0025781,69
0.0025782,68
0.0025783,68
0.0025784,68
0.0025785,68
0.0025786,68
0.0025787,68
0.0025788,68
0.0025789,68
0.002579,68
0.0025791,68
0.0025792,67
0.0025793,67
0.0025794,67
0.0025795,67
0.0025796,67
0.0025797,67
0.0025798,67
0.0025799,67
0.00258,67
0.0025801,67
0.0025802,67
0.0025803,67
0.0025804,67
0.0025805,67
0.0025806,67
0.0025807,67
0.0025808,67
0.0025809,67
0.002581,67
0.0025811,66
0.0025812,66
0.0025813,66
0.0025814,66
0.0025815,66
0.0025816,66
0.0025817,66
0.0025818,66
0.0025819,66
0.002582,66
0.0025821,65
0.0025822,65
0.0025823,65
0.0025824,65
0.0025825,65
0.0025826,65
0.0025827,65
0.0025828,65
0.0025829,65
0.002583,65
0.0025831,65
0.0025832,65
0.0025833,65
0.0025834,65
0.0025835,65
0.0025836,65
0.0025837,65
0.0025838,65
0.0025839,65
0.002584,64
0.0025841,64
0.0025842,64
0.0025843,64
0.0025844,64
0.0025845,64
0.0025846,64
0.0025847,64
0.0025848,64
0.0025849,64
0.002585,63
0.0025851,63
0.0025852,63
0.0025853,63
0.0025854,63
0.0025855,63
0.0025856,63
0.0025857,63
0.0025858,63
0.0025859,63
0.002586,63
0.0025861,63
0.0025862,63
0.0025863,63
0.0025864,63
0.0025865,63
0.0025866,63
0.0025867,63
0.0025868,63
0.0025869,63
0.002587,62
0.0025871,62
0.0025872,62
0.0025873,62
0.0025874,62
0.0025875,62
0.0025876,62
0.0025877,62
0.0025878,62
0.0025879,61
0.002588,61
0.0025881,61
0.0025882,61
0.0025883,61
0.0025884,61
0.0025885,61
0.0025886,61
0.0025887,61
0.0025888,61
0.0025889,61
0.002589,61
0.0025891,61
0.0025892,61
0.0025893,61
0.0025894,61
0.0025895,61
0.0025896,61
0.0025897,61
0.0025898,61
0.0025899,60
0.00259,60
0.0025901,60
0.0025902,60
0.0025903,60
0.0025904,60
0.0025905,60
0.0025906,60
0.0025907,60
0.0025908,60
0.0025909,59
0.002591,59
0.0025911,59
0.0025912,59
0.0025913,59
0.0025914,59
0.0025915,59
0.0025916,59
0.0025917,59
0.0025918,59
0.0025919,59
0.002592,59
0.0025921,59
0.0025922,59
0.0025923,59
0.0025924,59
0.0025925,59
0.0025926,59
0.0025927,59
0.0025928,58
0.0025929,58
0.002593,58
0.0025931,58
0.0025932,58
0.0025933,58
0.0025934,58
0.0025935,58
0.0025936,58
0.0025937,58
0.0025938,57
0.0025939,57
0.002594,57
0.0025941,57
0.0025942,57
0.0025943,57
0.0025944,57
0.0025945,57
0.0025946,57
0.0025947,57
0.0025948,57
0.0025949,57
0.002595,57
0.0025951,57
0.0025952,57
0.0025953,57
0.0025954,57
0.0025955,57
0.0025956,57
0.0025957,57
0.0025958,56
0.0025959,56
0.002596,56
0.0025961,56
0.0025962,56
0.0025963,56
0.0025964,56
0.0025965,56
0.0025966,56
0.0025967,56
0.0025968,56
0.0025969,56
0.002597,56
0.0025971,56
0.0025972,56
0.0025973,56
0.0025974,56
0.0025975,56
0.0025976,56
0.0025977,55
0.0025978,55
0.0025979,55
0.002598,55
0.0025981,55
0.0025982,55
0.0025983,55
0.0025984,55
0.0025985,55
0.0025986,55
0.0025987,54
0.0025988,54
0.0025989,54
0.002599,54
0.0025991,54
0.0025992,54
0.0025993,54
0.0025994,54
0.0025995,54
0.0025996,54
0.0025997,54
0.0025998,54
0.0025999,54
0.0026,54
0.0026001,54
0.0026002,54
0.0026003,54
0.0026004,54
0.0026005,54
0.0026006,53
0.0026007,53
0.0026008,53
0.0026009,53
0.002601,53
0.0026011,53
0.0026012,53
0.0026013,53
0.0026014,53
0.0026015,53
0.0026016,52
0.0026017,52
0.0026018,52
0.0026019,52
0.002602,52
0.0026021,52
0.0026022,52
0.0026023,52
0.0026024,52
0.0026025,52
0.0026026,52
0.0026027,52
0.0026028,52
0.0026029,52
0.002603,52
0.0026031,52
0.0026032,52
0.0026033,52
0.0026034,52
0.0026035,52
0.0026036,51
0.0026037,51
0.0026038,51
0.0026039,51
0.002604,51
0.0026041,51
0.0026042,51
0.0026043,51
0.0026044,51
0.0026045,50
0.0026046,50
0.0026047,50
0.0026048,50
0.0026049,50
0.002605,50
0.0026051,50
0.0026052,50
0.0026053,50
0.0026054,50
0.0026055,50
0.0026056,50
0.0026057,50
0.0026058,50
0.0026059,50
0.002606,50
0.0026061,50
0.0026062,50
0.0026063,50
0.0026064,50
0.0026065,49
0.0026066,49
0.0026067,49
0.0026068,49
0.0026069,49
0.002607,49
0.0026071,49
0.0026072,49
0.0026073,49
0.0026074,49
0.0026075,49
0.0026076,49
0.0026077,49
0.0026078,49
0.0026079,49
0.002608,49
0.0026081,49
0.0026082,49
0.0026083,49
0.0026084,49
0.0026085,48
0.0026086,48
0.0026087,48
0.0026088,48
0.0026089,48
0.002609,48
0.0026091,48
0.0026092,48
0.0026093,48
0.0026094,47
0.0026095,47
0.0026096,47
0.0026097,47
0.0026098,47
0.0026099,47
0.00261,47
0.0026101,47
0.0026102,47
0.0026103,47
0.0026104,47
0.0026105,47
0.0026106,47
0.0026107,47
0.0026108,47
0.0026109,47
0.002611,47
0.0026111,47
0.0026112,47
0.0026113,47
0.0026114,46
0.0026115,46
0.0026116,46
0.0026117,46
0.0026118,46
0.0026119,46
0.002612,46
0.0026121,46
0.0026122,46
0.0026123,46
0.0026124,46
0.0026125,46
0.0026126,46
0.0026127,46
0.0026128,46
0.0026129,46
0.002613,46
0.0026131,46
0.0026132,46
0.0026133,45
0.0026134,45
0.0026135,45
0.0026136,45
0.0026137,45
0.0026138,45
0.0026139,45
0.002614,45
0.0026141,45
0.0026142,45
0.0026143,44
0.0026144,44
0.0026145,44
0.0026146,44
0.0026147,44
0.0026148,44
0.0026149,44
0.002615,44
0.0026151,44
0.0026152,44
0.0026153,44
0.0026154,44
0.0026155,44
0.0026156,44
0.0026157,44
0.0026158,44
0.0026159,44
0.002616,44
0.0026161,44
0.0026162,44
0.0026163,43
0.0026164,43
0.0026165,43
0.0026166,43
0.0026167,43
0.0026168,43
0.0026169,43
0.002617,43
0.0026171,43
0.0026172,43
0.0026173,43
0.0026174,43
0.0026175,43
0.0026176,43
0.0026177,43
0.0026178,43
0.0026179,43
0.002618,43
0.0026181,43
0.0026182,42
0.0026183,42
0.0026184,42
0.0026185,42
0.0026186,42
0.0026187,42
0.0026188,42
0.0026189,42
0.002619,42
0.0026191,42
0.0026192,42
0.0026193,42
0.0026194,42
0.0026195,42
0.0026196,42
0.0026197,42
0.0026198,42
0.0026199,42
0.00262,42
0.0026201,42
0.0026202,41
0.0026203,41
0.0026204,41
0.0026205,41
0.0026206,41
0.0026207,41
0.0026208,41
0.0026209,41
0.002621,41
0.0026211,40
0.0026212,40
0.0026213,40
0.0026214,40
0.0026215,40
0.0026216,40
0.0026217,40
0.0026218,40
0.0026219,40
0.002622,40
0.0026221,40
0.0026222,40
0.0026223,40
0.0026224,40
0.0026225,40
0.0026226,40
0.0026227,40
0.0026228,40
0.0026229,40
0.002623,40
0.0026231,39
0.0026232,39
0.0026233,39
0.0026234,39
0.0026235,39
0.0026236,39
0.0026237,39
0.0026238,39
0.0026239,39
0.002624,39
0.0026241,39
0.0026242,39
0.0026243,39
0.0026244,39
0.0026245,39
0.0026246,39
0.0026247,39
0.0026248,39
0.0026249,39
0.002625,39
0.0026251,38
0.0026252,38
0.0026253,38
0.0026254,38
0.0026255,38
0.0026256,38
0.0026257,38
0.0026258,38
0.0026259,38
0.002626,38
0.0026261,38
0.0026262,38
0.0026263,38
0.0026264,38
0.0026265,38
0.0026266,38
0.0026267,38
0.0026268,38
0.0026269,38
0.002627,37
0.0026271,37
0.0026272,37
0.0026273,37
0.0026274,37
0.0026275,37
0.0026276,37
0.0026277,37
0.0026278,37
0.0026279,37
0.002628,37
0.0026281,37
0.0026282,37
0.0026283,37
0.0026284,37
0.0026285,37
0.0026286,37
0.0026287,37
0.0026288,37
0.0026289,37
0.002629,36
0.0026291,36
0.0026292,36
0.0026293,36
0.0026294,36
0.0026295,36
0.0026296,36
0.0026297,36
0.0026298,36
0.0026299,35
0.00263,35
0.0026301,35
0.0026302,35
0.0026303,35
0.0026304,35
0.0026305,35
0.0026306,35
0.0026307,35
0.0026308,35
0.0026309,35
0.002631,35
0.0026311,35
0.0026312,35
0.0026313,35
0.0026314,35
0.0026315,35
0.0026316,35
0.0026317,35
0.0026318,35
0.0026319,34
0.002632,34
0.0026321,34
0.0026322,34
0.0026323,34
0.0026324,34
0.0026325,34
0.0026326,34
0.0026327,34
0.0026328,34
0.0026329,34
0.002633,34
0.0026331,34
0.0026332,34
0.0026333,34
0.0026334,34
0.0026335,34
0.0026336,34
0.0026337,34
0.0026338,33
0.0026339,33
0.002634,33
0.0026341,33
0.0026342,33
0.0026343,33
0.0026344,33
0.0026345,33
0.0026346,33
0.0026347,33
0.0026348,33
0.0026349,33
0.002635,33
0.0026351,33
0.0026352,33
0.0026353,33
0.0026354,33
0.0026355,33
0.0026356,33
0.0026357,33
0.0026358,32
0.0026359,32
0.002636,32
0.0026361,32
0.0026362,32
0.0026363,32
0.0026364,32
0.0026365,32
0.0026366,32
0.0026367,32
0.0026368,32
0.0026369,32
0.002637,32
0.0026371,32
0.0026372,32
0.0026373,32
0.0026374,32
0.0026375,32
0.0026376,32
0.0026377,31
0.0026378,31
0.0026379,31
0.002638,31
0.0026381,31
0.0026382,31
0.0026383,31
0.0026384,31
0.0026385,31
0.0026386,31
0.0026387,31
0.0026388,31
0.0026389,31
0.002639,31
0.0026391,31
0.0026392,31
0.0026393,31
0.0026394,31
0.0026395,31
0.0026396,31
0.0026397,30
0.0026398,30
0.0026399,30
0.00264,30
0.0026401,30
0.0026402,30
0.0026403,30
0.0026404,30
0.0026405,30
0.0026406,30
0.0026407,30
0.0026408,30
0.0026409,30
0.002641,30
0.0026411,30
0.0026412,30
0.0026413,30
0.0026414,30
0.0026415,30
0.0026416,30
0.0026417,29
0.0026418,29
0.0026419,29
0.002642,29
0.0026421,29
0.0026422,29
0.0026423,29
0.0026424,29
0.0026425,29
0.0026426,29
0.0026427,29
0.0026428,29
0.0026429,29
0.002643,29
0.0026431,29
0.0026432,29
0.0026433,29
0.0026434,29
0.0026435,29
0.0026436,28
0.0026437,28
0.0026438,28
0.0026439,28
0.002644,28
0.0026441,28
0.0026442,28
0.0026443,28
0.0026444,28
0.0026445,28
0.0026446,28
0.0026447,28
0.0026448,28
0.0026449,28
0.002645,28
0.0026451,28
0.0026452,28
0.0026453,28
0.0026454,28
0.0026455,28
0.0026456,27
0.0026457,27
0.0026458,27
0.0026459,27
0.002646,27
0.0026461,27
0.0026462,27
0.0026463,27
0.0026464,27
0.0026465,27
0.0026466,27
0.0026467,27
0.0026468,27
0.0026469,27
0.002647,27
0.0026471,27
0.0026472,27
0.0026473,27
0.0026474,27
0.0026475,26
0.0026476,26
0.0026477,26
0.0026478,26
0.0026479,26
0.002648,26
0.0026481,26
0.0026482,26
0.0026483,26
0.0026484,26
0.0026485,26
0.0026486,26
0.0026487,26
0.0026488,26
0.0026489,26
0.002649,26
0.0026491,26
0.0026492,26
0.0026493,26
0.0026494,26
0.0026495,26
0.0026496,26
0.0026497,26
0.0026498,26
0.0026499,26
0.00265,26
0.0026501,26
0.0026502,26
0.0026503,26
0.0026504,25
0.0026505,25
0.0026506,25
0.0026507,25
0.0026508,25
0.0026509,25
0.002651,25
0.0026511,25
0.0026512,25
0.0026513,25
0.0026514,25
0.0026515,25
0.0026516,25
0.0026517,25
0.0026518,25
0.0026519,25
0.002652,25
0.0026521,25
0.0026522,25
0.0026523,25
0.0026524,24
0.0026525,24
0.0026526,24
0.0026527,24
0.0026528,24
0.0026529,24
0.002653,24
0.0026531,24
0.0026532,24
0.0026533,24
0.0026534,24
0.0026535,24
0.0026536,24
0.0026537,24
0.0026538,24
0.0026539,24
0.002654,24
0.0026541,24
0.0026542,24
0.0026543,24
0.0026544,23
0.0026545,23
0.0026546,23
0.0026547,23
0.0026548,23
0.0026549,23
0.002655,23
0.0026551,23
0.0026552,23
0.0026553,23
0.0026554,23
0.0026555,23
0.0026556,23
0.0026557,23
0.0026558,23
0.0026559,23
0.002656,23
0.0026561,23
0.0026562,23
0.0026563,22
0.0026564,22
0.0026565,22
0.0026566,22
0.0026567,22
0.0026568,22
0.0026569,22
0.002657,22
0.0026571,22
0.0026572,22
0.0026573,22
0.0026574,22
0.0026575,22
0.0026576,22
0.0026577,22
0.0026578,22
0.0026579,22
0.002658,22
0.0026581,22
0.0026582,22
0.0026583,22
0.0026584,22
0.0026585,22
0.0026586,22
0.0026587,22
0.0026588,22
0.0026589,22
0.002659,22
0.0026591,22
0.0026592,21
0.0026593,21
0.0026594,21
0.0026595,21
0.0026596,21
0.0026597,21
0.0026598,21
0.0026599,21
0.00266,21
0.0026601,21
0.0026602,21
0.0026603,21
0.0026604,21
0.0026605,21
0.0026606,21
0.0026607,21
0.0026608,21
0.0026609,21
0.002661,21
0.0026611,21
0.0026612,20
0.0026613,20
0.0026614,20
0.0026615,20
0.0026616,20
0.0026617,20
0.0026618,20
0.0026619,20
0.002662,20
0.0026621,20
0.0026622,20
0.0026623,20
0.0026624,20
0.0026625,20
0.0026626,20
0.0026627,20
0.0026628,20
0.0026629,20
0.002663,20
0.0026631,19
0.0026632,19
0.0026633,19
0.0026634,19
0.0026635,19
0.0026636,19
0.0026637,19
0.0026638,19
0.0026639,19
0.002664,19
0.0026641,19
0.0026642,19
0.0026643,19
0.0026644,19
0.0026645,19
0.0026646,19
0.0026647,19
0.0026648,19
0.0026649,19
0.002665,19
0.0026651,19
0.0026652,19
0.0026653,19
0.0026654,19
0.0026655,19
0.0026656,19
0.0026657,19
0.0026658,19
0.0026659,19
0.002666,19
0.0026661,18
0.0026662,18
0.0026663,18
0.0026664,18
0.0026665,18
0.0026666,18
0.0026667,18
0.0026668,18
0.0026669,18
0.002667,18
0.0026671,18
0.0026672,18
0.0026673,18
0.0026674,18
0.0026675,18
0.0026676,18
0.0026677,18
0.0026678,18
0.0026679,18
0.002668,17
0.0026681,17
0.0026682,17
0.0026683,17
0.0026684,17
0.0026685,17
0.0026686,17
0.0026687,17
0.0026688,17
0.0026689,17
0.002669,17
0.0026691,17
0.0026692,17
0.0026693,17
0.0026694,17
0.0026695,17
0.0026696,17
0.0026697,17
0.0026698,17
0.0026699,17
0.00267,17
0.0026701,17
0.0026702,17
0.0026703,17
0.0026704,17
0.0026705,17
0.0026706,17
0.0026707,17
0.0026708,17
0.0026709,17
0.002671,16
0.0026711,16
0.0026712,16
0.0026713,16
0.0026714,16
0.0026715,16
0.0026716,16
0.0026717,16
0.0026718,16
0.0026719,16
0.002672,16
0.0026721,16
0.0026722,16
0.0026723,16
0.0026724,16
0.0026725,16
0.0026726,16
0.0026727,16
0.0026728,16
0.0026729,16
0.002673,16
0.0026731,16
0.0026732,16
0.0026733,16
0.0026734,16
0.0026735,16
0.0026736,16
0.0026737,16
0.0026738,16
0.0026739,15
0.002674,15
0.0026741,15
0.0026742,15
0.0026743,15
0.0026744,15
0.0026745,15
0.0026746,15
0.0026747,15
0.0026748,15
0.0026749,15
0.002675,15
0.0026751,15
0.0026752,15
0.0026753,15
0.0026754,15
0.0026755,15
0.0026756,15
0.0026757,15
0.0026758,15
0.0026759,15
0.002676,15
0.0026761,15
0.0026762,15
0.0026763,15
0.0026764,15
0.0026765,15
0.0026766,15
0.0026767,15
0.0026768,14
0.0026769,14
0.002677,14
0.0026771,14
0.0026772,14
0.0026773,14
0.0026774,14
0.0026775,14
0.0026776,14
0.0026777,14
0.0026778,14
0.0026779,14
0.002678,14
0.0026781,14
0.0026782,14
0.0026783,14
0.0026784,14
0.0026785,14
0.0026786,14
0.0026787,14
0.0026788,14
0.0026789,14
0.002679,14
0.0026791,14
0.0026792,14
0.0026793,14
0.0026794,14
0.0026795,14
0.0026796,14
0.0026797,13
0.0026798,13
0.0026799,13
0.00268,13
0.0026801,13
0.0026802,13
0.0026803,13
0.0026804,13
0.0026805,13
0.0026806,13
0.0026807,13
0.0026808,13
0.0026809,13
0.002681,13
0.0026811,13
0.0026812,13
0.0026813,13
0.0026814,13
0.0026815,13
0.0026816,13
0.0026817,13
0.0026818,13
0.0026819,13
0.002682,13
0.0026821,13
0.0026822,13
0.0026823,13
0.0026824,13
0.0026825,13
0.0026826,13
0.0026827,12
0.0026828,12
0.0026829,12
0.002683,12
0.0026831,12
0.0026832,12
0.0026833,12
0.0026834,12
0.0026835,12
0.0026836,12
0.0026837,12
0.0026838,12
0.0026839,12
0.002684,12
0.0026841,12
0.0026842,12
0.0026843,12
0.0026844,12
0.0026845,12
0.0026846,12
0.0026847,12
0.0026848,12
0.0026849,12
0.002685,12
0.0026851,12
0.0026852,12
0.0026853,12
0.0026854,12
0.0026855,12
0.0026856,11
0.0026857,11
0.0026858,11
0.0026859,11
0.002686,11
0.0026861,11
0.0026862,11
0.0026863,11
0.0026864,11
0.0026865,11
0.0026866,11
0.0026867,11
0.0026868,11
0.0026869,11
0.002687,11
0.0026871,11
0.0026872,11
0.0026873,11
0.0026874,11
0.0026875,11
0.0026876,11
0.0026877,11
0.0026878,11
0.0026879,11
0.002688,11
0.0026881,11
0.0026882,11
0.0026883,11
0.0026884,11
0.0026885,10
0.0026886,10
0.0026887,10
0.0026888,10
0.0026889,10
0.002689,10
0.0026891,10
0.0026892,10
0.0026893,10
0.0026894,10
0.0026895,10
0.0026896,10
0.0026897,10
0.0026898,10
0.0026899,10
0.00269,10
0.0026901,10
0.0026902,10
0.0026903,10
0.0026904,10
0.0026905,10
0.0026906,10
0.0026907,10
0.0026908,10
0.0026909,10
0.002691,10
0.0026911,10
0.0026912,10
0.0026913,10
0.0026914,10
0.0026915,10
0.0026916,10
0.0026917,10
0.0026918,10
0.0026919,10
0.002692,10
0.0026921,10
0.0026922,10
0.0026923,10
0.0026924,9
0.0026925,9
0.0026926,9
0.0026927,9
0.0026928,9
0.0026929,9
0.002693,9
0.0026931,9
0.0026932,9
0.0026933,9
0.0026934,9
0.0026935,9
0.0026936,9
0.0026937,9
0.0026938,9
0.0026939,9
0.002694,9
0.0026941,9
0.0026942,9
0.0026943,9
0.0026944,9
0.0026945,9
0.0026946,9
0.0026947,9
0.0026948,9
0.0026949,9
0.002695,9
0.0026951,9
0.0026952,9
0.0026953,9
0.0026954,8
0.0026955,8
0.0026956,8
0.0026957,8
0.0026958,8
0.0026959,8
0.002696,8
0.0026961,8
0.0026962,8
0.0026963,8
0.0026964,8
0.0026965,8
0.0026966,8
0.0026967,8
0.0026968,8
0.0026969,8
0.002697,8
0.0026971,8
0.0026972,8
0.0026973,8
0.0026974,8
0.0026975,8
0.0026976,8
0.0026977,8
0.0026978,8
0.0026979,8
0.002698,8
0.0026981,8
0.0026982,8
0.0026983,8
0.0026984,8
0.0026985,8
0.0026986,8
0.0026987,8
0.0026988,8
0.0026989,8
0.002699,8
0.0026991,8
0.0026992,8
0.0026993,7
0.0026994,7
0.0026995,7
0.0026996,7
0.0026997,7
0.0026998,7
0.0026999,7
0.0027,7
0.0027001,7
0.0027002,7
0.0027003,7
0.0027004,7
0.0027005,7
0.0027006,7
0.0027007,7
0.0027008,7
0.0027009,7
0.002701,7
0.0027011,7
0.0027012,7
0.0027013,7
0.0027014,7
0.0027015,7
0.0027016,7
0.0027017,7
0.0027018,7
0.0027019,7
0.002702,7
0.0027021,7
0.0027022,7
0.0027023,7
0.0027024,7
0.0027025,7
0.0027026,7
0.0027027,7
0.0027028,7
0.0027029,7
0.002703,7
0.0027031,7
0.0027032,6
0.0027033,6
0.0027034,6
0.0027035,6
0.0027036,6
0.0027037,6
0.0027038,6
0.0027039,6
0.002704,6
0.0027041,6
0.0027042,6
0.0027043,6
0.0027044,6
0.0027045,6
0.0027046,6
0.0027047,6
0.0027048,6
0.0027049,6
0.002705,6
0.0027051,6
0.0027052,6
0.0027053,6
0.0027054,6
0.0027055,6
0.0027056,6
0.0027057,6
0.0027058,6
0.0027059,6
0.002706,6
0.0027061,6
0.0027062,6
0.0027063,6
0.0027064,6
0.0027065,6
0.0027066,6
0.0027067,6
0.0027068,6
0.0027069,6
0.002707,6
0.0027071,6
0.0027072,6
0.0027073,6
0.0027074,6
0.0027075,6
0.0027076,6
0.0027077,6
0.0027078,6
0.0027079,6
0.002708,6
0.0027081,5
0.0027082,5
0.0027083,5
0.0027084,5
0.0027085,5
0.0027086,5
0.0027087,5
0.0027088,5
0.0027089,5
0.002709,5
0.0027091,5
0.0027092,5
0.0027093,5
0.0027094,5
0.0027095,5
0.0027096,5
0.0027097,5
0.0027098,5
0.0027099,5
0.00271,5
0.0027101,5
0.0027102,5
0.0027103,5
0.0027104,5
0.0027105,5
0.0027106,5
0.0027107,5
0.0027108,5
0.0027109,5
0.002711,5
0.0027111,5
0.0027112,5
0.0027113,5
0.0027114,5
0.0027115,5
0.0027116,5
0.0027117,5
0.0027118,5
0.0027119,5
0.002712,5
0.0027121,5
0.0027122,5
0.0027123,5
0.0027124,5
0.0027125,5
0.0027126,5
0.0027127,5
0.0027128,5
0.0027129,4
0.002713,4
0.0027131,4
0.0027132,4
0.0027133,4
0.0027134,4
0.0027135,4
0.0027136,4
0.0027137,4
0.0027138,4
0.0027139,4
0.002714,4
0.0027141,4
0.0027142,4
0.0027143,4
0.0027144,4
0.0027145,4
0.0027146,4
0.0027147,4
0.0027148,4
0.0027149,4
0.002715,4
0.0027151,4
0.0027152,4
0.0027153,4
0.0027154,4
0.0027155,4
0.0027156,4
0.0027157,4
0.0027158,4
0.0027159,4
0.002716,4
0.0027161,4
0.0027162,4
0.0027163,4
0.0027164,4
0.0027165,4
0.0027166,4
0.0027167,4
0.0027168,4
0.0027169,4
0.002717,4
0.0027171,4
0.0027172,4
0.0027173,4
0.0027174,4
0.0027175,4
0.0027176,4
0.0027177,4
0.0027178,4
0.0027179,4
0.002718,4
0.0027181,4
0.0027182,4
0.0027183,4
0.0027184,4
0.0027185,4
0.0027186,4
0.0027187,4
0.0027188,3
0.0027189,3
0.002719,3
0.0027191,3
0.0027192,3
0.0027193,3
0.0027194,3
0.0027195,3
0.0027196,3
0.0027197,3
0.0027198,3
0.0027199,3
0.00272,3
0.0027201,3
0.0027202,3
0.0027203,3
0.0027204,3
0.0027205,3
0.0027206,3
0.0027207,3
0.0027208,3
0.0027209,3
0.002721,3
0.0027211,3
0.0027212,3
0.0027213,3
0.0027214,3
0.0027215,3
0.0027216,3
0.0027217,3
0.0027218,3
0.0027219,3
0.002722,3
0.0027221,3
0.0027222,3
0.0027223,3
0.0027224,3
0.0027225,3
0.0027226,3
0.0027227,3
0.0027228,3
0.0027229,3
0.002723,3
0.0027231,3
0.0027232,3
0.0027233,3
0.0027234,3
0.0027235,3
0.0027236,3
0.0027237,3
0.0027238,3
0.0027239,3
0.002724,3
0.0027241,3
0.0027242,3
0.0027243,3
0.0027244,3
0.0027245,3
0.0027246,3
0.0027247,3
0.0027248,3
0.0027249,3
0.002725,3
0.0027251,3
0.0027252,3
0.0027253,3
0.0027254,3
0.0027255,3
0.0027256,2
0.0027257,2
0.0027258,2
0.0027259,2
0.002726,2
0.0027261,2
0.0027262,2
0.0027263,2
0.0027264,2
0.0027265,2
0.0027266,2
0.0027267,2
0.0027268,2
0.0027269,2
0.002727,2
0.0027271,2
0.0027272,2
0.0027273,2
0.0027274,2
0.0027275,2
0.0027276,2
0.0027277,2
0.0027278,2
0.0027279,2
0.002728,2
0.0027281,2
0.0027282,2
0.0027283,2
0.0027284,2
0.0027285,2
0.0027286,2
0.0027287,2
0.0027288,2
0.0027289,2
0.002729,2
0.0027291,2
0.0027292,2
0.0027293,2
0.0027294,2
0.0027295,2
0.0027296,2
0.0027297,2
0.0027298,2
0.0027299,2
0.00273,2
0.0027301,2
0.0027302,2
0.0027303,2
0.0027304,2
0.0027305,2
0.0027306,2
0.0027307,2
0.0027308,2
0.0027309,2
0.002731,2
0.0027311,2
0.0027312,2
0.0027313,2
0.0027314,2
0.0027315,2
0.0027316,2
0.0027317,2
0.0027318,2
0.0027319,2
0.002732,2
0.0027321,2
0.0027322,2
0.0027323,2
0.0027324,2
0.0027325,2
0.0027326,2
0.0027327,2
0.0027328,2
0.0027329,2
0.002733,2
0.0027331,2
0.0027332,2
0.0027333,2
0.0027334,2
0.0027335,2
0.0027336,2
0.0027337,2
0.0027338,2
0.0027339,2
0.002734,2
0.0027341,2
0.0027342,2
0.0027343,2
0.0027344,2
0.0027345,2
0.0027346,2
0.0027347,2
0.0027348,2
0.0027349,2
0.002735,2
0.0027351,2
0.0027352,2
0.0027353,2
0.0027354,2
0.0027355,2
0.0027356,2
0.0027357,2
0.0027358,2
0.0027359,2
0.002736,2
0.0027361,2
0.0027362,2
0.0027363,2
0.0027364,1
0.0027365,1
0.0027366,1
0.0027367,1
0.0027368,1
0.0027369,1
0.002737,1
0.0027371,1
0.0027372,1
0.0027373,1
0.0027374,1
0.0027375,1
0.0027376,1
0.0027377,1
0.0027378,1
0.0027379,1
0.002738,1
0.0027381,1
0.0027382,1
0.0027383,1
0.0027384,1
0.0027385,1
0.0027386,1
0.0027387,1
0.0027388,1
0.0027389,1
0.002739,1
0.0027391,1
0.0027392,1
0.0027393,1
0.0027394,1
0.0027395,1
0.0027396,1
0.0027397,1
0.0027398,1
0.0027399,1
0.00274,1
0.0027401,1
0.0027402,1
0.0027403,1
0.0027404,1
0.0027405,1
0.0027406,1
0.0027407,1
0.0027408,1
0.0027409,1
0.002741,1
0.0027411,1
0.0027412,1
0.0027413,1
0.0027414,1
0.0027415,1
0.0027416,1
0.0027417,1
0.0027418,1
0.0027419,1
0.002742,1
0.0027421,1
0.0027422,1
0.0027423,1
0.0027424,1
0.0027425,1
0.0027426,1
0.0027427,1
0.0027428,1
0.0027429,1
0.002743,1
0.0027431,1
0.0027432,1
0.0027433,1
0.0027434,1
0.0027435,1
0.0027436,1
0.0027437,1
0.0027438,1
0.0027439,1
0.002744,1
0.0027441,1
0.0027442,1
0.0027443,1
0.0027444,1
0.0027445,1
0.0027446,1
0.0027447,1
0.0027448,1
0.0027449,1
0.002745,1
0.0027451,1
0.0027452,1
0.0027453,1
0.0027454,1
0.0027455,1
0.0027456,1
0.0027457,1
0.0027458,1
0.0027459,1
0.002746,1
0.0027461,1
0.0027462,1
0.0027463,1
0.0027464,1
0.0027465,1
0.0027466,1
0.0027467,1
0.0027468,1
0.0027469,1
0.002747,1
0.0027471,1
0.0027472,1
0.0027473,1
0.0027474,1
0.0027475,1
0.0027476,1
0.0027477,1
0.0027478,1
0.0027479,1
0.002748,1
0.0027481,1
0.0027482,1
0.0027483,1
0.0027484,1
0.0027485,1
0.0027486,1
0.0027487,1
0.0027488,1
0.0027489,1
0.002749,1
0.0027491,1
0.0027492,1
0.0027493,1
0.0027494,1
0.0027495,1
0.0027496,1
0.0027497,1
0.0027498,1
0.0027499,1
0.00275,1
0.0027501,1
0.0027502,1
0.0027503,1
0.0027504,1
0.0027505,1
0.0027506,1
0.0027507,1
0.0027508,1
0.0027509,1
0.002751,1
0.0027511,1
0.0027512,1
0.0027513,1
0.0027514,1
0.0027515,1
0.0027516,1
0.0027517,1
0.0027518,1
0.0027519,1
0.002752,1
0.0027521,1
0.0027522,1
0.0027523,1
0.0027524,1
0.0027525,1
0.0027526,1
0.0027527,1
0.0027528,1
0.0027529,1
0.002753,1
0.0027531,1
0.0027532,1
0.0027533,1
0.0027534,1
0.0027535,1
0.0027536,1
0.0027537,1
0.0027538,1
0.0027539,1
0.002754,1
0.0027541,1
0.0027542,1
0.0027543,1
0.0027544,1
0.0027545,1
0.0027546,1
0.0027547,1
0.0027548,1
0.0027549,1
0.002755,1
0.0027551,1
0.0027552,1
0.0027553,1
0.0027554,1
0.0027555,1
0.0027556,1
0.0027557,1
0.0027558,1
0.0027559,1
0.002756,1
0.0027561,1
0.0027562,1
0.0027563,1
0.0027564,1
0.0027565,1
0.0027566,1
0.0027567,1
0.0027568,1
0.0027569,1
0.002757,1
0.0027571,1
0.0027572,1
0.0027573,1
0.0027574,1
0.0027575,1
0.0027576,1
0.0027577,1
0.0027578,1
0.0027579,1
0.002758,1
0.0027581,1
0.0027582,1
0.0027583,1
0.0027584,1
0.0027585,1
0.0027586,1
0.0027587,1
0.0027588,1
0.0027589,1
0.002759,1
0.0027591,1
0.0027592,1
0.0027593,1
0.0027594,1
0.0027595,1
0.0027596,1
0.0027597,1
0.0027598,1
0.0027599,1
0.00276,1
0.0027601,1
0.0027602,1
0.0027603,1
0.0027604,1
0.0027605,1
0.0027606,1
0.0027607,1
0.0027608,1
0.0027609,1
0.002761,1
0.0027611,1
0.0027612,1
0.0027613,1
0.0027614,1
0.0027615,1
0.0027616,1
0.0027617,1
0.0027618,1
0.0027619,1
0.002762,1
0.0027621,1
0.0027622,1
0.0027623,1
0.0027624,1
0.0027625,1
0.0027626,1
0.0027627,1
0.0027628,1
0.0027629,1
0.002763,1
0.0027631,1
0.0027632,1
0.0027633,1
0.0027634,1
0.0027635,1
0.0027636,1
0.0027637,1
0.0027638,1
0.0027639,1
0.002764,1
0.0027641,1
0.0027642,1
0.0027643,1
0.0027644,1
0.0027645,1
0.0027646,1
0.0027647,2
0.0027648,2
0.0027649,2
0.002765,2
0.0027651,2
0.0027652,2
0.0027653,2
0.0027654,2
0.0027655,2
0.0027656,2
0.0027657,2
0.0027658,2
0.0027659,2
0.002766,2
0.0027661,2
0.0027662,2
0.0027663,2
0.0027664,2
0.0027665,2
0.0027666,2
0.0027667,2
0.0027668,2
0.0027669,2
0.002767,2
0.0027671,2
0.0027672,2
0.0027673,2
0.0027674,2
0.0027675,2
0.0027676,2
0.0027677,2
0.0027678,2
0.0027679,2
0.002768,2
0.0027681,2
0.0027682,2
0.0027683,2
0.0027684,2
0.0027685,2
0.0027686,2
0.0027687,2
0.0027688,2
0.0027689,2
0.002769,2
0.0027691,2
0.0027692,2
0.0027693,2
0.0027694,2
0.0027695,2
0.0027696,2
0.0027697,2
0.0027698,2
0.0027699,2
0.00277,2
0.0027701,2
0.0027702,2
0.0027703,2
0.0027704,2
0.0027705,2
0.0027706,2
0.0027707,2
0.0027708,2
0.0027709,2
0.002771,2
0.0027711,2
0.0027712,2
0.0027713,2
0.0027714,2
0.0027715,2
0.0027716,2
0.0027717,2
0.0027718,2
0.0027719,2
0.002772,2
0.0027721,2
0.0027722,2
0.0027723,2
0.0027724,2
0.0027725,2
0.0027726,2
0.0027727,2
0.0027728,2
0.0027729,2
0.002773,2
0.0027731,2
0.0027732,2
0.0027733,2
0.0027734,2
0.0027735,2
0.0027736,2
0.0027737,2
0.0027738,2
0.0027739,2
0.002774,2
0.0027741,2
0.0027742,2
0.0027743,2
0.0027744,2
0.0027745,2
0.0027746,2
0.0027747,2
0.0027748,2
0.0027749,2
0.002775,2
0.0027751,2
0.0027752,2
0.0027753,2
0.0027754,3
0.0027755,3
0.0027756,3
0.0027757,3
0.0027758,3
0.0027759,3
0.002776,3
0.0027761,3
0.0027762,3
0.0027763,3
0.0027764,3
0.0027765,3
0.0027766,3
0.0027767,3
0.0027768,3
0.0027769,3
0.002777,3
0.0027771,3
0.0027772,3
0.0027773,3
0.0027774,3
0.0027775,3
0.0027776,3
0.0027777,3
0.0027778,3
0.0027779,3
0.002778,3
0.0027781,3
0.0027782,3
0.0027783,3
0.0027784,3
0.0027785,3
0.0027786,3
0.0027787,3
0.0027788,3
0.0027789,3
0.002779,3
0.0027791,3
0.0027792,3
0.0027793,3
0.0027794,3
0.0027795,3
0.0027796,3
0.0027797,3
0.0027798,3
0.0027799,3
0.00278,3
0.0027801,3
0.0027802,3
0.0027803,3
0.0027804,3
0.0027805,3
0.0027806,3
0.0027807,3
0.0027808,3
0.0027809,3
0.002781,3
0.0027811,3
0.0027812,3
0.0027813,3
0.0027814,3
0.0027815,3
0.0027816,3
0.0027817,3
0.0027818,3
0.0027819,3
0.002782,3
0.0027821,3
0.0027822,3
0.0027823,4
0.0027824,4
0.0027825,4
0.0027826,4
0.0027827,4
0.0027828,4
0.0027829,4
0.002783,4
0.0027831,4
0.0027832,4
0.0027833,4
0.0027834,4
0.0027835,4
0.0027836,4
0.0027837,4
0.0027838,4
0.0027839,4
0.002784,4
0.0027841,4
0.0027842,4
0.0027843,4
0.0027844,4
0.0027845,4
0.0027846,4
0.0027847,4
0.0027848,4
0.0027849,4
0.002785,4
0.0027851,4
0.0027852,4
0.0027853,4
0.0027854,4
0.0027855,4
0.0027856,4
0.0027857,4
0.0027858,4
0.0027859,4
0.002786,4
0.0027861,4
0.0027862,4
0.0027863,4
0.0027864,4
0.0027865,4
0.0027866,4
0.0027867,4
0.0027868,4
0.0027869,4
0.002787,4
0.0027871,4
0.0027872,4
0.0027873,4
0.0027874,4
0.0027875,4
0.0027876,4
0.0027877,4
0.0027878,4
0.0027879,4
0.002788,4
0.0027881,5
0.0027882,5
0.0027883,5
0.0027884,5
0.0027885,5
0.0027886,5
0.0027887,5
0.0027888,5
0.0027889,5
0.002789,5
0.0027891,5
0.0027892,5
0.0027893,5
0.0027894,5
0.0027895,5
0.0027896,5
0.0027897,5
0.0027898,5
0.0027899,5
0.00279,5
0.0027901,5
0.0027902,5
0.0027903,5
0.0027904,5
0.0027905,5
0.0027906,5
0.0027907,5
0.0027908,5
0.0027909,5
0.002791,5
0.0027911,5
0.0027912,5
0.0027913,5
0.0027914,5
0.0027915,5
0.0027916,5
0.0027917,5
0.0027918,5
0.0027919,5
0.002792,5
0.0027921,5
0.0027922,5
0.0027923,5
0.0027924,5
0.0027925,5
0.0027926,5
0.0027927,5
0.0027928,5
0.0027929,5
0.002793,6
0.0027931,6
0.0027932,6
0.0027933,6
0.0027934,6
0.0027935,6
0.0027936,6
0.0027937,6
0.0027938,6
0.0027939,6
0.002794,6
0.0027941,6
0.0027942,6
0.0027943,6
0.0027944,6
0.0027945,6
0.0027946,6
0.0027947,6
0.0027948,6
0.0027949,6
0.002795,6
0.0027951,6
0.0027952,6
0.0027953,6
0.0027954,6
0.0027955,6
0.0027956,6
0.0027957,6
0.0027958,6
0.0027959,6
0.002796,6
0.0027961,6
0.0027962,6
0.0027963,6
0.0027964,6
0.0027965,6
0.0027966,6
0.0027967,6
0.0027968,6
0.0027969,6
0.002797,6
0.0027971,6
0.0027972,6
0.0027973,6
0.0027974,6
0.0027975,6
0.0027976,6
0.0027977,6
0.0027978,6
0.0027979,7
0.002798,7
0.0027981,7
0.0027982,7
0.0027983,7
0.0027984,7
0.0027985,7
0.0027986,7
0.0027987,7
0.0027988,7
0.0027989,7
0.002799,7
0.0027991,7
0.0027992,7
0.0027993,7
0.0027994,7
0.0027995,7
0.0027996,7
0.0027997,7
0.0027998,7
0.0027999,7
0.0028,7
0.0028001,7
0.0028002,7
0.0028003,7
0.0028004,7
0.0028005,7
0.0028006,7
0.0028007,7
0.0028008,7
0.0028009,7
0.002801,7
0.0028011,7
0.0028012,7
0.0028013,7
0.0028014,7
0.0028015,7
0.0028016,7
0.0028017,7
0.0028018,8
0.0028019,8
0.002802,8
0.0028021,8
0.0028022,8
0.0028023,8
0.0028024,8
0.0028025,8
0.0028026,8
0.0028027,8
0.0028028,8
0.0028029,8
0.002803,8
0.0028031,8
0.0028032,8
0.0028033,8
0.0028034,8
0.0028035,8
0.0028036,8
0.0028037,8
0.0028038,8
0.0028039,8
0.002804,8
0.0028041,8
0.0028042,8
0.0028043,8
0.0028044,8
0.0028045,8
0.0028046,8
0.0028047,8
0.0028048,8
0.0028049,8
0.002805,8
0.0028051,8
0.0028052,8
0.0028053,8
0.0028054,8
0.0028055,8
0.0028056,8
0.0028057,9
0.0028058,9
0.0028059,9
0.002806,9
0.0028061,9
0.0028062,9
0.0028063,9
0.0028064,9
0.0028065,9
0.0028066,9
0.0028067,9
0.0028068,9
0.0028069,9
0.002807,9
0.0028071,9
0.0028072,9
0.0028073,9
0.0028074,9
0.0028075,9
0.0028076,9
0.0028077,9
0.0028078,9
0.0028079,9
0.002808,9
0.0028081,9
0.0028082,9
0.0028083,9
0.0028084,9
0.0028085,9
0.0028086,10
0.0028087,10
0.0028088,10
0.0028089,10
0.002809,10
0.0028091,10
0.0028092,10
0.0028093,10
0.0028094,10
0.0028095,10
0.0028096,10
0.0028097,10
0.0028098,10
0.0028099,10
0.00281,10
0.0028101,10
0.0028102,10
0.0028103,10
0.0028104,10
0.0028105,10
0.0028106,10
0.0028107,10
0.0028108,10
0.0028109,10
0.002811,10
0.0028111,10
0.0028112,10
0.0028113,10
0.0028114,10
0.0028115,10
0.0028116,10
0.0028117,10
0.0028118,10
0.0028119,10
0.002812,10
0.0028121,10
0.0028122,10
0.0028123,10
0.0028124,10
0.0028125,10
0.0028126,11
0.0028127,11
0.0028128,11
0.0028129,11
0.002813,11
0.0028131,11
0.0028132,11
0.0028133,11
0.0028134,11
0.0028135,11
0.0028136,11
0.0028137,11
0.0028138,11
0.0028139,11
0.002814,11
0.0028141,11
0.0028142,11
0.0028143,11
0.0028144,11
0.0028145,11
0.0028146,11
0.0028147,11
0.0028148,11
0.0028149,11
0.002815,11
0.0028151,11
0.0028152,11
0.0028153,11
0.0028154,11
0.0028155,12
0.0028156,12
0.0028157,12
0.0028158,12
0.0028159,12
0.002816,12
0.0028161,12
0.0028162,12
0.0028163,12
0.0028164,12
0.0028165,12
0.0028166,12
0.0028167,12
0.0028168,12
0.0028169,12
0.002817,12
0.0028171,12
0.0028172,12
0.0028173,12
0.0028174,12
0.0028175,12
0.0028176,12
0.0028177,12
0.0028178,12
0.0028179,12
0.002818,12
0.0028181,12
0.0028182,12
0.0028183,12
0.0028184,13
0.0028185,13
0.0028186,13
0.0028187,13
0.0028188,13
0.0028189,13
0.002819,13
0.0028191,13
0.0028192,13
0.0028193,13
0.0028194,13
0.0028195,13
0.0028196,13
0.0028197,13
0.0028198,13
0.0028199,13
0.00282,13
0.0028201,13
0.0028202,13
0.0028203,13
0.0028204,13
0.0028205,13
0.0028206,13
0.0028207,13
0.0028208,13
0.0028209,13
0.002821,13
0.0028211,13
0.0028212,13
0.0028213,14
0.0028214,14
0.0028215,14
0.0028216,14
0.0028217,14
0.0028218,14
0.0028219,14
0.002822,14
0.0028221,14
0.0028222,14
0.0028223,14
0.0028224,14
0.0028225,14
0.0028226,14
0.0028227,14
0.0028228,14
0.0028229,14
0.002823,14
0.0028231,14
0.0028232,14
0.0028233,14
0.0028234,14
0.0028235,14
0.0028236,14
0.0028237,14
0.0028238,14
0.0028239,14
0.002824,14
0.0028241,14
0.0028242,14
0.0028243,15
0.0028244,15
0.0028245,15
0.0028246,15
0.0028247,15
0.0028248,15
0.0028249,15
0.002825,15
0.0028251,15
0.0028252,15
0.0028253,15
0.0028254,15
0.0028255,15
0.0028256,15
0.0028257,15
0.0028258,15
0.0028259,15
0.002826,15
0.0028261,15
0.0028262,15
0.0028263,15
0.0028264,15
0.0028265,15
0.0028266,15
0.0028267,15
0.0028268,15
0.0028269,15
0.002827,15
0.0028271,15
0.0028272,16
0.0028273,16
0.0028274,16
0.0028275,16
0.0028276,16
0.0028277,16
0.0028278,16
0.0028279,16
0.002828,16
0.0028281,16
0.0028282,16
0.0028283,16
0.0028284,16
0.0028285,16
0.0028286,16
0.0028287,16
0.0028288,16
0.0028289,16
0.002829,16
0.0028291,16
0.0028292,16
0.0028293,16
0.0028294,16
0.0028295,16
0.0028296,16
0.0028297,16
0.0028298,16
0.0028299,16
0.00283,16
0.0028301,17
0.0028302,17
0.0028303,17
0.0028304,17
0.0028305,17
0.0028306,17
0.0028307,17
0.0028308,17
0.0028309,17
0.002831,17
0.0028311,17
0.0028312,17
0.0028313,17
0.0028314,17
0.0028315,17
0.0028316,17
0.0028317,17
0.0028318,17
0.0028319,17
0.002832,17
0.0028321,17
0.0028322,17
0.0028323,17
0.0028324,17
0.0028325,17
0.0028326,17
0.0028327,17
0.0028328,17
0.0028329,17
0.002833,17
0.0028331,18
0.0028332,18
0.0028333,18
0.0028334,18
0.0028335,18
0.0028336,18
0.0028337,18
0.0028338,18
0.0028339,18
0.002834,18
0.0028341,18
0.0028342,18
0.0028343,18
0.0028344,18
0.0028345,18
0.0028346,18
0.0028347,18
0.0028348,18
0.0028349,18
0.002835,19
0.0028351,19
0.0028352,19
0.0028353,19
0.0028354,19
0.0028355,19
0.0028356,19
0.0028357,19
0.0028358,19
0.0028359,19
0.002836,19
0.0028361,19
0.0028362,19
0.0028363,19
0.0028364,19
0.0028365,19
0.0028366,19
0.0028367,19
0.0028368,19
0.0028369,19
0.002837,19
0.0028371,19
0.0028372,19
0.0028373,19
0.0028374,19
0.0028375,19
0.0028376,19
0.0028377,19
0.0028378,19
0.0028379,20
0.002838,20
0.0028381,20
0.0028382,20
0.0028383,20
0.0028384,20
0.0028385,20
0.0028386,20
0.0028387,20
0.0028388,20
0.0028389,20
0.002839,20
0.0028391,20
0.0028392,20
0.0028393,20
0.0028394,20
0.0028395,20
0.0028396,20
0.0028397,20
0.0028398,20
0.0028399,21
0.00284,21
0.0028401,21
0.0028402,21
0.0028403,21
0.0028404,21
0.0028405,21
0.0028406,21
0.0028407,21
0.0028408,21
0.0028409,21
0.002841,21
0.0028411,21
0.0028412,21
0.0028413,21
0.0028414,21
0.0028415,21
0.0028416,21
0.0028417,21
0.0028418,21
0.0028419,22
0.002842,22
0.0028421,22
0.0028422,22
0.0028423,22
0.0028424,22
0.0028425,22
0.0028426,22
0.0028427,22
0.0028428,22
0.0028429,22
0.002843,22
0.0028431,22
0.0028432,22
0.0028433,22
0.0028434,22
0.0028435,22
0.0028436,22
0.0028437,22
0.0028438,22
0.0028439,22
0.002844,22
0.0028441,22
0.0028442,22
0.0028443,22
0.0028444,22
0.0028445,22
0.0028446,22
0.0028447,22
0.0028448,23
0.0028449,23
0.002845,23
0.0028451,23
0.0028452,23
0.0028453,23
0.0028454,23
0.0028455,23
0.0028456,23
0.0028457,23
0.0028458,23
0.0028459,23
0.002846,23
0.0028461,23
0.0028462,23
0.0028463,23
0.0028464,23
0.0028465,23
0.0028466,23
0.0028467,24
0.0028468,24
0.0028469,24
0.002847,24
0.0028471,24
0.0028472,24
0.0028473,24
0.0028474,24
0.0028475,24
0.0028476,24
0.0028477,24
0.0028478,24
0.0028479,24
0.002848,24
0.0028481,24
0.0028482,24
0.0028483,24
0.0028484,24
0.0028485,24
0.0028486,24
0.0028487,25
0.0028488,25
0.0028489,25
0.002849,25
0.0028491,25
0.0028492,25
0.0028493,25
0.0028494,25
0.0028495,25
0.0028496,25
0.0028497,25
0.0028498,25
0.0028499,25
0.00285,25
0.0028501,25
0.0028502,25
0.0028503,25
0.0028504,25
0.0028505,25
0.0028506,26
0.0028507,26
0.0028508,26
0.0028509,26
0.002851,26
0.0028511,26
0.0028512,26
0.0028513,26
0.0028514,26
0.0028515,26
0.0028516,26
0.0028517,26
0.0028518,26
0.0028519,26
0.002852,26
0.0028521,26
0.0028522,26
0.0028523,26
0.0028524,26
0.0028525,26
0.0028526,26
0.0028527,26
0.0028528,26
0.0028529,26
0.002853,26
0.0028531,26
0.0028532,26
0.0028533,26
0.0028534,26
0.0028535,26
0.0028536,27
0.0028537,27
0.0028538,27
0.0028539,27
0.002854,27
0.0028541,27
0.0028542,27
0.0028543,27
0.0028544,27
0.0028545,27
0.0028546,27
0.0028547,27
0.0028548,27
0.0028549,27
0.002855,27
0.0028551,27
0.0028552,27
0.0028553,27
0.0028554,27
0.0028555,28
0.0028556,28
0.0028557,28
0.0028558,28
0.0028559,28
0.002856,28
0.0028561,28
0.0028562,28
0.0028563,28
0.0028564,28
0.0028565,28
0.0028566,28
0.0028567,28
0.0028568,28
0.0028569,28
0.002857,28
0.0028571,28
0.0028572,28
0.0028573,28
0.0028574,28
0.0028575,29
0.0028576,29
0.0028577,29
0.0028578,29
0.0028579,29
0.002858,29
0.0028581,29
0.0028582,29
0.0028583,29
0.0028584,29
0.0028585,29
0.0028586,29
0.0028587,29
0.0028588,29
0.0028589,29
0.002859,29
0.0028591,29
0.0028592,29
0.0028593,29
0.0028594,30
0.0028595,30
0.0028596,30
0.0028597,30
0.0028598,30
0.0028599,30
0.00286,30
0.0028601,30
0.0028602,30
0.0028603,30
0.0028604,30
0.0028605,30
0.0028606,30
0.0028607,30
0.0028608,30
0.0028609,30
0.002861,30
0.0028611,30
0.0028612,30
0.0028613,30
0.0028614,31
0.0028615,31
0.0028616,31
0.0028617,31
0.0028618,31
0.0028619,31
0.002862,31
0.0028621,31
0.0028622,31
0.0028623,31
0.0028624,31
0.0028625,31
0.0028626,31
0.0028627,31
0.0028628,31
0.0028629,31
0.002863,31
0.0028631,31
0.0028632,31
0.0028633,32
0.0028634,32
0.0028635,32
0.0028636,32
0.0028637,32
0.0028638,32
0.0028639,32
0.002864,32
0.0028641,32
0.0028642,32
0.0028643,32
0.0028644,32
0.0028645,32
0.0028646,32
0.0028647,32
0.0028648,32
0.0028649,32
0.002865,32
0.0028651,32
0.0028652,32
0.0028653,33
0.0028654,33
0.0028655,33
0.0028656,33
0.0028657,33
0.0028658,33
0.0028659,33
0.002866,33
0.0028661,33
0.0028662,33
0.0028663,33
0.0028664,33
0.0028665,33
0.0028666,33
0.0028667,33
0.0028668,33
0.0028669,33
0.002867,33
0.0028671,33
0.0028672,34
0.0028673,34
0.0028674,34
0.0028675,34
0.0028676,34
0.0028677,34
0.0028678,34
0.0028679,34
0.002868,34
0.0028681,34
0.0028682,34
0.0028683,34
0.0028684,34
0.0028685,34
0.0028686,34
0.0028687,34
0.0028688,34
0.0028689,34
0.002869,34
0.0028691,34
0.0028692,35
0.0028693,35
0.0028694,35
0.0028695,35
0.0028696,35
0.0028697,35
0.0028698,35
0.0028699,35
0.00287,35
0.0028701,35
0.0028702,35
0.0028703,35
0.0028704,35
0.0028705,35
0.0028706,35
0.0028707,35
0.0028708,35
0.0028709,35
0.002871,35
0.0028711,36
0.0028712,36
0.0028713,36
0.0028714,36
0.0028715,36
0.0028716,36
0.0028717,36
0.0028718,36
0.0028719,36
0.002872,36
0.0028721,37
0.0028722,37
0.0028723,37
0.0028724,37
0.0028725,37
0.0028726,37
0.0028727,37
0.0028728,37
0.0028729,37
0.002873,37
0.0028731,37
0.0028732,37
0.0028733,37
0.0028734,37
0.0028735,37
0.0028736,37
0.0028737,37
0.0028738,37
0.0028739,37
0.002874,37
0.0028741,38
0.0028742,38
0.0028743,38
0.0028744,38
0.0028745,38
0.0028746,38
0.0028747,38
0.0028748,38
0.0028749,38
0.002875,38
0.0028751,38
0.0028752,38
0.0028753,38
0.0028754,38
0.0028755,38
0.0028756,38
0.0028757,38
0.0028758,38
0.0028759,38
0.002876,39
0.0028761,39
0.0028762,39
0.0028763,39
0.0028764,39
0.0028765,39
0.0028766,39
0.0028767,39
0.0028768,39
0.0028769,39
0.002877,39
0.0028771,39
0.0028772,39
0.0028773,39
0.0028774,39
0.0028775,39
0.0028776,39
0.0028777,39
0.0028778,39
0.0028779,39
0.002878,40
0.0028781,40
0.0028782,40
0.0028783,40
0.0028784,40
0.0028785,40
0.0028786,40
0.0028787,40
0.0028788,40
0.0028789,40
0.002879,40
0.0028791,40
0.0028792,40
0.0028793,40
0.0028794,40
0.0028795,40
0.0028796,40
0.0028797,40
0.0028798,40
0.0028799,41
0.00288,41
0.0028801,41
0.0028802,41
0.0028803,41
0.0028804,41
0.0028805,41
0.0028806,41
0.0028807,41
0.0028808,41
0.0028809,42
0.002881,42
0.0028811,42
0.0028812,42
0.0028813,42
0.0028814,42
0.0028815,42
0.0028816,42
0.0028817,42
0.0028818,42
0.0028819,42
0.002882,42
0.0028821,42
0.0028822,42
0.0028823,42
0.0028824,42
0.0028825,42
0.0028826,42
0.0028827,42
0.0028828,42
0.0028829,43
0.002883,43
0.0028831,43
0.0028832,43
0.0028833,43
0.0028834,43
0.0028835,43
0.0028836,43
0.0028837,43
0.0028838,43
0.0028839,43
0.002884,43
0.0028841,43
0.0028842,43
0.0028843,43
0.0028844,43
0.0028845,43
0.0028846,43
0.0028847,43
0.0028848,44
0.0028849,44
0.002885,44
0.0028851,44
0.0028852,44
0.0028853,44
0.0028854,44
0.0028855,44
0.0028856,44
0.0028857,44
0.0028858,44
0.0028859,44
0.002886,44
0.0028861,44
0.0028862,44
0.0028863,44
0.0028864,44
0.0028865,44
0.0028866,44
0.0028867,44
0.0028868,45
0.0028869,45
0.002887,45
0.0028871,45
0.0028872,45
0.0028873,45
0.0028874,45
0.0028875,45
0.0028876,45
0.0028877,45
0.0028878,46
0.0028879,46
0.002888,46
0.0028881,46
0.0028882,46
0.0028883,46
0.0028884,46
0.0028885,46
0.0028886,46
0.0028887,46
0.0028888,46
0.0028889,46
0.002889,46
0.0028891,46
0.0028892,46
0.0028893,46
0.0028894,46
0.0028895,46
0.0028896,46
0.0028897,47
0.0028898,47
0.0028899,47
0.00289,47
0.0028901,47
0.0028902,47
0.0028903,47
0.0028904,47
0.0028905,47
0.0028906,47
0.0028907,47
0.0028908,47
0.0028909,47
0.002891,47
0.0028911,47
0.0028912,47
0.0028913,47
0.0028914,47
0.0028915,47
0.0028916,47
0.0028917,48
0.0028918,48
0.0028919,48
0.002892,48
0.0028921,48
0.0028922,48
0.0028923,48
0.0028924,48
0.0028925,48
0.0028926,49
0.0028927,49
0.0028928,49
0.0028929,49
0.002893,49
0.0028931,49
0.0028932,49
0.0028933,49
0.0028934,49
0.0028935,49
0.0028936,49
0.0028937,49
0.0028938,49
0.0028939,49
0.002894,49
0.0028941,49
0.0028942,49
0.0028943,49
0.0028944,49
0.0028945,49
0.0028946,50
0.0028947,50
0.0028948,50
0.0028949,50
0.002895,50
0.0028951,50
0.0028952,50
0.0028953,50
0.0028954,50
0.0028955,50
0.0028956,50
0.0028957,50
0.0028958,50
0.0028959,50
0.002896,50
0.0028961,50
0.0028962,50
0.0028963,50
0.0028964,50
0.0028965,51
0.0028966,51
0.0028967,51
0.0028968,51
0.0028969,51
0.002897,51
0.0028971,51
0.0028972,51
0.0028973,51
0.0028974,51
0.0028975,52
0.0028976,52
0.0028977,52
0.0028978,52
0.0028979,52
0.002898,52
0.0028981,52
0.0028982,52
0.0028983,52
0.0028984,52
0.0028985,52
0.0028986,52
0.0028987,52
0.0028988,52
0.0028989,52
0.002899,52
0.0028991,52
0.0028992,52
0.0028993,52
0.0028994,52
0.0028995,53
0.0028996,53
0.0028997,53
0.0028998,53
0.0028999,53
0.0029,53
0.0029001,53
0.0029002,53
0.0029003,53
0.0029004,54
0.0029005,54
0.0029006,54
0.0029007,54
0.0029008,54
0.0029009,54
0.002901,54
0.0029011,54
0.0029012,54
0.0029013,54
0.0029014,54
0.0029015,54
0.0029016,54
0.0029017,54
0.0029018,54
0.0029019,54
0.002902,54
0.0029021,54
0.0029022,54
0.0029023,54
0.0029024,55
0.0029025,55
0.0029026,55
0.0029027,55
0.0029028,55
0.0029029,55
0.002903,55
0.0029031,55
0.0029032,55
0.0029033,55
0.0029034,56
0.0029035,56
0.0029036,56
0.0029037,56
0.0029038,56
0.0029039,56
0.002904,56
0.0029041,56
0.0029042,56
0.0029043,56
0.0029044,56
0.0029045,56
0.0029046,56
0.0029047,56
0.0029048,56
0.0029049,56
0.002905,56
0.0029051,56
0.0029052,56
0.0029053,57
0.0029054,57
0.0029055,57
0.0029056,57
0.0029057,57
0.0029058,57
0.0029059,57
0.002906,57
0.0029061,57
0.0029062,57
0.0029063,57
0.0029064,57
0.0029065,57
0.0029066,57
0.0029067,57
0.0029068,57
0.0029069,57
0.002907,57
0.0029071,57
0.0029072,57
0.0029073,58
0.0029074,58
0.0029075,58
0.0029076,58
0.0029077,58
0.0029078,58
0.0029079,58
0.002908,58
0.0029081,58
0.0029082,58
0.0029083,59
0.0029084,59
0.0029085,59
0.0029086,59
0.0029087,59
0.0029088,59
0.0029089,59
0.002909,59
0.0029091,59
0.0029092,59
0.0029093,59
0.0029094,59
0.0029095,59
0.0029096,59
0.0029097,59
0.0029098,59
0.0029099,59
0.00291,59
0.0029101,59
0.0029102,60
0.0029103,60
0.0029104,60
0.0029105,60
0.0029106,60
0.0029107,60
0.0029108,60
0.0029109,60
0.002911,60
0.0029111,60
0.0029112,61
0.0029113,61
0.0029114,61
0.0029115,61
0.0029116,61
0.0029117,61
0.0029118,61
0.0029119,61
0.002912,61
0.0029121,61
0.0029122,61
0.0029123,61
0.0029124,61
0.0029125,61
0.0029126,61
0.0029127,61
0.0029128,61
0.0029129,61
0.002913,61
0.0029131,62
0.0029132,62
0.0029133,62
0.0029134,62
0.0029135,62
0.0029136,62
0.0029137,62
0.0029138,62
0.0029139,62
0.002914,62
0.0029141,63
0.0029142,63
0.0029143,63
0.0029144,63
0.0029145,63
0.0029146,63
0.0029147,63
0.0029148,63
0.0029149,63
0.002915,63
0.0029151,63
0.0029152,63
0.0029153,63
0.0029154,63
0.0029155,63
0.0029156,63
0.0029157,63
0.0029158,63
0.0029159,63
0.002916,63
0.0029161,64
0.0029162,64
0.0029163,64
0.0029164,64
0.0029165,64
0.0029166,64
0.0029167,64
0.0029168,64
0.0029169,64
0.002917,65
0.0029171,65
0.0029172,65
0.0029173,65
0.0029174,65
0.0029175,65
0.0029176,65
0.0029177,65
0.0029178,65
0.0029179,65
0.002918,65
0.0029181,65
0.0029182,65
0.0029183,65
0.0029184,65
0.0029185,65
0.0029186,65
0.0029187,65
0.0029188,65
0.0029189,65
0.002919,66
0.0029191,66
0.0029192,66
0.0029193,66
0.0029194,66
0.0029195,66
0.0029196,66
0.0029197,66
0.0029198,66
0.0029199,66
0.00292,67
0.0029201,67
0.0029202,67
0.0029203,67
0.0029204,67
0.0029205,67
0.0029206,67
0.0029207,67
0.0029208,67
0.0029209,67
0.002921,67
0.0029211,67
0.0029212,67
0.0029213,67
0.0029214,67
0.0029215,67
0.0029216,67
0.0029217,67
0.0029218,67
0.0029219,68
0.002922,68
0.0029221,68
0.0029222,68
0.0029223,68
0.0029224,68
0.0029225,68
0.0029226,68
0.0029227,68
0.0029228,68
0.0029229,69
0.002923,69
0.0029231,69
0.0029232,69
0.0029233,69
0.0029234,69
0.0029235,69
0.0029236,69
0.0029237,69
0.0029238,69
0.0029239,70
0.002924,70
0.0029241,70
0.0029242,70
0.0029243,70
0.0029244,70
0.0029245,70
0.0029246,70
0.0029247,70
0.0029248,70
0.0029249,70
0.002925,70
0.0029251,70
0.0029252,70
0.0029253,70
0.0029254,70
0.0029255,70
0.0029256,70
0.0029257,70
0.0029258,71
0.0029259,71
0.002926,71
0.0029261,71
0.0029262,71
0.0029263,71
0.0029264,71
0.0029265,71
0.0029266,71
0.0029267,71
0.0029268,72
0.0029269,72
0.002927,72
0.0029271,72
0.0029272,72
0.0029273,72
0.0029274,72
0.0029275,72
0.0029276,72
0.0029277,72
0.0029278,72
0.0029279,72
0.002928,72
0.0029281,72
0.0029282,72
0.0029283,72
0.0029284,72
0.0029285,72
0.0029286,72
0.0029287,72
0.0029288,73
0.0029289,73
0.002929,73
0.0029291,73
0.0029292,73
0.0029293,73
0.0029294,73
0.0029295,73
0.0029296,73
0.0029297,74
0.0029298,74
0.0029299,74
0.00293,74
0.0029301,74
0.0029302,74
0.0029303,74
0.0029304,74
0.0029305,74
0.0029306,74
0.0029307,74
0.0029308,74
0.0029309,74
0.002931,74
0.0029311,74
0.0029312,74
0.0029313,74
0.0029314,74
0.0029315,74
0.0029316,74
0.0029317,75
0.0029318,75
0.0029319,75
0.002932,75
0.0029321,75
0.0029322,75
0.0029323,75
0.0029324,75
0.0029325,75
0.0029326,75
0.0029327,76
0.0029328,76
0.0029329,76
0.002933,76
0.0029331,76
0.0029332,76
0.0029333,76
0.0029334,76
0.0029335,76
0.0029336,77
0.0029337,77
0.0029338,77
0.0029339,77
0.002934,77
0.0029341,77
0.0029342,77
0.0029343,77
0.0029344,77
0.0029345,77
0.0029346,77
0.0029347,77
0.0029348,77
0.0029349,77
0.002935,77
0.0029351,77
0.0029352,77
0.0029353,77
0.0029354,77
0.0029355,77
0.0029356,78
0.0029357,78
0.0029358,78
0.0029359,78
0.002936,78
0.0029361,78
0.0029362,78
0.0029363,78
0.0029364,78
0.0029365,78
0.0029366,79
0.0029367,79
0.0029368,79
0.0029369,79
0.002937,79
0.0029371,79
0.0029372,79
0.0029373,79
0.0029374,79
0.0029375,79
0.0029376,79
0.0029377,79
0.0029378,79
0.0029379,79
0.002938,79
0.0029381,79
0.0029382,79
0.0029383,79
0.0029384,79
0.0029385,80
0.0029386,80
0.0029387,80
0.0029388,80
0.0029389,80
0.002939,80
0.0029391,80
0.0029392,80
0.0029393,80
0.0029394,80
0.0029395,81
0.0029396,81
0.0029397,81
0.0029398,81
0.0029399,81
0.00294,81
0.0029401,81
0.0029402,81
0.0029403,81
0.0029404,81
0.0029405,82
0.0029406,82
0.0029407,82
0.0029408,82
0.0029409,82
0.002941,82
0.0029411,82
0.0029412,82
0.0029413,82
0.0029414,82
0.0029415,82
0.0029416,82
0.0029417,82
0.0029418,82
0.0029419,82
0.002942,82
0.0029421,82
0.0029422,82
0.0029423,82
0.0029424,83
0.0029425,83
0.0029426,83
0.0029427,83
0.0029428,83
0.0029429,83
0.002943,83
0.0029431,83
0.0029432,83
0.0029433,83
0.0029434,84
0.0029435,84
0.0029436,84
0.0029437,84
0.0029438,84
0.0029439,84
0.002944,84
0.0029441,84
0.0029442,84
0.0029443,84
0.0029444,84
0.0029445,84
0.0029446,84
0.0029447,84
0.0029448,84
0.0029449,84
0.002945,84
0.0029451,84
0.0029452,84
0.0029453,84
0.0029454,85
0.0029455,85
0.0029456,85
0.0029457,85
0.0029458,85
0.0029459,85
0.002946,85
0.0029461,85
0.0029462,85
0.0029463,86
0.0029464,86
0.0029465,86
0.0029466,86
0.0029467,86
0.0029468,86
0.0029469,86
0.002947,86
0.0029471,86
0.0029472,86
0.0029473,87
0.0029474,87
0.0029475,87
0.0029476,87
0.0029477,87
0.0029478,87
0.0029479,87
0.002948,87
0.0029481,87
0.0029482,87
0.0029483,87
0.0029484,87
0.0029485,87
0.0029486,87
0.0029487,87
0.0029488,87
0.0029489,87
0.002949,87
0.0029491,87
0.0029492,87
0.0029493,88
0.0029494,88
0.0029495,88
0.0029496,88
0.0029497,88
0.0029498,88
0.0029499,88
0.00295,88
0.0029501,88
0.0029502,88
0.0029503,89
0.0029504,89
0.0029505,89
0.0029506,89
0.0029507,89
0.0029508,89
0.0029509,89
0.002951,89
0.0029511,89
0.0029512,90
0.0029513,90
0.0029514,90
0.0029515,90
0.0029516,90
0.0029517,90
0.0029518,90
0.0029519,90
0.002952,90
0.0029521,90
0.0029522,90
0.0029523,90
0.0029524,90
0.0029525,90
0.0029526,90
0.0029527,90
0.0029528,90
0.0029529,90
0.002953,90
0.0029531,90
0.0029532,91
0.0029533,91
0.0029534,91
0.0029535,91
0.0029536,91
0.0029537,91
0.0029538,91
0.0029539,91
0.002954,91
0.0029541,91
0.0029542,92
0.0029543,92
0.0029544,92
0.0029545,92
0.0029546,92
0.0029547,92
0.0029548,92
0.0029549,92
0.002955,92
0.0029551,93
0.0029552,93
0.0029553,93
0.0029554,93
0.0029555,93
0.0029556,93
0.0029557,93
0.0029558,93
0.0029559,93
0.002956,93
0.0029561,93
0.0029562,93
0.0029563,93
0.0029564,93
0.0029565,93
0.0029566,93
0.0029567,93
0.0029568,93
0.0029569,93
0.002957,93
0.0029571,94
0.0029572,94
0.0029573,94
0.0029574,94
0.0029575,94
0.0029576,94
0.0029577,94
0.0029578,94
0.0029579,94
0.002958,94
0.0029581,95
0.0029582,95
0.0029583,95
0.0029584,95
0.0029585,95
0.0029586,95
0.0029587,95
0.0029588,95
0.0029589,95
0.002959,96
0.0029591,96
0.0029592,96
0.0029593,96
0.0029594,96
0.0029595,96
0.0029596,96
0.0029597,96
0.0029598,96
0.0029599,96
0.00296,96
0.0029601,96
0.0029602,96
0.0029603,96
0.0029604,96
0.0029605,96
0.0029606,96
0.0029607,96
0.0029608,96
0.0029609,96
0.002961,97
0.0029611,97
0.0029612,97
0.0029613,97
0.0029614,97
0.0029615,97
0.0029616,97
0.0029617,97
0.0029618,97
0.0029619,97
0.002962,98
0.0029621,98
0.0029622,98
0.0029623,98
0.0029624,98
0.0029625,98
0.0029626,98
0.0029627,98
0.0029628,98
0.0029629,99
0.002963,99
0.0029631,99
0.0029632,99
0.0029633,99
0.0029634,99
0.0029635,99
0.0029636,99
0.0029637,99
0.0029638,99
0.0029639,99
0.002964,99
0.0029641,99
0.0029642,99
0.0029643,99
0.0029644,99
0.0029645,99
0.0029646,99
0.0029647,99
0.0029648,99
0.0029649,100
0.002965,100
0.0029651,100
0.0029652,100
0.0029653,100
0.0029654,100
0.0029655,100
0.0029656,100
0.0029657,100
0.0029658,100
0.0029659,101
0.002966,101
0.0029661,101
0.0029662,101
0.0029663,101
0.0029664,101
0.0029665,101
0.0029666,101
0.0029667,101
0.0029668,101
0.0029669,102
0.002967,102
0.0029671,102
0.0029672,102
0.0029673,102
0.0029674,102
0.0029675,102
0.0029676,102
0.0029677,102
0.0029678,102
0.0029679,102
0.002968,102
0.0029681,102
0.0029682,102
0.0029683,102
0.0029684,102
0.0029685,102
0.0029686,102
0.0029687,102
0.0029688,103
0.0029689,103
0.002969,103
0.0029691,103
0.0029692,103
0.0029693,103
0.0029694,103
0.0029695,103
0.0029696,103
0.0029697,103
0.0029698,104
0.0029699,104
0.00297,104
0.0029701,104
0.0029702,104
0.0029703,104
0.0029704,104
0.0029705,104
0.0029706,104
0.0029707,104
0.0029708,105
0.0029709,105
0.002971,105
0.0029711,105
0.0029712,105
0.0029713,105
0.0029714,105
0.0029715,105
0.0029716,105
0.0029717,106
0.0029718,106
0.0029719,106
0.002972,106
0.0029721,106
0.0029722,106
0.0029723,106
0.0029724,106
0.0029725,106
0.0029726,106
0.0029727,106
0.0029728,106
0.0029729,106
0.002973,106
0.0029731,106
0.0029732,106
0.0029733,106
0.0029734,106
0.0029735,106
0.0029736,106
0.0029737,107
0.0029738,107
0.0029739,107
0.002974,107
0.0029741,107
0.0029742,107
0.0029743,107
0.0029744,107
0.0029745,107
0.0029746,107
0.0029747,108
0.0029748,108
0.0029749,108
0.002975,108
0.0029751,108
0.0029752,108
0.0029753,108
0.0029754,108
0.0029755,108
0.0029756,109
0.0029757,109
0.0029758,109
0.0029759,109
0.002976,109
0.0029761,109
0.0029762,109
0.0029763,109
0.0029764,109
0.0029765,109
0.0029766,109
0.0029767,109
0.0029768,109
0.0029769,109
0.002977,109
0.0029771,109
0.0029772,109
0.0029773,109
0.0029774,109
0.0029775,109
0.0029776,110
0.0029777,110
0.0029778,110
0.0029779,110
0.002978,110
0.0029781,110
0.0029782,110
0.0029783,110
0.0029784,110
0.0029785,110
0.0029786,111
0.0029787,111
0.0029788,111
0.0029789,111
0.002979,111
0.0029791,111
0.0029792,111
0.0029793,111
0.0029794,111
0.0029795,112
0.0029796,112
0.0029797,112
0.0029798,112
0.0029799,112
0.00298,112
0.0029801,112
0.0029802,112
0.0029803,112
0.0029804,112
0.0029805,112
0.0029806,112
0.0029807,112
0.0029808,112
0.0029809,112
0.002981,112
0.0029811,112
0.0029812,112
0.0029813,112
0.0029814,112
0.0029815,113
0.0029816,113
0.0029817,113
0.0029818,113
0.0029819,113
0.002982,113
0.0029821,113
0.0029822,113
0.0029823,113
0.0029824,113
0.0029825,114
0.0029826,114
0.0029827,114
0.0029828,114
0.0029829,114
0.002983,114
0.0029831,114
0.0029832,114
0.0029833,114
0.0029834,114
0.0029835,115
0.0029836,115
0.0029837,115
0.0029838,115
0.0029839,115
0.002984,115
0.0029841,115
0.0029842,115
0.0029843,115
0.0029844,116
0.0029845,116
0.0029846,116
0.0029847,116
0.0029848,116
0.0029849,116
0.002985,116
0.0029851,116
0.0029852,116
0.0029853,116
0.0029854,116
0.0029855,116
0.0029856,116
0.0029857,116
0.0029858,116
0.0029859,116
0.002986,116
0.0029861,116
0.0029862,116
0.0029863,116
0.0029864,117
0.0029865,117
0.0029866,117
0.0029867,117
0.0029868,117
0.0029869,117
0.002987,117
0.0029871,117
0.0029872,117
0.0029873,117
0.0029874,118
0.0029875,118
0.0029876,118
0.0029877,118
0.0029878,118
0.0029879,118
0.002988,118
0.0029881,118
0.0029882,118
0.0029883,119
0.0029884,119
0.0029885,119
0.0029886,119
0.0029887,119
0.0029888,119
0.0029889,119
0.002989,119
0.0029891,119
0.0029892,119
0.0029893,119
0.0029894,119
0.0029895,119
0.0029896,119
0.0029897,119
0.0029898,119
0.0029899,119
0.00299,119
0.0029901,119
0.0029902,119
0.0029903,120
0.0029904,120
0.0029905,120
0.0029906,120
0.0029907,120
0.0029908,120
0.0029909,120
0.002991,120
0.0029911,120
0.0029912,120
0.0029913,121
0.0029914,121
0.0029915,121
0.0029916,121
0.0029917,121
0.0029918,121
0.0029919,121
0.002992,121
0.0029921,121
0.0029922,122
0.0029923,122
0.0029924,122
0.0029925,122
0.0029926,122
0.0029927,122
0.0029928,122
0.0029929,122
0.002993,122
0.0029931,122
0.0029932,123
0.0029933,123
0.0029934,123
0.0029935,123
0.0029936,123
0.0029937,123
0.0029938,123
0.0029939,123
0.002994,123
0.0029941,123
0.0029942,123
0.0029943,123
0.0029944,123
0.0029945,123
0.0029946,123
0.0029947,123
0.0029948,123
0.0029949,123
0.002995,123
0.0029951,123
0.0029952,124
0.0029953,124
0.0029954,124
0.0029955,124
0.0029956,124
0.0029957,124
0.0029958,124
0.0029959,124
0.002996,124
0.0029961,125
0.0029962,125
0.0029963,125
0.0029964,125
0.0029965,125
0.0029966,125
0.0029967,125
0.0029968,125
0.0029969,125
0.002997,125
0.0029971,126
0.0029972,126
0.0029973,126
0.0029974,126
0.0029975,126
0.0029976,126
0.0029977,126
0.0029978,126
0.0029979,126
0.002998,126
0.0029981,126
0.0029982,126
0.0029983,126
0.0029984,126
0.0029985,126
0.0029986,126
0.0029987,126
0.0029988,126
0.0029989,126
0.002999,126
0.0029991,127
0.0029992,127
0.0029993,127
0.0029994,127
0.0029995,127
0.0029996,127
0.0029997,127
0.0029998,127
0.0029999,127
0.003,127
0.0030001,128
0.0030002,128
0.0030003,128
0.0030004,128
0.0030005,128
0.0030006,128
0.0030007,128
0.0030008,128
0.0030009,128
0.003001,129
0.0030011,129
0.0030012,129
0.0030013,129
0.0030014,129
0.0030015,129
0.0030016,129
0.0030017,129
0.0030018,129
0.0030019,129
0.003002,130
0.0030021,130
0.0030022,130
0.0030023,130
0.0030024,130
0.0030025,130
0.0030026,130
0.0030027,130
0.0030028,130
0.0030029,130
0.003003,130
0.0030031,130
0.0030032,130
0.0030033,130
0.0030034,130
0.0030035,130
0.0030036,130
0.0030037,130
0.0030038,130
0.0030039,130
0.003004,131
0.0030041,131
0.0030042,131
0.0030043,131
0.0030044,131
0.0030045,131
0.0030046,131
0.0030047,131
0.0030048,131
0.0030049,132
0.003005,132
0.0030051,132
0.0030052,132
0.0030053,132
0.0030054,132
0.0030055,132
0.0030056,132
0.0030057,132
0.0030058,132
0.0030059,133
0.003006,133
0.0030061,133
0.0030062,133
0.0030063,133
0.0030064,133
0.0030065,133
0.0030066,133
0.0030067,133
0.0030068,133
0.0030069,133
0.003007,133
0.0030071,133
0.0030072,133
0.0030073,133
0.0030074,133
0.0030075,133
0.0030076,133
0.0030077,133
0.0030078,133
0.0030079,134
0.003008,134
0.0030081,134
0.0030082,134
0.0030083,134
0.0030084,134
0.0030085,134
0.0030086,134
0.0030087,134
0.0030088,135
0.0030089,135
0.003009,135
0.0030091,135
0.0030092,135
0.0030093,135
0.0030094,135
0.0030095,135
0.0030096,135
0.0030097,135
0.0030098,136
0.0030099,136
0.00301,136
0.0030101,136
0.0030102,136
0.0030103,136
0.0030104,136
0.0030105,136
0.0030106,136
0.0030107,136
0.0030108,137
0.0030109,137
0.003011,137
0.0030111,137
0.0030112,137
0.0030113,137
0.0030114,137
0.0030115,137
0.0030116,137
0.0030117,137
0.0030118,137
0.0030119,137
0.003012,137
0.0030121,137
0.0030122,137
0.0030123,137
0.0030124,137
0.0030125,137
0.0030126,137
0.0030127,137
0.0030128,138
0.0030129,138
0.003013,138
0.0030131,138
0.0030132,138
0.0030133,138
0.0030134,138
0.0030135,138
0.0030136,138
0.0030137,139
0.0030138,139
0.0030139,139
0.003014,139
0.0030141,139
0.0030142,139
0.0030143,139
0.0030144,139
0.0030145,139
0.0030146,139
0.0030147,140
0.0030148,140
0.0030149,140
0.003015,140
0.0030151,140
0.0030152,140
0.0030153,140
0.0030154,140
0.0030155,140
0.0030156,140
0.0030157,140
0.0030158,140
0.0030159,140
0.003016,140
0.0030161,140
0.0030162,140
0.0030163,140
0.0030164,140
0.0030165,140
0.0030166,140
0.0030167,141
0.0030168,141
0.0030169,141
0.003017,141
0.0030171,141
0.0030172,141
0.0030173,141
0.0030174,141
0.0030175,141
0.0030176,142
0.0030177,142
0.0030178,142
0.0030179,142
0.003018,142
0.0030181,142
0.0030182,142
0.0030183,142
0.0030184,142
0.0030185,142
0.0030186,143
0.0030187,143
0.0030188,143
0.0030189,143
0.003019,143
0.0030191,143
0.0030192,143
0.0030193,143
0.0030194,143
0.0030195,143
0.0030196,144
0.0030197,144
0.0030198,144
0.0030199,144
0.00302,144
0.0030201,144
0.0030202,144
0.0030203,144
0.0030204,144
0.0030205,144
0.0030206,144
0.0030207,144
0.0030208,144
0.0030209,144
0.003021,144
0.0030211,144
0.0030212,144
0.0030213,144
0.0030214,144
0.0030215,145
0.0030216,145
0.0030217,145
0.0030218,145
0.0030219,145
0.003022,145
0.0030221,145
0.0030222,145
0.0030223,145
0.0030224,145
0.0030225,146
0.0030226,146
0.0030227,146
0.0030228,146
0.0030229,146
0.003023,146
0.0030231,146
0.0030232,146
0.0030233,146
0.0030234,146
0.0030235,147
0.0030236,147
0.0030237,147
0.0030238,147
0.0030239,147
0.003024,147
0.0030241,147
0.0030242,147
0.0030243,147
0.0030244,147
0.0030245,147
0.0030246,147
0.0030247,147
0.0030248,147
0.0030249,147
0.003025,147
0.0030251,147
0.0030252,147
0.0030253,147
0.0030254,148
0.0030255,148
0.0030256,148
0.0030257,148
0.0030258,148
0.0030259,148
0.003026,148
0.0030261,148
0.0030262,148
0.0030263,148
0.0030264,149
0.0030265,149
0.0030266,149
0.0030267,149
0.0030268,149
0.0030269,149
0.003027,149
0.0030271,149
0.0030272,149
0.0030273,149
0.0030274,150
0.0030275,150
0.0030276,150
0.0030277,150
0.0030278,150
0.0030279,150
0.003028,150
0.0030281,150
0.0030282,150
0.0030283,150
0.0030284,150
0.0030285,150
0.0030286,150
0.0030287,150
0.0030288,150
0.0030289,150
0.003029,150
0.0030291,150
0.0030292,150
0.0030293,150
0.0030294,151
0.0030295,151
0.0030296,151
0.0030297,151
0.0030298,151
0.0030299,151
0.00303,151
0.0030301,151
0.0030302,151
0.0030303,152
0.0030304,152
0.0030305,152
0.0030306,152
0.0030307,152
0.0030308,152
0.0030309,152
0.003031,152
0.0030311,152
0.0030312,152
0.0030313,153
0.0030314,153
0.0030315,153
0.0030316,153
0.0030317,153
0.0030318,153
0.0030319,153
0.003032,153
0.0030321,153
0.0030322,153
0.0030323,154
0.0030324,154
0.0030325,154
0.0030326,154
0.0030327,154
0.0030328,154
0.0030329,154
0.003033,154
0.0030331,154
0.0030332,154
0.0030333,154
0.0030334,154
0.0030335,154
0.0030336,154
0.0030337,154
0.0030338,154
0.0030339,154
0.003034,154
0.0030341,154
0.0030342,155
0.0030343,155
0.0030344,155
0.0030345,155
0.0030346,155
0.0030347,155
0.0030348,155
0.0030349,155
0.003035,155
0.0030351,155
0.0030352,156
0.0030353,156
0.0030354,156
0.0030355,156
0.0030356,156
0.0030357,156
0.0030358,156
0.0030359,156
0.003036,156
0.0030361,156
0.0030362,157
0.0030363,157
0.0030364,157
0.0030365,157
0.0030366,157
0.0030367,157
0.0030368,157
0.0030369,157
0.003037,157
0.0030371,157
0.0030372,157
0.0030373,157
0.0030374,157
0.0030375,157
0.0030376,157
0.0030377,157
0.0030378,157
0.0030379,157
0.003038,157
0.0030381,158
0.0030382,158
0.0030383,158
0.0030384,158
0.0030385,158
0.0030386,158
0.0030387,158
0.0030388,158
0.0030389,158
0.003039,158
0.0030391,159
0.0030392,159
0.0030393,159
0.0030394,159
0.0030395,159
0.0030396,159
0.0030397,159
0.0030398,159
0.0030399,159
0.00304,159
0.0030401,160
0.0030402,160
0.0030403,160
0.0030404,160
0.0030405,160
0.0030406,160
0.0030407,160
0.0030408,160
0.0030409,160
0.003041,160
0.0030411,160
0.0030412,160
0.0030413,160
0.0030414,160
0.0030415,160
0.0030416,160
0.0030417,160
0.0030418,160
0.0030419,160
0.003042,161
0.0030421,161
0.0030422,161
0.0030423,161
0.0030424,161
0.0030425,161
0.0030426,161
0.0030427,161
0.0030428,161
0.0030429,161
0.003043,162
0.0030431,162
0.0030432,162
0.0030433,162
0.0030434,162
0.0030435,162
0.0030436,162
0.0030437,162
0.0030438,162
0.0030439,162
0.003044,163
0.0030441,163
0.0030442,163
0.0030443,163
0.0030444,163
0.0030445,163
0.0030446,163
0.0030447,163
0.0030448,163
0.0030449,163
0.003045,163
0.0030451,163
0.0030452,163
0.0030453,163
0.0030454,163
0.0030455,163
0.0030456,163
0.0030457,163
0.0030458,163
0.0030459,163
0.003046,164
0.0030461,164
0.0030462,164
0.0030463,164
0.0030464,164
0.0030465,164
0.0030466,164
0.0030467,164
0.0030468,164
0.0030469,165
0.003047,165
0.0030471,165
0.0030472,165
0.0030473,165
0.0030474,165
0.0030475,165
0.0030476,165
0.0030477,165
0.0030478,165
0.0030479,166
0.003048,166
0.0030481,166
0.0030482,166
0.0030483,166
0.0030484,166
0.0030485,166
0.0030486,166
0.0030487,166
0.0030488,166
0.0030489,166
0.003049,166
0.0030491,166
0.0030492,166
0.0030493,166
0.0030494,166
0.0030495,166
0.0030496,166
0.0030497,166
0.0030498,166
0.0030499,167
0.00305,167
0.0030501,167
0.0030502,167
0.0030503,167
0.0030504,167
0.0030505,167
0.0030506,167
0.0030507,167
0.0030508,168
0.0030509,168
0.003051,168
0.0030511,168
0.0030512,168
0.0030513,168
0.0030514,168
0.0030515,168
0.0030516,168
0.0030517,168
0.0030518,169
0.0030519,169
0.003052,169
0.0030521,169
0.0030522,169
0.0030523,169
0.0030524,169
0.0030525,169
0.0030526,169
0.0030527,169
0.0030528,169
0.0030529,169
0.003053,169
0.0030531,169
0.0030532,169
0.0030533,169
0.0030534,169
0.0030535,169
0.0030536,169
0.0030537,169
0.0030538,170
0.0030539,170
0.003054,170
0.0030541,170
0.0030542,170
0.0030543,170
0.0030544,170
0.0030545,170
0.0030546,170
0.0030547,171
0.0030548,171
0.0030549,171
0.003055,171
0.0030551,171
0.0030552,171
0.0030553,171
0.0030554,171
0.0030555,171
0.0030556,171
0.0030557,172
0.0030558,172
0.0030559,172
0.003056,172
0.0030561,172
0.0030562,172
0.0030563,172
0.0030564,172
0.0030565,172
0.0030566,172
0.0030567,172
0.0030568,172
0.0030569,172
0.003057,172
0.0030571,172
0.0030572,172
0.0030573,172
0.0030574,172
0.0030575,172
0.0030576,172
0.0030577,173
0.0030578,173
0.0030579,173
0.003058,173
0.0030581,173
0.0030582,173
0.0030583,173
0.0030584,173
0.0030585,173
0.0030586,174
0.0030587,174
0.0030588,174
0.0030589,174
0.003059,174
0.0030591,174
0.0030592,174
0.0030593,174
0.0030594,174
0.0030595,174
0.0030596,174
0.0030597,174
0.0030598,174
0.0030599,174
0.00306,174
0.0030601,174
0.0030602,174
0.0030603,174
0.0030604,174
0.0030605,174
0.0030606,175
0.0030607,175
0.0030608,175
0.0030609,175
0.003061,175
0.0030611,175
0.0030612,175
0.0030613,175
0.0030614,175
0.0030615,175
0.0030616,176
0.0030617,176
0.0030618,176
0.0030619,176
0.003062,176
0.0030621,176
0.0030622,176
0.0030623,176
0.0030624,176
0.0030625,176
0.0030626,177
0.0030627,177
0.0030628,177
0.0030629,177
0.003063,177
0.0030631,177
0.0030632,177
0.0030633,177
0.0030634,177
0.0030635,177
0.0030636,177
0.0030637,177
0.0030638,177
0.0030639,177
0.003064,177
0.0030641,177
0.0030642,177
0.0030643,177
0.0030644,177
0.0030645,178
0.0030646,178
0.0030647,178
0.0030648,178
0.0030649,178
0.003065,178
0.0030651,178
0.0030652,178
0.0030653,178
0.0030654,178
0.0030655,179
0.0030656,179
0.0030657,179
0.0030658,179
0.0030659,179
0.003066,179
0.0030661,179
0.0030662,179
0.0030663,179
0.0030664,179
0.0030665,179
0.0030666,179
0.0030667,179
0.0030668,179
0.0030669,179
0.003067,179
0.0030671,179
0.0030672,179
0.0030673,179
0.0030674,180
0.0030675,180
0.0030676,180
0.0030677,180
0.0030678,180
0.0030679,180
0.003068,180
0.0030681,180
0.0030682,180
0.0030683,180
0.0030684,181
0.0030685,181
0.0030686,181
0.0030687,181
0.0030688,181
0.0030689,181
0.003069,181
0.0030691,181
0.0030692,181
0.0030693,181
0.0030694,182
0.0030695,182
0.0030696,182
0.0030697,182
0.0030698,182
0.0030699,182
0.00307,182
0.0030701,182
0.0030702,182
0.0030703,182
0.0030704,182
0.0030705,182
0.0030706,182
0.0030707,182
0.0030708,182
0.0030709,182
0.003071,182
0.0030711,182
0.0030712,182
0.0030713,183
0.0030714,183
0.0030715,183
0.0030716,183
0.0030717,183
0.0030718,183
0.0030719,183
0.003072,183
0.0030721,183
0.0030722,183
0.0030723,184
0.0030724,184
0.0030725,184
0.0030726,184
0.0030727,184
0.0030728,184
0.0030729,184
0.003073,184
0.0030731,184
0.0030732,184
0.0030733,184
0.0030734,184
0.0030735,184
0.0030736,184
0.0030737,184
0.0030738,184
0.0030739,184
0.003074,184
0.0030741,184
0.0030742,184
0.0030743,185
0.0030744,185
0.0030745,185
0.0030746,185
0.0030747,185
0.0030748,185
0.0030749,185
0.003075,185
0.0030751,185
0.0030752,185
0.0030753,186
0.0030754,186
0.0030755,186
0.0030756,186
0.0030757,186
0.0030758,186
0.0030759,186
0.003076,186
0.0030761,186
0.0030762,186
0.0030763,186
0.0030764,186
0.0030765,186
0.0030766,186
0.0030767,186
0.0030768,186
0.0030769,186
0.003077,186
0.0030771,186
0.0030772,187
0.0030773,187
0.0030774,187
0.0030775,187
0.0030776,187
0.0030777,187
0.0030778,187
0.0030779,187
0.003078,187
0.0030781,187
0.0030782,188
0.0030783,188
0.0030784,188
0.0030785,188
0.0030786,188
0.0030787,188
0.0030788,188
0.0030789,188
0.003079,188
0.0030791,188
0.0030792,189
0.0030793,189
0.0030794,189
0.0030795,189
0.0030796,189
0.0030797,189
0.0030798,189
0.0030799,189
0.00308,189
0.0030801,189
0.0030802,189
0.0030803,189
0.0030804,189
0.0030805,189
0.0030806,189
0.0030807,189
0.0030808,189
0.0030809,189
0.003081,189
0.0030811,190
0.0030812,190
0.0030813,190
0.0030814,190
0.0030815,190
0.0030816,190
0.0030817,190
0.0030818,190
0.0030819,190
0.003082,190
0.0030821,191
0.0030822,191
0.0030823,191
0.0030824,191
0.0030825,191
0.0030826,191
0.0030827,191
0.0030828,191
0.0030829,191
0.003083,191
0.0030831,191
0.0030832,191
0.0030833,191
0.0030834,191
0.0030835,191
0.0030836,191
0.0030837,191
0.0030838,191
0.0030839,191
0.003084,192
0.0030841,192
0.0030842,192
0.0030843,192
0.0030844,192
0.0030845,192
0.0030846,192
0.0030847,192
0.0030848,192
0.0030849,192
0.003085,193
0.0030851,193
0.0030852,193
0.0030853,193
0.0030854,193
0.0030855,193
0.0030856,193
0.0030857,193
0.0030858,193
0.0030859,193
0.003086,193
0.0030861,193
0.0030862,193
0.0030863,193
0.0030864,193
0.0030865,193
0.0030866,193
0.0030867,193
0.0030868,193
0.0030869,193
0.003087,194
0.0030871,194
0.0030872,194
0.0030873,194
0.0030874,194
0.0030875,194
0.0030876,194
0.0030877,194
0.0030878,194
0.0030879,195
0.003088,195
0.0030881,195
0.0030882,195
0.0030883,195
0.0030884,195
0.0030885,195
0.0030886,195
0.0030887,195
0.0030888,195
0.0030889,195
0.003089,195
0.0030891,195
0.0030892,195
0.0030893,195
0.0030894,195
0.0030895,195
0.0030896,195
0.0030897,195
0.0030898,195
0.0030899,196
0.00309,196
0.0030901,196
0.0030902,196
0.0030903,196
0.0030904,196
0.0030905,196
0.0030906,196
0.0030907,196
0.0030908,196
0.0030909,197
0.003091,197
0.0030911,197
0.0030912,197
0.0030913,197
0.0030914,197
0.0030915,197
0.0030916,197
0.0030917,197
0.0030918,197
0.0030919,197
0.003092,197
0.0030921,197
0.0030922,197
0.0030923,197
0.0030924,197
0.0030925,197
0.0030926,197
0.0030927,197
0.0030928,198
0.0030929,198
0.003093,198
0.0030931,198
0.0030932,198
0.0030933,198
0.0030934,198
0.0030935,198
0.0030936,198
0.0030937,198
0.0030938,199
0.0030939,199
0.003094,199
0.0030941,199
0.0030942,199
0.0030943,199
0.0030944,199
0.0030945,199
0.0030946,199
0.0030947,199
0.0030948,199
0.0030949,199
0.003095,199
0.0030951,199
0.0030952,199
0.0030953,199
0.0030954,199
0.0030955,199
0.0030956,199
0.0030957,199
0.0030958,200
0.0030959,200
0.003096,200
0.0030961,200
0.0030962,200
0.0030963,200
0.0030964,200
0.0030965,200
0.0030966,200
0.0030967,200
0.0030968,200
0.0030969,200
0.003097,200
0.0030971,200
0.0030972,200
0.0030973,200
0.0030974,200
0.0030975,200
0.0030976,200
0.0030977,201
0.0030978,201
0.0030979,201
0.003098,201
0.0030981,201
0.0030982,201
0.0030983,201
0.0030984,201
0.0030985,201
0.0030986,201
0.0030987,202
0.0030988,202
0.0030989,202
0.003099,202
0.0030991,202
0.0030992,202
0.0030993,202
0.0030994,202
0.0030995,202
0.0030996,202
0.0030997,202
0.0030998,202
0.0030999,202
0.0031,202
0.0031001,202
0.0031002,202
0.0031003,202
0.0031004,202
0.0031005,202
0.0031006,203
0.0031007,203
0.0031008,203
0.0031009,203
0.003101,203
0.0031011,203
0.0031012,203
0.0031013,203
0.0031014,203
0.0031015,203
0.0031016,204
0.0031017,204
0.0031018,204
0.0031019,204
0.003102,204
0.0031021,204
0.0031022,204
0.0031023,204
0.0031024,204
0.0031025,204
0.0031026,204
0.0031027,204
0.0031028,204
0.0031029,204
0.003103,204
0.0031031,204
0.0031032,204
0.0031033,204
0.0031034,204
0.0031035,204
0.0031036,205
0.0031037,205
0.0031038,205
0.0031039,205
0.003104,205
0.0031041,205
0.0031042,205
0.0031043,205
0.0031044,205
0.0031045,206
0.0031046,206
0.0031047,206
0.0031048,206
0.0031049,206
0.003105,206
0.0031051,206
0.0031052,206
0.0031053,206
0.0031054,206
0.0031055,206
0.0031056,206
0.0031057,206
0.0031058,206
0.0031059,206
0.003106,206
0.0031061,206
0.0031062,206
0.0031063,206
0.0031064,206
0.0031065,207
0.0031066,207
0.0031067,207
0.0031068,207
0.0031069,207
0.003107,207
0.0031071,207
0.0031072,207
0.0031073,207
0.0031074,207
0.0031075,207
0.0031076,207
0.0031077,207
0.0031078,207
0.0031079,207
0.003108,207
0.0031081,207
0.0031082,207
0.0031083,207
0.0031084,207
0.0031085,208
0.0031086,208
0.0031087,208
0.0031088,208
0.0031089,208
0.003109,208
0.0031091,208
0.0031092,208
0.0031093,208
0.0031094,209
0.0031095,209
0.0031096,209
0.0031097,209
0.0031098,209
0.0031099,209
0.00311,209
0.0031101,209
0.0031102,209
0.0031103,209
0.0031104,209
0.0031105,209
0.0031106,209
0.0031107,209
0.0031108,209
0.0031109,209
0.003111,209
0.0031111,209
0.0031112,209
0.0031113,209
0.0031114,210
0.0031115,210
0.0031116,210
0.0031117,210
0.0031118,210
0.0031119,210
0.003112,210
0.0031121,210
0.0031122,210
0.0031123,210
0.0031124,210
0.0031125,210
0.0031126,210
0.0031127,210
0.0031128,210
0.0031129,210
0.003113,210
0.0031131,210
0.0031132,210
0.0031133,211
0.0031134,211
0.0031135,211
0.0031136,211
0.0031137,211
0.0031138,211
0.0031139,211
0.003114,211
0.0031141,211
0.0031142,211
0.0031143,212
0.0031144,212
0.0031145,212
0.0031146,212
0.0031147,212
0.0031148,212
0.0031149,212
0.003115,212
0.0031151,212
0.0031152,212
0.0031153,212
0.0031154,212
0.0031155,212
0.0031156,212
0.0031157,212
0.0031158,212
0.0031159,212
0.003116,212
0.0031161,212
0.0031162,212
0.0031163,213
0.0031164,213
0.0031165,213
0.0031166,213
0.0031167,213
0.0031168,213
0.0031169,213
0.003117,213
0.0031171,213
0.0031172,213
0.0031173,213
0.0031174,213
0.0031175,213
0.0031176,213
0.0031177,213
0.0031178,213
0.0031179,213
0.003118,213
0.0031181,213
0.0031182,214
0.0031183,214
0.0031184,214
0.0031185,214
0.0031186,214
0.0031187,214
0.0031188,214
0.0031189,214
0.003119,214
0.0031191,214
0.0031192,214
0.0031193,214
0.0031194,214
0.0031195,214
0.0031196,214
0.0031197,214
0.0031198,214
0.0031199,214
0.00312,214
0.0031201,214
0.0031202,215
0.0031203,215
0.0031204,215
0.0031205,215
0.0031206,215
0.0031207,215
0.0031208,215
0.0031209,215
0.003121,215
0.0031211,216
0.0031212,216
0.0031213,216
0.0031214,216
0.0031215,216
0.0031216,216
0.0031217,216
0.0031218,216
0.0031219,216
0.003122,216
0.0031221,216
0.0031222,216
0.0031223,216
0.0031224,216
0.0031225,216
0.0031226,216
0.0031227,216
0.0031228,216
0.0031229,216
0.003123,216
0.0031231,217
0.0031232,217
0.0031233,217
0.0031234,217
0.0031235,217
0.0031236,217
0.0031237,217
0.0031238,217
0.0031239,217
0.003124,217
0.0031241,217
0.0031242,217
0.0031243,217
0.0031244,217
0.0031245,217
0.0031246,217
0.0031247,217
0.0031248,217
0.0031249,217
0.003125,217
0.0031251,218
0.0031252,218
0.0031253,218
0.0031254,218
0.0031255,218
0.0031256,218
0.0031257,218
0.0031258,218
0.0031259,218
0.003126,218
0.0031261,218
0.0031262,218
0.0031263,218
0.0031264,218
0.0031265,218
0.0031266,218
0.0031267,218
0.0031268,218
0.0031269,218
0.003127,219
0.0031271,219
0.0031272,219
0.0031273,219
0.0031274,219
0.0031275,219
0.0031276,219
0.0031277,219
0.0031278,219
0.0031279,219
0.003128,219
0.0031281,219
0.0031282,219
0.0031283,219
0.0031284,219
0.0031285,219
0.0031286,219
0.0031287,219
0.0031288,219
0.0031289,219
0.003129,220
0.0031291,220
0.0031292,220
0.0031293,220
0.0031294,220
0.0031295,220
0.0031296,220
0.0031297,220
0.0031298,220
0.0031299,221
0.00313,221
0.0031301,221
0.0031302,221
0.0031303,221
0.0031304,221
0.0031305,221
0.0031306,221
0.0031307,221
0.0031308,221
0.0031309,221
0.003131,221
0.0031311,221
0.0031312,221
0.0031313,221
0.0031314,221
0.0031315,221
0.0031316,221
0.0031317,221
0.0031318,221
0.0031319,222
0.003132,222
0.0031321,222
0.0031322,222
0.0031323,222
0.0031324,222
0.0031325,222
0.0031326,222
0.0031327,222
0.0031328,222
0.0031329,222
0.003133,222
0.0031331,222
0.0031332,222
0.0031333,222
0.0031334,222
0.0031335,222
0.0031336,222
0.0031337,222
0.0031338,223
0.0031339,223
0.003134,223
0.0031341,223
0.0031342,223
0.0031343,223
0.0031344,223
0.0031345,223
0.0031346,223
0.0031347,223
0.0031348,223
0.0031349,223
0.003135,223
0.0031351,223
0.0031352,223
0.0031353,223
0.0031354,223
0.0031355,223
0.0031356,223
0.0031357,223
0.0031358,224
0.0031359,224
0.003136,224
0.0031361,224
0.0031362,224
0.0031363,224
0.0031364,224
0.0031365,224
0.0031366,224
0.0031367,224
0.0031368,224
0.0031369,224
0.003137,224
0.0031371,224
0.0031372,224
0.0031373,224
0.0031374,224
0.0031375,224
0.0031376,224
0.0031377,224
0.0031378,225
0.0031379,225
0.003138,225
0.0031381,225
0.0031382,225
0.0031383,225
0.0031384,225
0.0031385,225
0.0031386,225
0.0031387,225
0.0031388,225
0.0031389,225
0.003139,225
0.0031391,225
0.0031392,225
0.0031393,225
0.0031394,225
0.0031395,225
0.0031396,225
0.0031397,226
0.0031398,226
0.0031399,226
0.00314,226
0.0031401,226
0.0031402,226
0.0031403,226
0.0031404,226
0.0031405,226
0.0031406,226
0.0031407,226
0.0031408,226
0.0031409,226
0.003141,226
0.0031411,226
0.0031412,226
0.0031413,226
0.0031414,226
0.0031415,226
0.0031416,226
0.0031417,227
0.0031418,227
0.0031419,227
0.003142,227
0.0031421,227
0.0031422,227
0.0031423,227
0.0031424,227
0.0031425,227
0.0031426,227
0.0031427,227
0.0031428,227
0.0031429,227
0.003143,227
0.0031431,227
0.0031432,227
0.0031433,227
0.0031434,227
0.0031435,227
0.0031436,228
0.0031437,228
0.0031438,228
0.0031439,228
0.003144,228
0.0031441,228
0.0031442,228
0.0031443,228
0.0031444,228
0.0031445,228
0.0031446,228
0.0031447,228
0.0031448,228
0.0031449,228
0.003145,228
0.0031451,228
0.0031452,228
0.0031453,228
0.0031454,228
0.0031455,228
0.0031456,229
0.0031457,229
0.0031458,229
0.0031459,229
0.003146,229
0.0031461,229
0.0031462,229
0.0031463,229
0.0031464,229
0.0031465,229
0.0031466,229
0.0031467,229
0.0031468,229
0.0031469,229
0.003147,229
0.0031471,229
0.0031472,229
0.0031473,229
0.0031474,229
0.0031475,230
0.0031476,230
0.0031477,230
0.0031478,230
0.0031479,230
0.003148,230
0.0031481,230
0.0031482,230
0.0031483,230
0.0031484,230
0.0031485,230
0.0031486,230
0.0031487,230
0.0031488,230
0.0031489,230
0.003149,230
0.0031491,230
0.0031492,230
0.0031493,230
0.0031494,230
0.0031495,230
0.0031496,230
0.0031497,230
0.0031498,230
0.0031499,230
0.00315,230
0.0031501,230
0.0031502,230
0.0031503,230
0.0031504,231
0.0031505,231
0.0031506,231
0.0031507,231
0.0031508,231
0.0031509,231
0.003151,231
0.0031511,231
0.0031512,231
0.0031513,231
0.0031514,231
0.0031515,231
0.0031516,231
0.0031517,231
0.0031518,231
0.0031519,231
0.003152,231
0.0031521,231
0.0031522,231
0.0031523,231
0.0031524,232
0.0031525,232
0.0031526,232
0.0031527,232
0.0031528,232
0.0031529,232
0.003153,232
0.0031531,232
0.0031532,232
0.0031533,232
0.0031534,232
0.0031535,232
0.0031536,232
0.0031537,232
0.0031538,232
0.0031539,232
0.003154,232
0.0031541,232
0.0031542,232
0.0031543,232
0.0031544,233
0.0031545,233
0.0031546,233
0.0031547,233
0.0031548,233
0.0031549,233
0.003155,233
0.0031551,233
0.0031552,233
0.0031553,233
0.0031554,233
0.0031555,233
0.0031556,233
0.0031557,233
0.0031558,233
0.0031559,233
0.003156,233
0.0031561,233
0.0031562,233
0.0031563,234
0.0031564,234
0.0031565,234
0.0031566,234
0.0031567,234
0.0031568,234
0.0031569,234
0.003157,234
0.0031571,234
0.0031572,234
0.0031573,234
0.0031574,234
0.0031575,234
0.0031576,234
0.0031577,234
0.0031578,234
0.0031579,234
0.003158,234
0.0031581,234
0.0031582,234
0.0031583,234
0.0031584,234
0.0031585,234
0.0031586,234
0.0031587,234
0.0031588,234
0.0031589,234
0.003159,234
0.0031591,234
0.0031592,235
0.0031593,235
0.0031594,235
0.0031595,235
0.0031596,235
0.0031597,235
0.0031598,235
0.0031599,235
0.00316,235
0.0031601,235
0.0031602,235
0.0031603,235
0.0031604,235
0.0031605,235
0.0031606,235
0.0031607,235
0.0031608,235
0.0031609,235
0.003161,235
0.0031611,235
0.0031612,236
0.0031613,236
0.0031614,236
0.0031615,236
0.0031616,236
0.0031617,236
0.0031618,236
0.0031619,236
0.003162,236
0.0031621,236
0.0031622,236
0.0031623,236
0.0031624,236
0.0031625,236
0.0031626,236
0.0031627,236
0.0031628,236
0.0031629,236
0.003163,236
0.0031631,237
0.0031632,237
0.0031633,237
0.0031634,237
0.0031635,237
0.0031636,237
0.0031637,237
0.0031638,237
0.0031639,237
0.003164,237
0.0031641,237
0.0031642,237
0.0031643,237
0.0031644,237
0.0031645,237
0.0031646,237
0.0031647,237
0.0031648,237
0.0031649,237
0.003165,237
0.0031651,237
0.0031652,237
0.0031653,237
0.0031654,237
0.0031655,237
0.0031656,237
0.0031657,237
0.0031658,237
0.0031659,237
0.003166,237
0.0031661,238
0.0031662,238
0.0031663,238
0.0031664,238
0.0031665,238
0.0031666,238
0.0031667,238
0.0031668,238
0.0031669,238
0.003167,238
0.0031671,238
0.0031672,238
0.0031673,238
0.0031674,238
0.0031675,238
0.0031676,238
0.0031677,238
0.0031678,238
0.0031679,238
0.003168,239
0.0031681,239
0.0031682,239
0.0031683,239
0.0031684,239
0.0031685,239
0.0031686,239
0.0031687,239
0.0031688,239
0.0031689,239
0.003169,239
0.0031691,239
0.0031692,239
0.0031693,239
0.0031694,239
0.0031695,239
0.0031696,239
0.0031697,239
0.0031698,239
0.0031699,239
0.00317,239
0.0031701,239
0.0031702,239
0.0031703,239
0.0031704,239
0.0031705,239
0.0031706,239
0.0031707,239
0.0031708,239
0.0031709,239
0.003171,240
0.0031711,240
0.0031712,240
0.0031713,240
0.0031714,240
0.0031715,240
0.0031716,240
0.0031717,240
0.0031718,240
0.0031719,240
0.003172,240
0.0031721,240
0.0031722,240
0.0031723,240
0.0031724,240
0.0031725,240
0.0031726,240
0.0031727,240
0.0031728,240
0.0031729,240
0.003173,240
0.0031731,240
0.0031732,240
0.0031733,240
0.0031734,240
0.0031735,240
0.0031736,240
0.0031737,240
0.0031738,240
0.0031739,241
0.003174,241
0.0031741,241
0.0031742,241
0.0031743,241
0.0031744,241
0.0031745,241
0.0031746,241
0.0031747,241
0.0031748,241
0.0031749,241
0.003175,241
0.0031751,241
0.0031752,241
0.0031753,241
0.0031754,241
0.0031755,241
0.0031756,241
0.0031757,241
0.0031758,241
0.0031759,241
0.003176,241
0.0031761,241
0.0031762,241
0.0031763,241
0.0031764,241
0.0031765,241
0.0031766,241
0.0031767,241
0.0031768,242
0.0031769,242
0.003177,242
0.0031771,242
0.0031772,242
0.0031773,242
0.0031774,242
0.0031775,242
0.0031776,242
0.0031777,242
0.0031778,242
0.0031779,242
0.003178,242
0.0031781,242
0.0031782,242
0.0031783,242
0.0031784,242
0.0031785,242
0.0031786,242
0.0031787,242
0.0031788,242
0.0031789,242
0.003179,242
0.0031791,242
0.0031792,242
0.0031793,242
0.0031794,242
0.0031795,242
0.0031796,242
0.0031797,243
0.0031798,243
0.0031799,243
0.00318,243
0.0031801,243
0.0031802,243
0.0031803,243
0.0031804,243
0.0031805,243
0.0031806,243
0.0031807,243
0.0031808,243
0.0031809,243
0.003181,243
0.0031811,243
0.0031812,243
0.0031813,243
0.0031814,243
0.0031815,243
0.0031816,243
0.0031817,243
0.0031818,243
0.0031819,243
0.003182,243
0.0031821,243
0.0031822,243
0.0031823,243
0.0031824,243
0.0031825,243
0.0031826,243
0.0031827,244
0.0031828,244
0.0031829,244
0.003183,244
0.0031831,244
0.0031832,244
0.0031833,244
0.0031834,244
0.0031835,244
0.0031836,244
0.0031837,244
0.0031838,244
0.0031839,244
0.003184,244
0.0031841,244
0.0031842,244
0.0031843,244
0.0031844,244
0.0031845,244
0.0031846,244
0.0031847,244
0.0031848,244
0.0031849,244
0.003185,244
0.0031851,244
0.0031852,244
0.0031853,244
0.0031854,244
0.0031855,244
0.0031856,245
0.0031857,245
0.0031858,245
0.0031859,245
0.003186,245
0.0031861,245
0.0031862,245
0.0031863,245
0.0031864,245
0.0031865,245
0.0031866,245
0.0031867,245
0.0031868,245
0.0031869,245
0.003187,245
0.0031871,245
0.0031872,245
0.0031873,245
0.0031874,245
0.0031875,245
0.0031876,245
0.0031877,245
0.0031878,245
0.0031879,245
0.003188,245
0.0031881,245
0.0031882,245
0.0031883,245
0.0031884,245
0.0031885,246
0.0031886,246
0.0031887,246
0.0031888,246
0.0031889,246
0.003189,246
0.0031891,246
0.0031892,246
0.0031893,246
0.0031894,246
0.0031895,246
0.0031896,246
0.0031897,246
0.0031898,246
0.0031899,246
0.00319,246
0.0031901,246
0.0031902,246
0.0031903,246
0.0031904,246
0.0031905,246
0.0031906,246
0.0031907,246
0.0031908,246
0.0031909,246
0.003191,246
0.0031911,246
0.0031912,246
0.0031913,246
0.0031914,246
0.0031915,246
0.0031916,246
0.0031917,246
0.0031918,246
0.0031919,246
0.003192,246
0.0031921,246
0.0031922,246
0.0031923,246
0.0031924,247
0.0031925,247
0.0031926,247
0.0031927,247
0.0031928,247
0.0031929,247
0.003193,247
0.0031931,247
0.0031932,247
0.0031933,247
0.0031934,247
0.0031935,247
0.0031936,247
0.0031937,247
0.0031938,247
0.0031939,247
0.003194,247
0.0031941,247
0.0031942,247
0.0031943,247
0.0031944,247
0.0031945,247
0.0031946,247
0.0031947,247
0.0031948,247
0.0031949,247
0.003195,247
0.0031951,247
0.0031952,247
0.0031953,247
0.0031954,248
0.0031955,248
0.0031956,248
0.0031957,248
0.0031958,248
0.0031959,248
0.003196,248
0.0031961,248
0.0031962,248
0.0031963,248
0.0031964,248
0.0031965,248
0.0031966,248
0.0031967,248
0.0031968,248
0.0031969,248
0.003197,248
0.0031971,248
0.0031972,248
0.0031973,248
0.0031974,248
0.0031975,248
0.0031976,248
0.0031977,248
0.0031978,248
0.0031979,248
0.003198,248
0.0031981,248
0.0031982,248
0.0031983,248
0.0031984,248
0.0031985,248
0.0031986,248
0.0031987,248
0.0031988,248
0.0031989,248
0.003199,248
0.0031991,248
0.0031992,248
0.0031993,249
0.0031994,249
0.0031995,249
0.0031996,249
0.0031997,249
0.0031998,249
0.0031999,249
0.0032,249
0.0032001,249
0.0032002,249
0.0032003,249
0.0032004,249
0.0032005,249
0.0032006,249
0.0032007,249
0.0032008,249
0.0032009,249
0.003201,249
0.0032011,249
0.0032012,249
0.0032013,249
0.0032014,249
0.0032015,249
0.0032016,249
0.0032017,249
0.0032018,249
0.0032019,249
0.003202,249
0.0032021,249
0.0032022,249
0.0032023,249
0.0032024,249
0.0032025,249
0.0032026,249
0.0032027,249
0.0032028,249
0.0032029,249
0.003203,249
0.0032031,249
0.0032032,250
0.0032033,250
0.0032034,250
0.0032035,250
0.0032036,250
0.0032037,250
0.0032038,250
0.0032039,250
0.003204,250
0.0032041,250
0.0032042,250
0.0032043,250
0.0032044,250
0.0032045,250
0.0032046,250
0.0032047,250
0.0032048,250
0.0032049,250
0.003205,250
0.0032051,250
0.0032052,250
0.0032053,250
0.0032054,250
0.0032055,250
0.0032056,250
0.0032057,250
0.0032058,250
0.0032059,250
0.003206,250
0.0032061,250
0.0032062,250
0.0032063,250
0.0032064,250
0.0032065,250
0.0032066,250
0.0032067,250
0.0032068,250
0.0032069,250
0.003207,250
0.0032071,250
0.0032072,250
0.0032073,250
0.0032074,250
0.0032075,250
0.0032076,250
0.0032077,250
0.0032078,250
0.0032079,250
0.003208,250
0.0032081,251
0.0032082,251
0.0032083,251
0.0032084,251
0.0032085,251
0.0032086,251
0.0032087,251
0.0032088,251
0.0032089,251
0.003209,251
0.0032091,251
0.0032092,251
0.0032093,251
0.0032094,251
0.0032095,251
0.0032096,251
0.0032097,251
0.0032098,251
0.0032099,251
0.00321,251
0.0032101,251
0.0032102,251
0.0032103,251
0.0032104,251
0.0032105,251
0.0032106,251
0.0032107,251
0.0032108,251
0.0032109,251
0.003211,251
0.0032111,251
0.0032112,251
0.0032113,251
0.0032114,251
0.0032115,251
0.0032116,251
0.0032117,251
0.0032118,251
0.0032119,251
0.003212,251
0.0032121,251
0.0032122,251
0.0032123,251
0.0032124,251
0.0032125,251
0.0032126,251
0.0032127,251
0.0032128,251
0.0032129,252
0.003213,252
0.0032131,252
0.0032132,252
0.0032133,252
0.0032134,252
0.0032135,252
0.0032136,252
0.0032137,252
0.0032138,252
0.0032139,252
0.003214,252
0.0032141,252
0.0032142,252
0.0032143,252
0.0032144,252
0.0032145,252
0.0032146,252
0.0032147,252
0.0032148,252
0.0032149,252
0.003215,252
0.0032151,252
0.0032152,252
0.0032153,252
0.0032154,252
0.0032155,252
0.0032156,252
0.0032157,252
0.0032158,252
0.0032159,252
0.003216,252
0.0032161,252
0.0032162,252
0.0032163,252
0.0032164,252
0.0032165,252
0.0032166,252
0.0032167,252
0.0032168,252
0.0032169,252
0.003217,252
0.0032171,252
0.0032172,252
0.0032173,252
0.0032174,252
0.0032175,252
0.0032176,252
0.0032177,252
0.0032178,252
0.0032179,252
0.003218,252
0.0032181,252
0.0032182,252
0.0032183,252
0.0032184,252
0.0032185,252
0.0032186,252
0.0032187,252
0.0032188,253
0.0032189,253
0.003219,253
0.0032191,253
0.0032192,253
0.0032193,253
0.0032194,253
0.0032195,253
0.0032196,253
0.0032197,253
0.0032198,253
0.0032199,253
0.00322,253
0.0032201,253
0.0032202,253
0.0032203,253
0.0032204,253
0.0032205,253
0.0032206,253
0.0032207,253
0.0032208,253
0.0032209,253
0.003221,253
0.0032211,253
0.0032212,253
0.0032213,253
0.0032214,253
0.0032215,253
0.0032216,253
0.0032217,253
0.0032218,253
0.0032219,253
0.003222,253
0.0032221,253
0.0032222,253
0.0032223,253
0.0032224,253
0.0032225,253
0.0032226,253
0.0032227,253
0.0032228,253
0.0032229,253
0.003223,253
0.0032231,253
0.0032232,253
0.0032233,253
0.0032234,253
0.0032235,253
0.0032236,253
0.0032237,253
0.0032238,253
0.0032239,253
0.003224,253
0.0032241,253
0.0032242,253
0.0032243,253
0.0032244,253
0.0032245,253
0.0032246,253
0.0032247,253
0.0032248,253
0.0032249,253
0.003225,253
0.0032251,253
0.0032252,253
0.0032253,253
0.0032254,253
0.0032255,253
0.0032256,254
0.0032257,254
0.0032258,254
0.0032259,254
0.003226,254
0.0032261,254
0.0032262,254
0.0032263,254
0.0032264,254
0.0032265,254
0.0032266,254
0.0032267,254
0.0032268,254
0.0032269,254
0.003227,254
0.0032271,254
0.0032272,254
0.0032273,254
0.0032274,254
0.0032275,254
0.0032276,254
0.0032277,254
0.0032278,254
0.0032279,254
0.003228,254
0.0032281,254
0.0032282,254
0.0032283,254
0.0032284,254
0.0032285,254
0.0032286,254
0.0032287,254
0.0032288,254
0.0032289,254
0.003229,254
0.0032291,254
0.0032292,254
0.0032293,254
0.0032294,254
0.0032295,254
0.0032296,254
0.0032297,254
0.0032298,254
0.0032299,254
0.00323,254
0.0032301,254
0.0032302,254
0.0032303,254
0.0032304,254
0.0032305,254
0.0032306,254
0.0032307,254
0.0032308,254
0.0032309,254
0.003231,254
0.0032311,254
0.0032312,254
0.0032313,254
0.0032314,254
0.0032315,254
0.0032316,254
0.0032317,254
0.0032318,254
0.0032319,254
0.003232,254
0.0032321,254
0.0032322,254
0.0032323,254
0.0032324,254
0.0032325,254
0.0032326,254
0.0032327,254
0.0032328,254
0.0032329,254
0.003233,254
0.0032331,254
0.0032332,254
0.0032333,254
0.0032334,254
0.0032335,254
0.0032336,254
0.0032337,254
0.0032338,254
0.0032339,254
0.003234,254
0.0032341,254
0.0032342,254
0.0032343,254
0.0032344,254
0.0032345,254
0.0032346,254
0.0032347,254
0.0032348,254
0.0032349,254
0.003235,254
0.0032351,254
0.0032352,254
0.0032353,254
0.0032354,254
0.0032355,254
0.0032356,254
0.0032357,254
0.0032358,254
0.0032359,254
0.003236,254
0.0032361,254
0.0032362,254
0.0032363,254
0.0032364,255
0.0032365,255
0.0032366,255
0.0032367,255
0.0032368,255
0.0032369,255
0.003237,255
0.0032371,255
0.0032372,255
0.0032373,255
0.0032374,255
0.0032375,255
0.0032376,255
0.0032377,255
0.0032378,255
0.0032379,255
0.003238,255
0.0032381,255
0.0032382,255
0.0032383,255
0.0032384,255
0.0032385,255
0.0032386,255
0.0032387,255
0.0032388,255
0.0032389,255
0.003239,255
0.0032391,255
0.0032392,255
0.0032393,255
0.0032394,255
0.0032395,255
0.0032396,255
0.0032397,255
0.0032398,255
0.0032399,255
0.00324,255
0.0032401,255
0.0032402,255
0.0032403,255
0.0032404,255
0.0032405,255
0.0032406,255
0.0032407,255
0.0032408,255
0.0032409,255
0.003241,255
0.0032411,255
0.0032412,255
0.0032413,255
0.0032414,255
0.0032415,255
0.0032416,255
0.0032417,255
0.0032418,255
0.0032419,255
0.003242,255
0.0032421,255
0.0032422,255
0.0032423,255
0.0032424,255
0.0032425,255
0.0032426,255
0.0032427,255
0.0032428,255
0.0032429,255
0.003243,255
0.0032431,255
0.0032432,255
0.0032433,255
0.0032434,255
0.0032435,255
0.0032436,255
0.0032437,255
0.0032438,255
0.0032439,255
0.003244,255
0.0032441,255
0.0032442,255
0.0032443,255
0.0032444,255
0.0032445,255
0.0032446,255
0.0032447,255
0.0032448,255
0.0032449,255
0.003245,255
0.0032451,255
0.0032452,255
0.0032453,255
0.0032454,255
0.0032455,255
0.0032456,255
0.0032457,255
0.0032458,255
0.0032459,255
0.003246,255
0.0032461,255
0.0032462,255
0.0032463,255
0.0032464,255
0.0032465,255
0.0032466,255
0.0032467,255
0.0032468,255
0.0032469,255
0.003247,255
0.0032471,255
0.0032472,255
0.0032473,255
0.0032474,255
0.0032475,255
0.0032476,255
0.0032477,255
0.0032478,255
0.0032479,255
0.003248,255
0.0032481,255
0.0032482,255
0.0032483,255
0.0032484,255
0.0032485,255
0.0032486,255
0.0032487,255
0.0032488,255
0.0032489,255
0.003249,255
0.0032491,255
0.0032492,255
0.0032493,255
0.0032494,255
0.0032495,255
0.0032496,255
0.0032497,255
0.0032498,255
0.0032499,255
0.00325,255
0.0032501,255
0.0032502,255
0.0032503,255
0.0032504,255
0.0032505,255
0.0032506,255
0.0032507,255
0.0032508,255
0.0032509,255
0.003251,255
0.0032511,255
0.0032512,255
0.0032513,255
0.0032514,255
0.0032515,255
0.0032516,255
0.0032517,255
0.0032518,255
0.0032519,255
0.003252,255
0.0032521,255
0.0032522,255
0.0032523,255
0.0032524,255
0.0032525,255
0.0032526,255
0.0032527,255
0.0032528,255
0.0032529,255
0.003253,255
0.0032531,255
0.0032532,255
0.0032533,255
0.0032534,255
0.0032535,255
0.0032536,255
0.0032537,255
0.0032538,255
0.0032539,255
0.003254,255
0.0032541,255
0.0032542,255
0.0032543,255
0.0032544,255
0.0032545,255
0.0032546,255
0.0032547,255
0.0032548,255
0.0032549,255
0.003255,255
0.0032551,255
0.0032552,255
0.0032553,255
0.0032554,255
0.0032555,255
0.0032556,255
0.0032557,255
0.0032558,255
0.0032559,255
0.003256,255
0.0032561,255
0.0032562,255
0.0032563,255
0.0032564,255
0.0032565,255
0.0032566,255
0.0032567,255
0.0032568,255
0.0032569,255
0.003257,255
0.0032571,255
0.0032572,255
0.0032573,255
0.0032574,255
0.0032575,255
0.0032576,255
0.0032577,255
0.0032578,255
0.0032579,255
0.003258,255
0.0032581,255
0.0032582,255
0.0032583,255
0.0032584,255
0.0032585,255
0.0032586,255
0.0032587,255
0.0032588,255
0.0032589,255
0.003259,255
0.0032591,255
0.0032592,255
0.0032593,255
0.0032594,255
0.0032595,255
0.0032596,255
0.0032597,255
0.0032598,255
0.0032599,255
0.00326,255
0.0032601,255
0.0032602,255
0.0032603,255
0.0032604,255
0.0032605,255
0.0032606,255
0.0032607,255
0.0032608,255
0.0032609,255
0.003261,255
0.0032611,255
0.0032612,255
0.0032613,255
0.0032614,255
0.0032615,255
0.0032616,255
0.0032617,255
0.0032618,255
0.0032619,255
0.003262,255
0.0032621,255
0.0032622,255
0.0032623,255
0.0032624,255
0.0032625,255
0.0032626,255
0.0032627,255
0.0032628,255
0.0032629,255
0.003263,255
0.0032631,255
0.0032632,255
0.0032633,255
0.0032634,255
0.0032635,255
0.0032636,255
0.0032637,255
0.0032638,255
0.0032639,255
0.003264,255
0.0032641,255
0.0032642,255
0.0032643,255
0.0032644,255
0.0032645,255
0.0032646,255
0.0032647,254
0.0032648,254
0.0032649,254
0.003265,254
0.0032651,254
0.0032652,254
0.0032653,254
0.0032654,254
0.0032655,254
0.0032656,254
0.0032657,254
0.0032658,254
0.0032659,254
0.003266,254
0.0032661,254
0.0032662,254
0.0032663,254
0.0032664,254
0.0032665,254
0.0032666,254
0.0032667,254
0.0032668,254
0.0032669,254
0.003267,254
0.0032671,254
0.0032672,254
0.0032673,254
0.0032674,254
0.0032675,254
0.0032676,254
0.0032677,254
0.0032678,254
0.0032679,254
0.003268,254
0.0032681,254
0.0032682,254
0.0032683,254
0.0032684,254
0.0032685,254
0.0032686,254
0.0032687,254
0.0032688,254
0.0032689,254
0.003269,254
0.0032691,254
0.0032692,254
0.0032693,254
0.0032694,254
0.0032695,254
0.0032696,254
0.0032697,254
0.0032698,254
0.0032699,254
0.00327,254
0.0032701,254
0.0032702,254
0.0032703,254
0.0032704,254
0.0032705,254
0.0032706,254
0.0032707,254
0.0032708,254
0.0032709,254
0.003271,254
0.0032711,254
0.0032712,254
0.0032713,254
0.0032714,254
0.0032715,254
0.0032716,254
0.0032717,254
0.0032718,254
0.0032719,254
0.003272,254
0.0032721,254
0.0032722,254
0.0032723,254
0.0032724,254
0.0032725,254
0.0032726,254
0.0032727,254
0.0032728,254
0.0032729,254
0.003273,254
0.0032731,254
0.0032732,254
0.0032733,254
0.0032734,254
0.0032735,254
0.0032736,254
0.0032737,254
0.0032738,254
0.0032739,254
0.003274,254
0.0032741,254
0.0032742,254
0.0032743,254
0.0032744,254
0.0032745,254
0.0032746,254
0.0032747,254
0.0032748,254
0.0032749,254
0.003275,254
0.0032751,254
0.0032752,254
0.0032753,254
0.0032754,253
0.0032755,253
0.0032756,253
0.0032757,253
0.0032758,253
0.0032759,253
0.003276,253
0.0032761,253
0.0032762,253
0.0032763,253
0.0032764,253
0.0032765,253
0.0032766,253
0.0032767,253
0.0032768,253
0.0032769,253
0.003277,253
0.0032771,253
0.0032772,253
0.0032773,253
0.0032774,253
0.0032775,253
0.0032776,253
0.0032777,253
0.0032778,253
0.0032779,253
0.003278,253
0.0032781,253
0.0032782,253
0.0032783,253
0.0032784,253
0.0032785,253
0.0032786,253
0.0032787,253
0.0032788,253
0.0032789,253
0.003279,253
0.0032791,253
0.0032792,253
0.0032793,253
0.0032794,253
0.0032795,253
0.0032796,253
0.0032797,253
0.0032798,253
0.0032799,253
0.00328,253
0.0032801,253
0.0032802,253
0.0032803,253
0.0032804,253
0.0032805,253
0.0032806,253
0.0032807,253
0.0032808,253
0.0032809,253
0.003281,253
0.0032811,253
0.0032812,253
0.0032813,253
0.0032814,253
0.0032815,253
0.0032816,253
0.0032817,253
0.0032818,253
0.0032819,253
0.003282,253
0.0032821,253
0.0032822,253
0.0032823,252
0.0032824,252
0.0032825,252
0.0032826,252
0.0032827,252
0.0032828,252
0.0032829,252
0.003283,252
0.0032831,252
0.0032832,252
0.0032833,252
0.0032834,252
0.0032835,252
0.0032836,252
0.0032837,252
0.0032838,252
0.0032839,252
0.003284,252
0.0032841,252
0.0032842,252
0.0032843,252
0.0032844,252
0.0032845,252
0.0032846,252
0.0032847,252
0.0032848,252
0.0032849,252
0.003285,252
0.0032851,252
0.0032852,252
0.0032853,252
0.0032854,252
0.0032855,252
0.0032856,252
0.0032857,252
0.0032858,252
0.0032859,252
0.003286,252
0.0032861,252
0.0032862,252
0.0032863,252
0.0032864,252
0.0032865,252
0.0032866,252
0.0032867,252
0.0032868,252
0.0032869,252
0.003287,252
0.0032871,252
0.0032872,252
0.0032873,252
0.0032874,252
0.0032875,252
0.0032876,252
0.0032877,252
0.0032878,252
0.0032879,252
0.003288,252
0.0032881,251
0.0032882,251
0.0032883,251
0.0032884,251
0.0032885,251
0.0032886,251
0.0032887,251
0.0032888,251
0.0032889,251
0.003289,251
0.0032891,251
0.0032892,251
0.0032893,251
0.0032894,251
0.0032895,251
0.0032896,251
0.0032897,251
0.0032898,251
0.0032899,251
0.00329,251
0.0032901,251
0.0032902,251
0.0032903,251
0.0032904,251
0.0032905,251
0.0032906,251
0.0032907,251
0.0032908,251
0.0032909,251
0.003291,251
0.0032911,251
0.0032912,251
0.0032913,251
0.0032914,251
0.0032915,251
0.0032916,251
0.0032917,251
0.0032918,251
0.0032919,251
0.003292,251
0.0032921,251
0.0032922,251
0.0032923,251
0.0032924,251
0.0032925,251
0.0032926,251
0.0032927,251
0.0032928,251
0.0032929,251
0.003293,250
0.0032931,250
0.0032932,250
0.0032933,250
0.0032934,250
0.0032935,250
0.0032936,250
0.0032937,250
0.0032938,250
0.0032939,250
0.003294,250
0.0032941,250
0.0032942,250
0.0032943,250
0.0032944,250
0.0032945,250
0.0032946,250
0.0032947,250
0.0032948,250
0.0032949,250
0.003295,250
0.0032951,250
0.0032952,250
0.0032953,250
0.0032954,250
0.0032955,250
0.0032956,250
0.0032957,250
0.0032958,250
0.0032959,250
0.003296,250
0.0032961,250
0.0032962,250
0.0032963,250
0.0032964,250
0.0032965,250
0.0032966,250
0.0032967,250
0.0032968,250
0.0032969,250
0.003297,250
0.0032971,250
0.0032972,250
0.0032973,250
0.0032974,250
0.0032975,250
0.0032976,250
0.0032977,250
0.0032978,250
0.0032979,249
0.003298,249
0.0032981,249
0.0032982,249
0.0032983,249
0.0032984,249
0.0032985,249
0.0032986,249
0.0032987,249
0.0032988,249
0.0032989,249
0.003299,249
0.0032991,249
0.0032992,249
0.0032993,249
0.0032994,249
0.0032995,249
0.0032996,249
0.0032997,249
0.0032998,249
0.0032999,249
0.0033,249
0.0033001,249
0.0033002,249
0.0033003,249
0.0033004,249
0.0033005,249
0.0033006,249
0.0033007,249
0.0033008,249
0.0033009,249
0.003301,249
0.0033011,249
0.0033012,249
0.0033013,249
0.0033014,249
0.0033015,249
0.0033016,249
0.0033017,249
0.0033018,248
0.0033019,248
0.003302,248
0.0033021,248
0.0033022,248
0.0033023,248
0.0033024,248
0.0033025,248
0.0033026,248
0.0033027,248
0.0033028,248
0.0033029,248
0.003303,248
0.0033031,248
0.0033032,248
0.0033033,248
0.0033034,248
0.0033035,248
0.0033036,248
0.0033037,248
0.0033038,248
0.0033039,248
0.003304,248
0.0033041,248
0.0033042,248
0.0033043,248
0.0033044,248
0.0033045,248
0.0033046,248
0.0033047,248
0.0033048,248
0.0033049,248
0.003305,248
0.0033051,248
0.0033052,248
0.0033053,248
0.0033054,248
0.0033055,248
0.0033056,248
0.0033057,247
0.0033058,247
0.0033059,247
0.003306,247
0.0033061,247
0.0033062,247
0.0033063,247
0.0033064,247
0.0033065,247
0.0033066,247
0.0033067,247
0.0033068,247
0.0033069,247
0.003307,247
0.0033071,247
0.0033072,247
0.0033073,247
0.0033074,247
0.0033075,247
0.0033076,247
0.0033077,247
0.0033078,247
0.0033079,247
0.003308,247
0.0033081,247
0.0033082,247
0.0033083,247
0.0033084,247
0.0033085,247
0.0033086,246
0.0033087,246
0.0033088,246
0.0033089,246
0.003309,246
0.0033091,246
0.0033092,246
0.0033093,246
0.0033094,246
0.0033095,246
0.0033096,246
0.0033097,246
0.0033098,246
0.0033099,246
0.00331,246
0.0033101,246
0.0033102,246
0.0033103,246
0.0033104,246
0.0033105,246
0.0033106,246
0.0033107,246
0.0033108,246
0.0033109,246
0.003311,246
0.0033111,246
0.0033112,246
0.0033113,246
0.0033114,246
0.0033115,246
0.0033116,246
0.0033117,246
0.0033118,246
0.0033119,246
0.003312,246
0.0033121,246
0.0033122,246
0.0033123,246
0.0033124,246
0.0033125,246
0.0033126,245
0.0033127,245
0.0033128,245
0.0033129,245
0.003313,245
0.0033131,245
0.0033132,245
0.0033133,245
0.0033134,245
0.0033135,245
0.0033136,245
0.0033137,245
0.0033138,245
0.0033139,245
0.003314,245
0.0033141,245
0.0033142,245
0.0033143,245
0.0033144,245
0.0033145,245
0.0033146,245
0.0033147,245
0.0033148,245
0.0033149,245
0.003315,245
0.0033151,245
0.0033152,245
0.0033153,245
0.0033154,245
0.0033155,244
0.0033156,244
0.0033157,244
0.0033158,244
0.0033159,244
0.003316,244
0.0033161,244
0.0033162,244
0.0033163,244
0.0033164,244
0.0033165,244
0.0033166,244
0.0033167,244
0.0033168,244
0.0033169,244
0.003317,244
0.0033171,244
0.0033172,244
0.0033173,244
0.0033174,244
0.0033175,244
0.0033176,244
0.0033177,244
0.0033178,244
0.0033179,244
0.003318,244
0.0033181,244
0.0033182,244
0.0033183,244
0.0033184,243
0.0033185,243
0.0033186,243
0.0033187,243
0.0033188,243
0.0033189,243
0.003319,243
0.0033191,243
0.0033192,243
0.0033193,243
0.0033194,243
0.0033195,243
0.0033196,243
0.0033197,243
0.0033198,243
0.0033199,243
0.00332,243
0.0033201,243
0.0033202,243
0.0033203,243
0.0033204,243
0.0033205,243
0.0033206,243
0.0033207,243
0.0033208,243
0.0033209,243
0.003321,243
0.0033211,243
0.0033212,243
0.0033213,242
0.0033214,242
0.0033215,242
0.0033216,242
0.0033217,242
0.0033218,242
0.0033219,242
0.003322,242
0.0033221,242
0.0033222,242
0.0033223,242
0.0033224,242
0.0033225,242
0.0033226,242
0.0033227,242
0.0033228,242
0.0033229,242
0.003323,242
0.0033231,242
0.0033232,242
0.0033233,242
0.0033234,242
0.0033235,242
0.0033236,242
0.0033237,242
0.0033238,242
0.0033239,242
0.003324,242
0.0033241,242
0.0033242,242
0.0033243,241
0.0033244,241
0.0033245,241
0.0033246,241
0.0033247,241
0.0033248,241
0.0033249,241
0.003325,241
0.0033251,241
0.0033252,241
0.0033253,241
0.0033254,241
0.0033255,241
0.0033256,241
0.0033257,241
0.0033258,241
0.0033259,241
0.003326,241
0.0033261,241
0.0033262,241
0.0033263,241
0.0033264,241
0.0033265,241
0.0033266,241
0.0033267,241
0.0033268,241
0.0033269,241
0.003327,241
0.0033271,241
0.0033272,240
0.0033273,240
0.0033274,240
0.0033275,240
0.0033276,240
0.0033277,240
0.0033278,240
0.0033279,240
0.003328,240
0.0033281,240
0.0033282,240
0.0033283,240
0.0033284,240
0.0033285,240
0.0033286,240
0.0033287,240
0.0033288,240
0.0033289,240
0.003329,240
0.0033291,240
0.0033292,240
0.0033293,240
0.0033294,240
0.0033295,240
0.0033296,240
0.0033297,240
0.0033298,240
0.0033299,240
0.00333,240
0.0033301,239
0.0033302,239
0.0033303,239
0.0033304,239
0.0033305,239
0.0033306,239
0.0033307,239
0.0033308,239
0.0033309,239
0.003331,239
0.0033311,239
0.0033312,239
0.0033313,239
0.0033314,239
0.0033315,239
0.0033316,239
0.0033317,239
0.0033318,239
0.0033319,239
0.003332,239
0.0033321,239
0.0033322,239
0.0033323,239
0.0033324,239
0.0033325,239
0.0033326,239
0.0033327,239
0.0033328,239
0.0033329,239
0.003333,239
0.0033331,238
0.0033332,238
0.0033333,238
0.0033334,238
0.0033335,238
0.0033336,238
0.0033337,238
0.0033338,238
0.0033339,238
0.003334,238
0.0033341,238
0.0033342,238
0.0033343,238
0.0033344,238
0.0033345,238
0.0033346,238
0.0033347,238
0.0033348,238
0.0033349,238
0.003335,237
0.0033351,237
0.0033352,237
0.0033353,237
0.0033354,237
0.0033355,237
0.0033356,237
0.0033357,237
0.0033358,237
0.0033359,237
0.003336,237
0.0033361,237
0.0033362,237
0.0033363,237
0.0033364,237
0.0033365,237
0.0033366,237
0.0033367,237
0.0033368,237
0.0033369,237
0.003337,237
0.0033371,237
0.0033372,237
0.0033373,237
0.0033374,237
0.0033375,237
0.0033376,237
0.0033377,237
0.0033378,237
0.0033379,236
0.003338,236
0.0033381,236
0.0033382,236
0.0033383,236
0.0033384,236
0.0033385,236
0.0033386,236
0.0033387,236
0.0033388,236
0.0033389,236
0.003339,236
0.0033391,236
0.0033392,236
0.0033393,236
0.0033394,236
0.0033395,236
0.0033396,236
0.0033397,236
0.0033398,236
0.0033399,235
0.00334,235
0.0033401,235
0.0033402,235
0.0033403,235
0.0033404,235
0.0033405,235
0.0033406,235
0.0033407,235
0.0033408,235
0.0033409,235
0.003341,235
0.0033411,235
0.0033412,235
0.0033413,235
0.0033414,235
0.0033415,235
0.0033416,235
0.0033417,235
0.0033418,235
0.0033419,234
0.003342,234
0.0033421,234
0.0033422,234
0.0033423,234
0.0033424,234
0.0033425,234
0.0033426,234
0.0033427,234
0.0033428,234
0.0033429,234
0.003343,234
0.0033431,234
0.0033432,234
0.0033433,234
0.0033434,234
0.0033435,234
0.0033436,234
0.0033437,234
0.0033438,234
0.0033439,234
0.003344,234
0.0033441,234
0.0033442,234
0.0033443,234
0.0033444,234
0.0033445,234
0.0033446,234
0.0033447,234
0.0033448,233
0.0033449,233
0.003345,233
0.0033451,233
0.0033452,233
0.0033453,233
0.0033454,233
0.0033455,233
0.0033456,233
0.0033457,233
0.0033458,233
0.0033459,233
0.003346,233
0.0033461,233
0.0033462,233
0.0033463,233
0.0033464,233
0.0033465,233
0.0033466,233
0.0033467,232
0.0033468,232
0.0033469,232
0.003347,232
0.0033471,232
0.0033472,232
0.0033473,232
0.0033474,232
0.0033475,232
0.0033476,232
0.0033477,232
0.0033478,232
0.0033479,232
0.003348,232
0.0033481,232
0.0033482,232
0.0033483,232
0.0033484,232
0.0033485,232
0.0033486,232
0.0033487,231
0.0033488,231
0.0033489,231
0.003349,231
0.0033491,231
0.0033492,231
0.0033493,231
0.0033494,231
0.0033495,231
0.0033496,231
0.0033497,231
0.0033498,231
0.0033499,231
0.00335,231
0.0033501,231
0.0033502,231
0.0033503,231
0.0033504,231
0.0033505,231
0.0033506,230
0.0033507,230
0.0033508,230
0.0033509,230
0.003351,230
0.0033511,230
0.0033512,230
0.0033513,230
0.0033514,230
0.0033515,230
0.0033516,230
0.0033517,230
0.0033518,230
0.0033519,230
0.003352,230
0.0033521,230
0.0033522,230
0.0033523,230
0.0033524,230
0.0033525,230
0.0033526,230
0.0033527,230
0.0033528,230
0.0033529,230
0.003353,230
0.0033531,230
0.0033532,230
0.0033533,230
0.0033534,230
0.0033535,230
0.0033536,229
0.0033537,229
0.0033538,229
0.0033539,229
0.003354,229
0.0033541,229
0.0033542,229
0.0033543,229
0.0033544,229
0.0033545,229
0.0033546,229
0.0033547,229
0.0033548,229
0.0033549,229
0.003355,229
0.0033551,229
0.0033552,229
0.0033553,229
0.0033554,229
0.0033555,228
0.0033556,228
0.0033557,228
0.0033558,228
0.0033559,228
0.003356,228
0.0033561,228
0.0033562,228
0.0033563,228
0.0033564,228
0.0033565,228
0.0033566,228
0.0033567,228
0.0033568,228
0.0033569,228
0.003357,228
0.0033571,228
0.0033572,228
0.0033573,228
0.0033574,228
0.0033575,227
0.0033576,227
0.0033577,227
0.0033578,227
0.0033579,227
0.003358,227
0.0033581,227
0.0033582,227
0.0033583,227
0.0033584,227
0.0033585,227
0.0033586,227
0.0033587,227
0.0033588,227
0.0033589,227
0.003359,227
0.0033591,227
0.0033592,227
0.0033593,227
0.0033594,226
0.0033595,226
0.0033596,226
0.0033597,226
0.0033598,226
0.0033599,226
0.00336,226
0.0033601,226
0.0033602,226
0.0033603,226
0.0033604,226
0.0033605,226
0.0033606,226
0.0033607,226
0.0033608,226
0.0033609,226
0.003361,226
0.0033611,226
0.0033612,226
0.0033613,226
0.0033614,225
0.0033615,225
0.0033616,225
0.0033617,225
0.0033618,225
0.0033619,225
0.003362,225
0.0033621,225
0.0033622,225
0.0033623,225
0.0033624,225
0.0033625,225
0.0033626,225
0.0033627,225
0.0033628,225
0.0033629,225
0.003363,225
0.0033631,225
0.0033632,225
0.0033633,224
0.0033634,224
0.0033635,224
0.0033636,224
0.0033637,224
0.0033638,224
0.0033639,224
0.003364,224
0.0033641,224
0.0033642,224
0.0033643,224
0.0033644,224
0.0033645,224
0.0033646,224
0.0033647,224
0.0033648,224
0.0033649,224
0.003365,224
0.0033651,224
0.0033652,224
0.0033653,223
0.0033654,223
0.0033655,223
0.0033656,223
0.0033657,223
0.0033658,223
0.0033659,223
0.003366,223
0.0033661,223
0.0033662,223
0.0033663,223
0.0033664,223
0.0033665,223
0.0033666,223
0.0033667,223
0.0033668,223
0.0033669,223
0.003367,223
0.0033671,223
0.0033672,222
0.0033673,222
0.0033674,222
0.0033675,222
0.0033676,222
0.0033677,222
0.0033678,222
0.0033679,222
0.003368,222
0.0033681,222
0.0033682,222
0.0033683,222
0.0033684,222
0.0033685,222
0.0033686,222
0.0033687,222
0.0033688,222
0.0033689,222
0.003369,222
0.0033691,222
0.0033692,221
0.0033693,221
0.0033694,221
0.0033695,221
0.0033696,221
0.0033697,221
0.0033698,221
0.0033699,221
0.00337,221
0.0033701,221
0.0033702,221
0.0033703,221
0.0033704,221
0.0033705,221
0.0033706,221
0.0033707,221
0.0033708,221
0.0033709,221
0.003371,221
0.0033711,220
0.0033712,220
0.0033713,220
0.0033714,220
0.0033715,220
0.0033716,220
0.0033717,220
0.0033718,220
0.0033719,220
0.003372,220
0.0033721,219
0.0033722,219
0.0033723,219
0.0033724,219
0.0033725,219
0.0033726,219
0.0033727,219
0.0033728,219
0.0033729,219
0.003373,219
0.0033731,219
0.0033732,219
0.0033733,219
0.0033734,219
0.0033735,219
0.0033736,219
0.0033737,219
0.0033738,219
0.0033739,219
0.003374,219
0.0033741,218
0.0033742,218
0.0033743,218
0.0033744,218
0.0033745,218
0.0033746,218
0.0033747,218
0.0033748,218
0.0033749,218
0.003375,218
0.0033751,218
0.0033752,218
0.0033753,218
0.0033754,218
0.0033755,218
0.0033756,218
0.0033757,218
0.0033758,218
0.0033759,218
0.003376,217
0.0033761,217
0.0033762,217
0.0033763,217
0.0033764,217
0.0033765,217
0.0033766,217
0.0033767,217
0.0033768,217
0.0033769,217
0.003377,217
0.0033771,217
0.0033772,217
0.0033773,217
0.0033774,217
0.0033775,217
0.0033776,217
0.0033777,217
0.0033778,217
0.0033779,217
0.003378,216
0.0033781,216
0.0033782,216
0.0033783,216
0.0033784,216
0.0033785,216
0.0033786,216
0.0033787,216
0.0033788,216
0.0033789,216
0.003379,216
0.0033791,216
0.0033792,216
0.0033793,216
0.0033794,216
0.0033795,216
0.0033796,216
0.0033797,216
0.0033798,216
0.0033799,215
0.00338,215
0.0033801,215
0.0033802,215
0.0033803,215
0.0033804,215
0.0033805,215
0.0033806,215
0.0033807,215
0.0033808,215
0.0033809,214
0.003381,214
0.0033811,214
0.0033812,214
0.0033813,214
0.0033814,214
0.0033815,214
0.0033816,214
0.0033817,214
0.0033818,214
0.0033819,214
0.003382,214
0.0033821,214
0.0033822,214
0.0033823,214
0.0033824,214
0.0033825,214
0.0033826,214
0.0033827,214
0.0033828,214
0.0033829,213
0.003383,213
0.0033831,213
0.0033832,213
0.0033833,213
0.0033834,213
0.0033835,213
0.0033836,213
0.0033837,213
0.0033838,213
0.0033839,213
0.003384,213
0.0033841,213
0.0033842,213
0.0033843,213
0.0033844,213
0.0033845,213
0.0033846,213
0.0033847,213
0.0033848,212
0.0033849,212
0.003385,212
0.0033851,212
0.0033852,212
0.0033853,212
0.0033854,212
0.0033855,212
0.0033856,212
0.0033857,212
0.0033858,212
0.0033859,212
0.003386,212
0.0033861,212
0.0033862,212
0.0033863,212
0.0033864,212
0.0033865,212
0.0033866,212
0.0033867,212
0.0033868,211
0.0033869,211
0.003387,211
0.0033871,211
0.0033872,211
0.0033873,211
0.0033874,211
0.0033875,211
0.0033876,211
0.0033877,211
0.0033878,210
0.0033879,210
0.003388,210
0.0033881,210
0.0033882,210
0.0033883,210
0.0033884,210
0.0033885,210
0.0033886,210
0.0033887,210
0.0033888,210
0.0033889,210
0.003389,210
0.0033891,210
0.0033892,210
0.0033893,210
0.0033894,210
0.0033895,210
0.0033896,210
0.0033897,209
0.0033898,209
0.0033899,209
0.00339,209
0.0033901,209
0.0033902,209
0.0033903,209
0.0033904,209
0.0033905,209
0.0033906,209
0.0033907,209
0.0033908,209
0.0033909,209
0.003391,209
0.0033911,209
0.0033912,209
0.0033913,209
0.0033914,209
0.0033915,209
0.0033916,209
0.0033917,208
0.0033918,208
0.0033919,208
0.003392,208
0.0033921,208
0.0033922,208
0.0033923,208
0.0033924,208
0.0033925,208
0.0033926,207
0.0033927,207
0.0033928,207
0.0033929,207
0.003393,207
0.0033931,207
0.0033932,207
0.0033933,207
0.0033934,207
0.0033935,207
0.0033936,207
0.0033937,207
0.0033938,207
0.0033939,207
0.003394,207
0.0033941,207
0.0033942,207
0.0033943,207
0.0033944,207
0.0033945,207
0.0033946,206
0.0033947,206
0.0033948,206
0.0033949,206
0.003395,206
0.0033951,206
0.0033952,206
0.0033953,206
0.0033954,206
0.0033955,206
0.0033956,206
0.0033957,206
0.0033958,206
0.0033959,206
0.003396,206
0.0033961,206
0.0033962,206
0.0033963,206
0.0033964,206
0.0033965,205
0.0033966,205
0.0033967,205
0.0033968,205
0.0033969,205
0.003397,205
0.0033971,205
0.0033972,205
0.0033973,205
0.0033974,205
0.0033975,204
0.0033976,204
0.0033977,204
0.0033978,204
0.0033979,204
0.003398,204
0.0033981,204
0.0033982,204
0.0033983,204
0.0033984,204
0.0033985,204
0.0033986,204
0.0033987,204
0.0033988,204
0.0033989,204
0.003399,204
0.0033991,204
0.0033992,204
0.0033993,204
0.0033994,204
0.0033995,203
0.0033996,203
0.0033997,203
0.0033998,203
0.0033999,203
0.0034,203
0.0034001,203
0.0034002,203
0.0034003,203
0.0034004,202
0.0034005,202
0.0034006,202
0.0034007,202
0.0034008,202
0.0034009,202
0.003401,202
0.0034011,202
0.0034012,202
0.0034013,202
0.0034014,202
0.0034015,202
0.0034016,202
0.0034017,202
0.0034018,202
0.0034019,202
0.003402,202
0.0034021,202
0.0034022,202
0.0034023,202
0.0034024,201
0.0034025,201
0.0034026,201
0.0034027,201
0.0034028,201
0.0034029,201
0.003403,201
0.0034031,201
0.0034032,201
0.0034033,201
0.0034034,200
0.0034035,200
0.0034036,200
0.0034037,200
0.0034038,200
0.0034039,200
0.003404,200
0.0034041,200
0.0034042,200
0.0034043,200
0.0034044,200
0.0034045,200
0.0034046,200
0.0034047,200
0.0034048,200
0.0034049,200
0.003405,200
0.0034051,200
0.0034052,200
0.0034053,199
0.0034054,199
0.0034055,199
0.0034056,199
0.0034057,199
0.0034058,199
0.0034059,199
0.003406,199
0.0034061,199
0.0034062,199
0.0034063,199
0.0034064,199
0.0034065,199
0.0034066,199
0.0034067,199
0.0034068,199
0.0034069,199
0.003407,199
0.0034071,199
0.0034072,199
0.0034073,198
0.0034074,198
0.0034075,198
0.0034076,198
0.0034077,198
0.0034078,198
0.0034079,198
0.003408,198
0.0034081,198
0.0034082,198
0.0034083,197
0.0034084,197
0.0034085,197
0.0034086,197
0.0034087,197
0.0034088,197
0.0034089,197
0.003409,197
0.0034091,197
0.0034092,197
0.0034093,197
0.0034094,197
0.0034095,197
0.0034096,197
0.0034097,197
0.0034098,197
0.0034099,197
0.00341,197
0.0034101,197
0.0034102,196
0.0034103,196
0.0034104,196
0.0034105,196
0.0034106,196
0.0034107,196
0.0034108,196
0.0034109,196
0.003411,196
0.0034111,196
0.0034112,195
0.0034113,195
0.0034114,195
0.0034115,195
0.0034116,195
0.0034117,195
0.0034118,195
0.0034119,195
0.003412,195
0.0034121,195
0.0034122,195
0.0034123,195
0.0034124,195
0.0034125,195
0.0034126,195
0.0034127,195
0.0034128,195
0.0034129,195
0.003413,195
0.0034131,194
0.0034132,194
0.0034133,194
0.0034134,194
0.0034135,194
0.0034136,194
0.0034137,194
0.0034138,194
0.0034139,194
0.003414,194
0.0034141,193
0.0034142,193
0.0034143,193
0.0034144,193
0.0034145,193
0.0034146,193
0.0034147,193
0.0034148,193
0.0034149,193
0.003415,193
0.0034151,193
0.0034152,193
0.0034153,193
0.0034154,193
0.0034155,193
0.0034156,193
0.0034157,193
0.0034158,193
0.0034159,193
0.003416,193
0.0034161,192
0.0034162,192
0.0034163,192
0.0034164,192
0.0034165,192
0.0034166,192
0.0034167,192
0.0034168,192
0.0034169,192
0.003417,191
0.0034171,191
0.0034172,191
0.0034173,191
0.0034174,191
0.0034175,191
0.0034176,191
0.0034177,191
0.0034178,191
0.0034179,191
0.003418,191
0.0034181,191
0.0034182,191
0.0034183,191
0.0034184,191
0.0034185,191
0.0034186,191
0.0034187,191
0.0034188,191
0.0034189,191
0.003419,190
0.0034191,190
0.0034192,190
0.0034193,190
0.0034194,190
0.0034195,190
0.0034196,190
0.0034197,190
0.0034198,190
0.0034199,190
0.00342,189
0.0034201,189
0.0034202,189
0.0034203,189
0.0034204,189
0.0034205,189
0.0034206,189
0.0034207,189
0.0034208,189
0.0034209,189
0.003421,189
0.0034211,189
0.0034212,189
0.0034213,189
0.0034214,189
0.0034215,189
0.0034216,189
0.0034217,189
0.0034218,189
0.0034219,188
0.003422,188
0.0034221,188
0.0034222,188
0.0034223,188
0.0034224,188
0.0034225,188
0.0034226,188
0.0034227,188
0.0034228,188
0.0034229,187
0.003423,187
0.0034231,187
0.0034232,187
0.0034233,187
0.0034234,187
0.0034235,187
0.0034236,187
0.0034237,187
0.0034238,187
0.0034239,186
0.003424,186
0.0034241,186
0.0034242,186
0.0034243,186
0.0034244,186
0.0034245,186
0.0034246,186
0.0034247,186
0.0034248,186
0.0034249,186
0.003425,186
0.0034251,186
0.0034252,186
0.0034253,186
0.0034254,186
0.0034255,186
0.0034256,186
0.0034257,186
0.0034258,185
0.0034259,185
0.003426,185
0.0034261,185
0.0034262,185
0.0034263,185
0.0034264,185
0.0034265,185
0.0034266,185
0.0034267,185
0.0034268,184
0.0034269,184
0.003427,184
0.0034271,184
0.0034272,184
0.0034273,184
0.0034274,184
0.0034275,184
0.0034276,184
0.0034277,184
0.0034278,184
0.0034279,184
0.003428,184
0.0034281,184
0.0034282,184
0.0034283,184
0.0034284,184
0.0034285,184
0.0034286,184
0.0034287,184
0.0034288,183
0.0034289,183
0.003429,183
0.0034291,183
0.0034292,183
0.0034293,183
0.0034294,183
0.0034295,183
0.0034296,183
0.0034297,182
0.0034298,182
0.0034299,182
0.00343,182
0.0034301,182
0.0034302,182
0.0034303,182
0.0034304,182
0.0034305,182
0.0034306,182
0.0034307,182
0.0034308,182
0.0034309,182
0.003431,182
0.0034311,182
0.0034312,182
0.0034313,182
0.0034314,182
0.0034315,182
0.0034316,182
0.0034317,181
0.0034318,181
0.0034319,181
0.003432,181
0.0034321,181
0.0034322,181
0.0034323,181
0.0034324,181
0.0034325,181
0.0034326,181
0.0034327,180
0.0034328,180
0.0034329,180
0.003433,180
0.0034331,180
0.0034332,180
0.0034333,180
0.0034334,180
0.0034335,180
0.0034336,179
0.0034337,179
0.0034338,179
0.0034339,179
0.003434,179
0.0034341,179
0.0034342,179
0.0034343,179
0.0034344,179
0.0034345,179
0.0034346,179
0.0034347,179
0.0034348,179
0.0034349,179
0.003435,179
0.0034351,179
0.0034352,179
0.0034353,179
0.0034354,179
0.0034355,179
0.0034356,178
0.0034357,178
0.0034358,178
0.0034359,178
0.003436,178
0.0034361,178
0.0034362,178
0.0034363,178
0.0034364,178
0.0034365,178
0.0034366,177
0.0034367,177
0.0034368,177
0.0034369,177
0.003437,177
0.0034371,177
0.0034372,177
0.0034373,177
0.0034374,177
0.0034375,177
0.0034376,177
0.0034377,177
0.0034378,177
0.0034379,177
0.003438,177
0.0034381,177
0.0034382,177
0.0034383,177
0.0034384,177
0.0034385,176
0.0034386,176
0.0034387,176
0.0034388,176
0.0034389,176
0.003439,176
0.0034391,176
0.0034392,176
0.0034393,176
0.0034394,176
0.0034395,175
0.0034396,175
0.0034397,175
0.0034398,175
0.0034399,175
0.00344,175
0.0034401,175
0.0034402,175
0.0034403,175
0.0034404,175
0.0034405,174
0.0034406,174
0.0034407,174
0.0034408,174
0.0034409,174
0.003441,174
0.0034411,174
0.0034412,174
0.0034413,174
0.0034414,174
0.0034415,174
0.0034416,174
0.0034417,174
0.0034418,174
0.0034419,174
0.003442,174
0.0034421,174
0.0034422,174
0.0034423,174
0.0034424,173
0.0034425,173
0.0034426,173
0.0034427,173
0.0034428,173
0.0034429,173
0.003443,173
0.0034431,173
0.0034432,173
0.0034433,173
0.0034434,172
0.0034435,172
0.0034436,172
0.0034437,172
0.0034438,172
0.0034439,172
0.003444,172
0.0034441,172
0.0034442,172
0.0034443,172
0.0034444,172
0.0034445,172
0.0034446,172
0.0034447,172
0.0034448,172
0.0034449,172
0.003445,172
0.0034451,172
0.0034452,172
0.0034453,172
0.0034454,171
0.0034455,171
0.0034456,171
0.0034457,171
0.0034458,171
0.0034459,171
0.003446,171
0.0034461,171
0.0034462,171
0.0034463,170
0.0034464,170
0.0034465,170
0.0034466,170
0.0034467,170
0.0034468,170
0.0034469,170
0.003447,170
0.0034471,170
0.0034472,170
0.0034473,169
0.0034474,169
0.0034475,169
0.0034476,169
0.0034477,169
0.0034478,169
0.0034479,169
0.003448,169
0.0034481,169
0.0034482,169
0.0034483,169
0.0034484,169
0.0034485,169
0.0034486,169
0.0034487,169
0.0034488,169
0.0034489,169
0.003449,169
0.0034491,169
0.0034492,169
0.0034493,168
0.0034494,168
0.0034495,168
0.0034496,168
0.0034497,168
0.0034498,168
0.0034499,168
0.00345,168
0.0034501,168
0.0034502,168
0.0034503,167
0.0034504,167
0.0034505,167
0.0034506,167
0.0034507,167
0.0034508,167
0.0034509,167
0.003451,167
0.0034511,167
0.0034512,166
0.0034513,166
0.0034514,166
0.0034515,166
0.0034516,166
0.0034517,166
0.0034518,166
0.0034519,166
0.003452,166
0.0034521,166
0.0034522,166
0.0034523,166
0.0034524,166
0.0034525,166
0.0034526,166
0.0034527,166
0.0034528,166
0.0034529,166
0.003453,166
0.0034531,166
0.0034532,165
0.0034533,165
0.0034534,165
0.0034535,165
0.0034536,165
0.0034537,165
0.0034538,165
0.0034539,165
0.003454,165
0.0034541,165
0.0034542,164
0.0034543,164
0.0034544,164
0.0034545,164
0.0034546,164
0.0034547,164
0.0034548,164
0.0034549,164
0.003455,164
0.0034551,163
0.0034552,163
0.0034553,163
0.0034554,163
0.0034555,163
0.0034556,163
0.0034557,163
0.0034558,163
0.0034559,163
0.003456,163
0.0034561,163
0.0034562,163
0.0034563,163
0.0034564,163
0.0034565,163
0.0034566,163
0.0034567,163
0.0034568,163
0.0034569,163
0.003457,163
0.0034571,162
0.0034572,162
0.0034573,162
0.0034574,162
0.0034575,162
0.0034576,162
0.0034577,162
0.0034578,162
0.0034579,162
0.003458,162
0.0034581,161
0.0034582,161
0.0034583,161
0.0034584,161
0.0034585,161
0.0034586,161
0.0034587,161
0.0034588,161
0.0034589,161
0.003459,160
0.0034591,160
0.0034592,160
0.0034593,160
0.0034594,160
0.0034595,160
0.0034596,160
0.0034597,160
0.0034598,160
0.0034599,160
0.00346,160
0.0034601,160
0.0034602,160
0.0034603,160
0.0034604,160
0.0034605,160
0.0034606,160
0.0034607,160
0.0034608,160
0.0034609,160
0.003461,159
0.0034611,159
0.0034612,159
0.0034613,159
0.0034614,159
0.0034615,159
0.0034616,159
0.0034617,159
0.0034618,159
0.0034619,159
0.003462,158
0.0034621,158
0.0034622,158
0.0034623,158
0.0034624,158
0.0034625,158
0.0034626,158
0.0034627,158
0.0034628,158
0.0034629,157
0.003463,157
0.0034631,157
0.0034632,157
0.0034633,157
0.0034634,157
0.0034635,157
0.0034636,157
0.0034637,157
0.0034638,157
0.0034639,157
0.003464,157
0.0034641,157
0.0034642,157
0.0034643,157
0.0034644,157
0.0034645,157
0.0034646,157
0.0034647,157
0.0034648,157
0.0034649,156
0.003465,156
0.0034651,156
0.0034652,156
0.0034653,156
0.0034654,156
0.0034655,156
0.0034656,156
0.0034657,156
0.0034658,156
0.0034659,155
0.003466,155
0.0034661,155
0.0034662,155
0.0034663,155
0.0034664,155
0.0034665,155
0.0034666,155
0.0034667,155
0.0034668,155
0.0034669,154
0.003467,154
0.0034671,154
0.0034672,154
0.0034673,154
0.0034674,154
0.0034675,154
0.0034676,154
0.0034677,154
0.0034678,154
0.0034679,154
0.003468,154
0.0034681,154
0.0034682,154
0.0034683,154
0.0034684,154
0.0034685,154
0.0034686,154
0.0034687,154
0.0034688,153
0.0034689,153
0.003469,153
0.0034691,153
0.0034692,153
0.0034693,153
0.0034694,153
0.0034695,153
0.0034696,153
0.0034697,153
0.0034698,152
0.0034699,152
0.00347,152
0.0034701,152
0.0034702,152
0.0034703,152
0.0034704,152
0.0034705,152
0.0034706,152
0.0034707,152
0.0034708,151
0.0034709,151
0.003471,151
0.0034711,151
0.0034712,151
0.0034713,151
0.0034714,151
0.0034715,151
0.0034716,151
0.0034717,150
0.0034718,150
0.0034719,150
0.003472,150
0.0034721,150
0.0034722,150
0.0034723,150
0.0034724,150
0.0034725,150
0.0034726,150
0.0034727,150
0.0034728,150
0.0034729,150
0.003473,150
0.0034731,150
0.0034732,150
0.0034733,150
0.0034734,150
0.0034735,150
0.0034736,150
0.0034737,149
0.0034738,149
0.0034739,149
0.003474,149
0.0034741,149
0.0034742,149
0.0034743,149
0.0034744,149
0.0034745,149
0.0034746,149
0.0034747,148
0.0034748,148
0.0034749,148
0.003475,148
0.0034751,148
0.0034752,148
0.0034753,148
0.0034754,148
0.0034755,148
0.0034756,147
0.0034757,147
0.0034758,147
0.0034759,147
0.003476,147
0.0034761,147
0.0034762,147
0.0034763,147
0.0034764,147
0.0034765,147
0.0034766,147
0.0034767,147
0.0034768,147
0.0034769,147
0.003477,147
0.0034771,147
0.0034772,147
0.0034773,147
0.0034774,147
0.0034775,147
0.0034776,146
0.0034777,146
0.0034778,146
0.0034779,146
0.003478,146
0.0034781,146
0.0034782,146
0.0034783,146
0.0034784,146
0.0034785,146
0.0034786,145
0.0034787,145
0.0034788,145
0.0034789,145
0.003479,145
0.0034791,145
0.0034792,145
0.0034793,145
0.0034794,145
0.0034795,144
0.0034796,144
0.0034797,144
0.0034798,144
0.0034799,144
0.00348,144
0.0034801,144
0.0034802,144
0.0034803,144
0.0034804,144
0.0034805,144
0.0034806,144
0.0034807,144
0.0034808,144
0.0034809,144
0.003481,144
0.0034811,144
0.0034812,144
0.0034813,144
0.0034814,144
0.0034815,143
0.0034816,143
0.0034817,143
0.0034818,143
0.0034819,143
0.003482,143
0.0034821,143
0.0034822,143
0.0034823,143
0.0034824,143
0.0034825,142
0.0034826,142
0.0034827,142
0.0034828,142
0.0034829,142
0.003483,142
0.0034831,142
0.0034832,142
0.0034833,142
0.0034834,142
0.0034835,141
0.0034836,141
0.0034837,141
0.0034838,141
0.0034839,141
0.003484,141
0.0034841,141
0.0034842,141
0.0034843,141
0.0034844,140
0.0034845,140
0.0034846,140
0.0034847,140
0.0034848,140
0.0034849,140
0.003485,140
0.0034851,140
0.0034852,140
0.0034853,140
0.0034854,140
0.0034855,140
0.0034856,140
0.0034857,140
0.0034858,140
0.0034859,140
0.003486,140
0.0034861,140
0.0034862,140
0.0034863,140
0.0034864,139
0.0034865,139
0.0034866,139
0.0034867,139
0.0034868,139
0.0034869,139
0.003487,139
0.0034871,139
0.0034872,139
0.0034873,139
0.0034874,138
0.0034875,138
0.0034876,138
0.0034877,138
0.0034878,138
0.0034879,138
0.003488,138
0.0034881,138
0.0034882,138
0.0034883,137
0.0034884,137
0.0034885,137
0.0034886,137
0.0034887,137
0.0034888,137
0.0034889,137
0.003489,137
0.0034891,137
0.0034892,137
0.0034893,137
0.0034894,137
0.0034895,137
0.0034896,137
0.0034897,137
0.0034898,137
0.0034899,137
0.00349,137
0.0034901,137
0.0034902,137
0.0034903,136
0.0034904,136
0.0034905,136
0.0034906,136
0.0034907,136
0.0034908,136
0.0034909,136
0.003491,136
0.0034911,136
0.0034912,136
0.0034913,135
0.0034914,135
0.0034915,135
0.0034916,135
0.0034917,135
0.0034918,135
0.0034919,135
0.003492,135
0.0034921,135
0.0034922,134
0.0034923,134
0.0034924,134
0.0034925,134
0.0034926,134
0.0034927,134
0.0034928,134
0.0034929,134
0.003493,134
0.0034931,134
0.0034932,133
0.0034933,133
0.0034934,133
0.0034935,133
0.0034936,133
0.0034937,133
0.0034938,133
0.0034939,133
0.003494,133
0.0034941,133
0.0034942,133
0.0034943,133
0.0034944,133
0.0034945,133
0.0034946,133
0.0034947,133
0.0034948,133
0.0034949,133
0.003495,133
0.0034951,133
0.0034952,132
0.0034953,132
0.0034954,132
0.0034955,132
0.0034956,132
0.0034957,132
0.0034958,132
0.0034959,132
0.003496,132
0.0034961,131
0.0034962,131
0.0034963,131
0.0034964,131
0.0034965,131
0.0034966,131
0.0034967,131
0.0034968,131
0.0034969,131
0.003497,131
0.0034971,130
0.0034972,130
0.0034973,130
0.0034974,130
0.0034975,130
0.0034976,130
0.0034977,130
0.0034978,130
0.0034979,130
0.003498,130
0.0034981,130
0.0034982,130
0.0034983,130
0.0034984,130
0.0034985,130
0.0034986,130
0.0034987,130
0.0034988,130
0.0034989,130
0.003499,130
0.0034991,129
0.0034992,129
0.0034993,129
0.0034994,129
0.0034995,129
0.0034996,129
0.0034997,129
0.0034998,129
0.0034999,129
0.0035,129
0.0035001,128
0.0035002,128
0.0035003,128
0.0035004,128
0.0035005,128
0.0035006,128
0.0035007,128
0.0035008,128
0.0035009,128
0.003501,127
0.0035011,127
0.0035012,127
0.0035013,127
0.0035014,127
0.0035015,127
0.0035016,127
0.0035017,127
0.0035018,127
0.0035019,127
0.003502,126
0.0035021,126
0.0035022,126
0.0035023,126
0.0035024,126
0.0035025,126
0.0035026,126
0.0035027,126
0.0035028,126
0.0035029,126
0.003503,126
0.0035031,126
0.0035032,126
0.0035033,126
0.0035034,126
0.0035035,126
0.0035036,126
0.0035037,126
0.0035038,126
0.0035039,126
0.003504,125
0.0035041,125
0.0035042,125
0.0035043,125
0.0035044,125
0.0035045,125
0.0035046,125
0.0035047,125
0.0035048,125
0.0035049,124
0.003505,124
0.0035051,124
0.0035052,124
0.0035053,124
0.0035054,124
0.0035055,124
0.0035056,124
0.0035057,124
0.0035058,124
0.0035059,123
0.003506,123
0.0035061,123
0.0035062,123
0.0035063,123
0.0035064,123
0.0035065,123
0.0035066,123
0.0035067,123
0.0035068,123
0.0035069,123
0.003507,123
0.0035071,123
0.0035072,123
0.0035073,123
0.0035074,123
0.0035075,123
0.0035076,123
0.0035077,123
0.0035078,123
0.0035079,122
0.003508,122
0.0035081,122
0.0035082,122
0.0035083,122
0.0035084,122
0.0035085,122
0.0035086,122
0.0035087,122
0.0035088,121
0.0035089,121
0.003509,121
0.0035091,121
0.0035092,121
0.0035093,121
0.0035094,121
0.0035095,121
0.0035096,121
0.0035097,121
0.0035098,120
0.0035099,120
0.00351,120
0.0035101,120
0.0035102,120
0.0035103,120
0.0035104,120
0.0035105,120
0.0035106,120
0.0035107,120
0.0035108,119
0.0035109,119
0.003511,119
0.0035111,119
0.0035112,119
0.0035113,119
0.0035114,119
0.0035115,119
0.0035116,119
0.0035117,119
0.0035118,119
0.0035119,119
0.003512,119
0.0035121,119
0.0035122,119
0.0035123,119
0.0035124,119
0.0035125,119
0.0035126,119
0.0035127,119
0.0035128,118
0.0035129,118
0.003513,118
0.0035131,118
0.0035132,118
0.0035133,118
0.0035134,118
0.0035135,118
0.0035136,118
0.0035137,117
0.0035138,117
0.0035139,117
0.003514,117
0.0035141,117
0.0035142,117
0.0035143,117
0.0035144,117
0.0035145,117
0.0035146,117
0.0035147,116
0.0035148,116
0.0035149,116
0.003515,116
0.0035151,116
0.0035152,116
0.0035153,116
0.0035154,116
0.0035155,116
0.0035156,116
0.0035157,116
0.0035158,116
0.0035159,116
0.003516,116
0.0035161,116
0.0035162,116
0.0035163,116
0.0035164,116
0.0035165,116
0.0035166,116
0.0035167,115
0.0035168,115
0.0035169,115
0.003517,115
0.0035171,115
0.0035172,115
0.0035173,115
0.0035174,115
0.0035175,115
0.0035176,114
0.0035177,114
0.0035178,114
0.0035179,114
0.003518,114
0.0035181,114
0.0035182,114
0.0035183,114
0.0035184,114
0.0035185,114
0.0035186,113
0.0035187,113
0.0035188,113
0.0035189,113
0.003519,113
0.0035191,113
0.0035192,113
0.0035193,113
0.0035194,113
0.0035195,113
0.0035196,112
0.0035197,112
0.0035198,112
0.0035199,112
0.00352,112
0.0035201,112
0.0035202,112
0.0035203,112
0.0035204,112
0.0035205,112
0.0035206,112
0.0035207,112
0.0035208,112
0.0035209,112
0.003521,112
0.0035211,112
0.0035212,112
0.0035213,112
0.0035214,112
0.0035215,111
0.0035216,111
0.0035217,111
0.0035218,111
0.0035219,111
0.003522,111
0.0035221,111
0.0035222,111
0.0035223,111
0.0035224,111
0.0035225,110
0.0035226,110
0.0035227,110
0.0035228,110
0.0035229,110
0.003523,110
0.0035231,110
0.0035232,110
0.0035233,110
0.0035234,110
0.0035235,109
0.0035236,109
0.0035237,109
0.0035238,109
0.0035239,109
0.003524,109
0.0035241,109
0.0035242,109
0.0035243,109
0.0035244,109
0.0035245,109
0.0035246,109
0.0035247,109
0.0035248,109
0.0035249,109
0.003525,109
0.0035251,109
0.0035252,109
0.0035253,109
0.0035254,108
0.0035255,108
0.0035256,108
0.0035257,108
0.0035258,108
0.0035259,108
0.003526,108
0.0035261,108
0.0035262,108
0.0035263,108
0.0035264,107
0.0035265,107
0.0035266,107
0.0035267,107
0.0035268,107
0.0035269,107
0.003527,107
0.0035271,107
0.0035272,107
0.0035273,107
0.0035274,106
0.0035275,106
0.0035276,106
0.0035277,106
0.0035278,106
0.0035279,106
0.003528,106
0.0035281,106
0.0035282,106
0.0035283,106
0.0035284,106
0.0035285,106
0.0035286,106
0.0035287,106
0.0035288,106
0.0035289,106
0.003529,106
0.0035291,106
0.0035292,106
0.0035293,106
0.0035294,105
0.0035295,105
0.0035296,105
0.0035297,105
0.0035298,105
0.0035299,105
0.00353,105
0.0035301,105
0.0035302,105
0.0035303,104
0.0035304,104
0.0035305,104
0.0035306,104
0.0035307,104
0.0035308,104
0.0035309,104
0.003531,104
0.0035311,104
0.0035312,104
0.0035313,103
0.0035314,103
0.0035315,103
0.0035316,103
0.0035317,103
0.0035318,103
0.0035319,103
0.003532,103
0.0035321,103
0.0035322,103
0.0035323,102
0.0035324,102
0.0035325,102
0.0035326,102
0.0035327,102
0.0035328,102
0.0035329,102
0.003533,102
0.0035331,102
0.0035332,102
0.0035333,102
0.0035334,102
0.0035335,102
0.0035336,102
0.0035337,102
0.0035338,102
0.0035339,102
0.003534,102
0.0035341,102
0.0035342,101
0.0035343,101
0.0035344,101
0.0035345,101
0.0035346,101
0.0035347,101
0.0035348,101
0.0035349,101
0.003535,101
0.0035351,101
0.0035352,100
0.0035353,100
0.0035354,100
0.0035355,100
0.0035356,100
0.0035357,100
0.0035358,100
0.0035359,100
0.003536,100
0.0035361,100
0.0035362,99
0.0035363,99
0.0035364,99
0.0035365,99
0.0035366,99
0.0035367,99
0.0035368,99
0.0035369,99
0.003537,99
0.0035371,99
0.0035372,99
0.0035373,99
0.0035374,99
0.0035375,99
0.0035376,99
0.0035377,99
0.0035378,99
0.0035379,99
0.003538,99
0.0035381,98
0.0035382,98
0.0035383,98
0.0035384,98
0.0035385,98
0.0035386,98
0.0035387,98
0.0035388,98
0.0035389,98
0.003539,98
0.0035391,97
0.0035392,97
0.0035393,97
0.0035394,97
0.0035395,97
0.0035396,97
0.0035397,97
0.0035398,97
0.0035399,97
0.00354,97
0.0035401,96
0.0035402,96
0.0035403,96
0.0035404,96
0.0035405,96
0.0035406,96
0.0035407,96
0.0035408,96
0.0035409,96
0.003541,96
0.0035411,96
0.0035412,96
0.0035413,96
0.0035414,96
0.0035415,96
0.0035416,96
0.0035417,96
0.0035418,96
0.0035419,96
0.003542,95
0.0035421,95
0.0035422,95
0.0035423,95
0.0035424,95
0.0035425,95
0.0035426,95
0.0035427,95
0.0035428,95
0.0035429,95
0.003543,94
0.0035431,94
0.0035432,94
0.0035433,94
0.0035434,94
0.0035435,94
0.0035436,94
0.0035437,94
0.0035438,94
0.0035439,94
0.003544,93
0.0035441,93
0.0035442,93
0.0035443,93
0.0035444,93
0.0035445,93
0.0035446,93
0.0035447,93
0.0035448,93
0.0035449,93
0.003545,93
0.0035451,93
0.0035452,93
0.0035453,93
0.0035454,93
0.0035455,93
0.0035456,93
0.0035457,93
0.0035458,93
0.0035459,93
0.003546,92
0.0035461,92
0.0035462,92
0.0035463,92
0.0035464,92
0.0035465,92
0.0035466,92
0.0035467,92
0.0035468,92
0.0035469,91
0.003547,91
0.0035471,91
0.0035472,91
0.0035473,91
0.0035474,91
0.0035475,91
0.0035476,91
0.0035477,91
0.0035478,91
0.0035479,90
0.003548,90
0.0035481,90
0.0035482,90
0.0035483,90
0.0035484,90
0.0035485,90
0.0035486,90
0.0035487,90
0.0035488,90
0.0035489,90
0.003549,90
0.0035491,90
0.0035492,90
0.0035493,90
0.0035494,90
0.0035495,90
0.0035496,90
0.0035497,90
0.0035498,90
0.0035499,89
0.00355,89
0.0035501,89
0.0035502,89
0.0035503,89
0.0035504,89
0.0035505,89
0.0035506,89
0.0035507,89
0.0035508,88
0.0035509,88
0.003551,88
0.0035511,88
0.0035512,88
0.0035513,88
0.0035514,88
0.0035515,88
0.0035516,88
0.0035517,88
0.0035518,87
0.0035519,87
0.003552,87
0.0035521,87
0.0035522,87
0.0035523,87
0.0035524,87
0.0035525,87
0.0035526,87
0.0035527,87
0.0035528,87
0.0035529,87
0.003553,87
0.0035531,87
0.0035532,87
0.0035533,87
0.0035534,87
0.0035535,87
0.0035536,87
0.0035537,87
0.0035538,86
0.0035539,86
0.003554,86
0.0035541,86
0.0035542,86
0.0035543,86
0.0035544,86
0.0035545,86
0.0035546,86
0.0035547,85
0.0035548,85
0.0035549,85
0.003555,85
0.0035551,85
0.0035552,85
0.0035553,85
0.0035554,85
0.0035555,85
0.0035556,85
0.0035557,84
0.0035558,84
0.0035559,84
0.003556,84
0.0035561,84
0.0035562,84
0.0035563,84
0.0035564,84
0.0035565,84
0.0035566,84
0.0035567,84
0.0035568,84
0.0035569,84
0.003557,84
0.0035571,84
0.0035572,84
0.0035573,84
0.0035574,84
0.0035575,84
0.0035576,84
0.0035577,83
0.0035578,83
0.0035579,83
0.003558,83
0.0035581,83
0.0035582,83
0.0035583,83
0.0035584,83
0.0035585,83
0.0035586,82
0.0035587,82
0.0035588,82
0.0035589,82
0.003559,82
0.0035591,82
0.0035592,82
0.0035593,82
0.0035594,82
0.0035595,82
0.0035596,82
0.0035597,82
0.0035598,82
0.0035599,82
0.00356,82
0.0035601,82
0.0035602,82
0.0035603,82
0.0035604,82
0.0035605,82
0.0035606,81
0.0035607,81
0.0035608,81
0.0035609,81
0.003561,81
0.0035611,81
0.0035612,81
0.0035613,81
0.0035614,81
0.0035615,81
0.0035616,80
0.0035617,80
0.0035618,80
0.0035619,80
0.003562,80
0.0035621,80
0.0035622,80
0.0035623,80
0.0035624,80
0.0035625,80
0.0035626,79
0.0035627,79
0.0035628,79
0.0035629,79
0.003563,79
0.0035631,79
0.0035632,79
0.0035633,79
0.0035634,79
0.0035635,79
0.0035636,79
0.0035637,79
0.0035638,79
0.0035639,79
0.003564,79
0.0035641,79
0.0035642,79
0.0035643,79
0.0035644,79
0.0035645,78
0.0035646,78
0.0035647,78
0.0035648,78
0.0035649,78
0.003565,78
0.0035651,78
0.0035652,78
0.0035653,78
0.0035654,78
0.0035655,77
0.0035656,77
0.0035657,77
0.0035658,77
0.0035659,77
0.003566,77
0.0035661,77
0.0035662,77
0.0035663,77
0.0035664,77
0.0035665,77
0.0035666,77
0.0035667,77
0.0035668,77
0.0035669,77
0.003567,77
0.0035671,77
0.0035672,77
0.0035673,77
0.0035674,76
0.0035675,76
0.0035676,76
0.0035677,76
0.0035678,76
0.0035679,76
0.003568,76
0.0035681,76
0.0035682,76
0.0035683,76
0.0035684,75
0.0035685,75
0.0035686,75
0.0035687,75
0.0035688,75
0.0035689,75
0.003569,75
0.0035691,75
0.0035692,75
0.0035693,75
0.0035694,74
0.0035695,74
0.0035696,74
0.0035697,74
0.0035698,74
0.0035699,74
0.00357,74
0.0035701,74
0.0035702,74
0.0035703,74
0.0035704,74
0.0035705,74
0.0035706,74
0.0035707,74
0.0035708,74
0.0035709,74
0.003571,74
0.0035711,74
0.0035712,74
0.0035713,73
0.0035714,73
0.0035715,73
0.0035716,73
0.0035717,73
0.0035718,73
0.0035719,73
0.003572,73
0.0035721,73
0.0035722,73
0.0035723,72
0.0035724,72
0.0035725,72
0.0035726,72
0.0035727,72
0.0035728,72
0.0035729,72
0.003573,72
0.0035731,72
0.0035732,72
0.0035733,72
0.0035734,72
0.0035735,72
0.0035736,72
0.0035737,72
0.0035738,72
0.0035739,72
0.003574,72
0.0035741,72
0.0035742,72
0.0035743,71
0.0035744,71
0.0035745,71
0.0035746,71
0.0035747,71
0.0035748,71
0.0035749,71
0.003575,71
0.0035751,71
0.0035752,71
0.0035753,70
0.0035754,70
0.0035755,70
0.0035756,70
0.0035757,70
0.0035758,70
0.0035759,70
0.003576,70
0.0035761,70
0.0035762,70
0.0035763,70
0.0035764,70
0.0035765,70
0.0035766,70
0.0035767,70
0.0035768,70
0.0035769,70
0.003577,70
0.0035771,70
0.0035772,69
0.0035773,69
0.0035774,69
0.0035775,69
0.0035776,69
0.0035777,69
0.0035778,69
0.0035779,69
0.003578,69
0.0035781,69
0.0035782,68
0.0035783,68
0.0035784,68
0.0035785,68
0.0035786,68
0.0035787,68
0.0035788,68
0.0035789,68
0.003579,68
0.0035791,68
0.0035792,67
0.0035793,67
0.0035794,67
0.0035795,67
0.0035796,67
0.0035797,67
0.0035798,67
0.0035799,67
0.00358,67
0.0035801,67
0.0035802,67
0.0035803,67
0.0035804,67
0.0035805,67
0.0035806,67
0.0035807,67
0.0035808,67
0.0035809,67
0.003581,67
0.0035811,66
0.0035812,66
0.0035813,66
0.0035814,66
0.0035815,66
0.0035816,66
0.0035817,66
0.0035818,66
0.0035819,66
0.003582,66
0.0035821,65
0.0035822,65
0.0035823,65
0.0035824,65
0.0035825,65
0.0035826,65
0.0035827,65
0.0035828,65
0.0035829,65
0.003583,65
0.0035831,65
0.0035832,65
0.0035833,65
0.0035834,65
0.0035835,65
0.0035836,65
0.0035837,65
0.0035838,65
0.0035839,65
0.003584,64
0.0035841,64
0.0035842,64
0.0035843,64
0.0035844,64
0.0035845,64
0.0035846,64
0.0035847,64
0.0035848,64
0.0035849,64
0.003585,63
0.0035851,63
0.0035852,63
0.0035853,63
0.0035854,63
0.0035855,63
0.0035856,63
0.0035857,63
0.0035858,63
0.0035859,63
0.003586,63
0.0035861,63
0.0035862,63
0.0035863,63
0.0035864,63
0.0035865,63
0.0035866,63
0.0035867,63
0.0035868,63
0.0035869,63
0.003587,62
0.0035871,62
0.0035872,62
0.0035873,62
0.0035874,62
0.0035875,62
0.0035876,62
0.0035877,62
0.0035878,62
0.0035879,61
0.003588,61
0.0035881,61
0.0035882,61
0.0035883,61
0.0035884,61
0.0035885,61
0.0035886,61
0.0035887,61
0.0035888,61
0.0035889,61
0.003589,61
0.0035891,61
0.0035892,61
0.0035893,61
0.0035894,61
0.0035895,61
0.0035896,61
0.0035897,61
0.0035898,61
0.0035899,60
0.00359,60
0.0035901,60
0.0035902,60
0.0035903,60
0.0035904,60
0.0035905,60
0.0035906,60
0.0035907,60
0.0035908,60
0.0035909,59
0.003591,59
0.0035911,59
0.0035912,59
0.0035913,59
0.0035914,59
0.0035915,59
0.0035916,59
0.0035917,59
0.0035918,59
0.0035919,59
0.003592,59
0.0035921,59
0.0035922,59
0.0035923,59
0.0035924,59
0.0035925,59
0.0035926,59
0.0035927,59
0.0035928,58
0.0035929,58
0.003593,58
0.0035931,58
0.0035932,58
0.0035933,58
0.0035934,58
0.0035935,58
0.0035936,58
0.0035937,58
0.0035938,57
0.0035939,57
0.003594,57
0.0035941,57
0.0035942,57
0.0035943,57
0.0035944,57
0.0035945,57
0.0035946,57
0.0035947,57
0.0035948,57
0.0035949,57
0.003595,57
0.0035951,57
0.0035952,57
0.0035953,57
0.0035954,57
0.0035955,57
0.0035956,57
0.0035957,57
0.0035958,56
0.0035959,56
0.003596,56
0.0035961,56
0.0035962,56
0.0035963,56
0.0035964,56
0.0035965,56
0.0035966,56
0.0035967,56
0.0035968,56
0.0035969,56
0.003597,56
0.0035971,56
0.0035972,56
0.0035973,56
0.0035974,56
0.0035975,56
0.0035976,56
0.0035977,55
0.0035978,55
0.0035979,55
0.003598,55
0.0035981,55
0.0035982,55
0.0035983,55
0.0035984,55
0.0035985,55
0.0035986,55
0.0035987,54
0.0035988,54
0.0035989,54
0.003599,54
0.0035991,54
0.0035992,54
0.0035993,54
0.0035994,54
0.0035995,54
0.0035996,54
0.0035997,54
0.0035998,54
0.0035999,54
0.0036,54
0.0036001,54
0.0036002,54
0.0036003,54
0.0036004,54
0.0036005,54
0.0036006,53
0.0036007,53
0.0036008,53
0.0036009,53
0.003601,53
0.0036011,53
0.0036012,53
0.0036013,53
0.0036014,53
0.0036015,53
0.0036016,52
0.0036017,52
0.0036018,52
0.0036019,52
0.003602,52
0.0036021,52
0.0036022,52
0.0036023,52
0.0036024,52
0.0036025,52
0.0036026,52
0.0036027,52
0.0036028,52
0.0036029,52
0.003603,52
0.0036031,52
0.0036032,52
0.0036033,52
0.0036034,52
0.0036035,52
0.0036036,51
0.0036037,51
0.0036038,51
0.0036039,51
0.003604,51
0.0036041,51
0.0036042,51
0.0036043,51
0.0036044,51
0.0036045,50
0.0036046,50
0.0036047,50
0.0036048,50
0.0036049,50
0.003605,50
0.0036051,50
0.0036052,50
0.0036053,50
0.0036054,50
0.0036055,50
0.0036056,50
0.0036057,50
0.0036058,50
0.0036059,50
0.003606,50
0.0036061,50
0.0036062,50
0.0036063,50
0.0036064,50
0.0036065,49
0.0036066,49
0.0036067,49
0.0036068,49
0.0036069,49
0.003607,49
0.0036071,49
0.0036072,49
0.0036073,49
0.0036074,49
0.0036075,49
0.0036076,49
0.0036077,49
0.0036078,49
0.0036079,49
0.003608,49
0.0036081,49
0.0036082,49
0.0036083,49
0.0036084,49
0.0036085,48
0.0036086,48
0.0036087,48
0.0036088,48
0.0036089,48
0.003609,48
0.0036091,48
0.0036092,48
0.0036093,48
0.0036094,47
0.0036095,47
0.0036096,47
0.0036097,47
0.0036098,47
0.0036099,47
0.00361,47
0.0036101,47
0.0036102,47
0.0036103,47
0.0036104,47
0.0036105,47
0.0036106,47
0.0036107,47
0.0036108,47
0.0036109,47
0.003611,47
0.0036111,47
0.0036112,47
0.0036113,47
0.0036114,46
0.0036115,46
0.0036116,46
0.0036117,46
0.0036118,46
0.0036119,46
0.003612,46
0.0036121,46
0.0036122,46
0.0036123,46
0.0036124,46
0.0036125,46
0.0036126,46
0.0036127,46
0.0036128,46
0.0036129,46
0.003613,46
0.0036131,46
0.0036132,46
0.0036133,45
0.0036134,45
0.0036135,45
0.0036136,45
0.0036137,45
0.0036138,45
0.0036139,45
0.003614,45
0.0036141,45
0.0036142,45
0.0036143,44
0.0036144,44
0.0036145,44
0.0036146,44
0.0036147,44
0.0036148,44
0.0036149,44
0.003615,44
0.0036151,44
0.0036152,44
0.0036153,44
0.0036154,44
0.0036155,44
0.0036156,44
0.0036157,44
0.0036158,44
0.0036159,44
0.003616,44
0.0036161,44
0.0036162,44
0.0036163,43
0.0036164,43
0.0036165,43
0.0036166,43
0.0036167,43
0.0036168,43
0.0036169,43
0.003617,43
0.0036171,43
0.0036172,43
0.0036173,43
0.0036174,43
0.0036175,43
0.0036176,43
0.0036177,43
0.0036178,43
0.0036179,43
0.003618,43
0.0036181,43
0.0036182,42
0.0036183,42
0.0036184,42
0.0036185,42
0.0036186,42
0.0036187,42
0.0036188,42
0.0036189,42
0.003619,42
0.0036191,42
0.0036192,42
0.0036193,42
0.0036194,42
0.0036195,42
0.0036196,42
0.0036197,42
0.0036198,42
0.0036199,42
0.00362,42
0.0036201,42
0.0036202,41
0.0036203,41
0.0036204,41
0.0036205,41
0.0036206,41
0.0036207,41
0.0036208,41
0.0036209,41
0.003621,41
0.0036211,40
0.0036212,40
0.0036213,40
0.0036214,40
0.0036215,40
0.0036216,40
0.0036217,40
0.0036218,40
0.0036219,40
0.003622,40
0.0036221,40
0.0036222,40
0.0036223,40
0.0036224,40
0.0036225,40
0.0036226,40
0.0036227,40
0.0036228,40
0.0036229,40
0.003623,40
0.0036231,39
0.0036232,39
0.0036233,39
0.0036234,39
0.0036235,39
0.0036236,39
0.0036237,39
0.0036238,39
0.0036239,39
0.003624,39
0.0036241,39
0.0036242,39
0.0036243,39
0.0036244,39
0.0036245,39
0.0036246,39
0.0036247,39
0.0036248,39
0.0036249,39
0.003625,39
0.0036251,38
0.0036252,38
0.0036253,38
0.0036254,38
0.0036255,38
0.0036256,38
0.0036257,38
0.0036258,38
0.0036259,38
0.003626,38
0.0036261,38
0.0036262,38
0.0036263,38
0.0036264,38
0.0036265,38
0.0036266,38
0.0036267,38
0.0036268,38
0.0036269,38
0.003627,37
0.0036271,37
0.0036272,37
0.0036273,37
0.0036274,37
0.0036275,37
0.0036276,37
0.0036277,37
0.0036278,37
0.0036279,37
0.003628,37
0.0036281,37
0.0036282,37
0.0036283,37
0.0036284,37
0.0036285,37
0.0036286,37
0.0036287,37
0.0036288,37
0.0036289,37
0.003629,36
0.0036291,36
0.0036292,36
0.0036293,36
0.0036294,36
0.0036295,36
0.0036296,36
0.0036297,36
0.0036298,36
0.0036299,35
0.00363,35
0.0036301,35
0.0036302,35
0.0036303,35
0.0036304,35
0.0036305,35
0.0036306,35
0.0036307,35
0.0036308,35
0.0036309,35
0.003631,35
0.0036311,35
0.0036312,35
0.0036313,35
0.0036314,35
0.0036315,35
0.0036316,35
0.0036317,35
0.0036318,35
0.0036319,34
0.003632,34
0.0036321,34
0.0036322,34
0.0036323,34
0.0036324,34
0.0036325,34
0.0036326,34
0.0036327,34
0.0036328,34
0.0036329,34
0.003633,34
0.0036331,34
0.0036332,34
0.0036333,34
0.0036334,34
0.0036335,34
0.0036336,34
0.0036337,34
0.0036338,33
0.0036339,33
0.003634,33
0.0036341,33
0.0036342,33
0.0036343,33
0.0036344,33
0.0036345,33
0.0036346,33
0.0036347,33
0.0036348,33
0.0036349,33
0.003635,33
0.0036351,33
0.0036352,33
0.0036353,33
0.0036354,33
0.0036355,33
0.0036356,33
0.0036357,33
0.0036358,32
0.0036359,32
0.003636,32
0.0036361,32
0.0036362,32
0.0036363,32
0.0036364,32
0.0036365,32
0.0036366,32
0.0036367,32
0.0036368,32
0.0036369,32
0.003637,32
0.0036371,32
0.0036372,32
0.0036373,32
0.0036374,32
0.0036375,32
0.0036376,32
0.0036377,32
0.0036378,31
0.0036379,31
0.003638,31
0.0036381,31
0.0036382,31
0.0036383,31
0.0036384,31
0.0036385,31
0.0036386,31
0.0036387,31
0.0036388,31
0.0036389,31
0.003639,31
0.0036391,31
0.0036392,31
0.0036393,31
0.0036394,31
0.0036395,31
0.0036396,31
0.0036397,30
0.0036398,30
0.0036399,30
0.00364,30
0.0036401,30
0.0036402,30
0.0036403,30
0.0036404,30
0.0036405,30
0.0036406,30
0.0036407,30
0.0036408,30
0.0036409,30
0.003641,30
0.0036411,30
0.0036412,30
0.0036413,30
0.0036414,30
0.0036415,30
0.0036416,30
0.0036417,29
0.0036418,29
0.0036419,29
0.003642,29
0.0036421,29
0.0036422,29
0.0036423,29
0.0036424,29
0.0036425,29
0.0036426,29
0.0036427,29
0.0036428,29
0.0036429,29
0.003643,29
0.0036431,29
0.0036432,29
0.0036433,29
0.0036434,29
0.0036435,29
0.0036436,28
0.0036437,28
0.0036438,28
0.0036439,28
0.003644,28
0.0036441,28
0.0036442,28
0.0036443,28
0.0036444,28
0.0036445,28
0.0036446,28
0.0036447,28
0.0036448,28
0.0036449,28
0.003645,28
0.0036451,28
0.0036452,28
0.0036453,28
0.0036454,28
0.0036455,28
0.0036456,27
0.0036457,27
0.0036458,27
0.0036459,27
0.003646,27
0.0036461,27
0.0036462,27
0.0036463,27
0.0036464,27
0.0036465,27
0.0036466,27
0.0036467,27
0.0036468,27
0.0036469,27
0.003647,27
0.0036471,27
0.0036472,27
0.0036473,27
0.0036474,27
0.0036475,26
0.0036476,26
0.0036477,26
0.0036478,26
0.0036479,26
0.003648,26
0.0036481,26
0.0036482,26
0.0036483,26
0.0036484,26
0.0036485,26
0.0036486,26
0.0036487,26
0.0036488,26
0.0036489,26
0.003649,26
0.0036491,26
0.0036492,26
0.0036493,26
0.0036494,26
0.0036495,26
0.0036496,26
0.0036497,26
0.0036498,26
0.0036499,26
0.00365,26
0.0036501,26
0.0036502,26
0.0036503,26
0.0036504,25
0.0036505,25
0.0036506,25
0.0036507,25
0.0036508,25
0.0036509,25
0.003651,25
0.0036511,25
0.0036512,25
0.0036513,25
0.0036514,25
0.0036515,25
0.0036516,25
0.0036517,25
0.0036518,25
0.0036519,25
0.003652,25
0.0036521,25
0.0036522,25
0.0036523,25
0.0036524,24
0.0036525,24
0.0036526,24
0.0036527,24
0.0036528,24
0.0036529,24
0.003653,24
0.0036531,24
0.0036532,24
0.0036533,24
0.0036534,24
0.0036535,24
0.0036536,24
0.0036537,24
0.0036538,24
0.0036539,24
0.003654,24
0.0036541,24
0.0036542,24
0.0036543,24
0.0036544,23
0.0036545,23
0.0036546,23
0.0036547,23
0.0036548,23
0.0036549,23
0.003655,23
0.0036551,23
0.0036552,23
0.0036553,23
0.0036554,23
0.0036555,23
0.0036556,23
0.0036557,23
0.0036558,23
0.0036559,23
0.003656,23
0.0036561,23
0.0036562,23
0.0036563,22
0.0036564,22
0.0036565,22
0.0036566,22
0.0036567,22
0.0036568,22
0.0036569,22
0.003657,22
0.0036571,22
0.0036572,22
0.0036573,22
0.0036574,22
0.0036575,22
0.0036576,22
0.0036577,22
0.0036578,22
0.0036579,22
0.003658,22
0.0036581,22
0.0036582,22
0.0036583,22
0.0036584,22
0.0036585,22
0.0036586,22
0.0036587,22
0.0036588,22
0.0036589,22
0.003659,22
0.0036591,22
0.0036592,21
0.0036593,21
0.0036594,21
0.0036595,21
0.0036596,21
0.0036597,21
0.0036598,21
0.0036599,21
0.00366,21
0.0036601,21
0.0036602,21
0.0036603,21
0.0036604,21
0.0036605,21
0.0036606,21
0.0036607,21
0.0036608,21
0.0036609,21
0.003661,21
0.0036611,21
0.0036612,20
0.0036613,20
0.0036614,20
0.0036615,20
0.0036616,20
0.0036617,20
0.0036618,20
0.0036619,20
0.003662,20
0.0036621,20
0.0036622,20
0.0036623,20
0.0036624,20
0.0036625,20
0.0036626,20
0.0036627,20
0.0036628,20
0.0036629,20
0.003663,20
0.0036631,19
0.0036632,19
0.0036633,19
0.0036634,19
0.0036635,19
0.0036636,19
0.0036637,19
0.0036638,19
0.0036639,19
0.003664,19
0.0036641,19
0.0036642,19
0.0036643,19
0.0036644,19
0.0036645,19
0.0036646,19
0.0036647,19
0.0036648,19
0.0036649,19
0.003665,19
0.0036651,19
0.0036652,19
0.0036653,19
0.0036654,19
0.0036655,19
0.0036656,19
0.0036657,19
0.0036658,19
0.0036659,19
0.003666,19
0.0036661,18
0.0036662,18
0.0036663,18
0.0036664,18
0.0036665,18
0.0036666,18
0.0036667,18
0.0036668,18
0.0036669,18
0.003667,18
0.0036671,18
0.0036672,18
0.0036673,18
0.0036674,18
0.0036675,18
0.0036676,18
0.0036677,18
0.0036678,18
0.0036679,18
0.003668,17
0.0036681,17
0.0036682,17
0.0036683,17
0.0036684,17
0.0036685,17
0.0036686,17
0.0036687,17
0.0036688,17
0.0036689,17
0.003669,17
0.0036691,17
0.0036692,17
0.0036693,17
0.0036694,17
0.0036695,17
0.0036696,17
0.0036697,17
0.0036698,17
0.0036699,17
0.00367,17
0.0036701,17
0.0036702,17
0.0036703,17
0.0036704,17
0.0036705,17
0.0036706,17
0.0036707,17
0.0036708,17
0.0036709,17
0.003671,16
0.0036711,16
0.0036712,16
0.0036713,16
0.0036714,16
0.0036715,16
0.0036716,16
0.0036717,16
0.0036718,16
0.0036719,16
0.003672,16
0.0036721,16
0.0036722,16
0.0036723,16
0.0036724,16
0.0036725,16
0.0036726,16
0.0036727,16
0.0036728,16
0.0036729,16
0.003673,16
0.0036731,16
0.0036732,16
0.0036733,16
0.0036734,16
0.0036735,16
0.0036736,16
0.0036737,16
0.0036738,16
0.0036739,15
0.003674,15
0.0036741,15
0.0036742,15
0.0036743,15
0.0036744,15
0.0036745,15
0.0036746,15
0.0036747,15
0.0036748,15
0.0036749,15
0.003675,15
0.0036751,15
0.0036752,15
0.0036753,15
0.0036754,15
0.0036755,15
0.0036756,15
0.0036757,15
0.0036758,15
0.0036759,15
0.003676,15
0.0036761,15
0.0036762,15
0.0036763,15
0.0036764,15
0.0036765,15
0.0036766,15
0.0036767,15
0.0036768,14
0.0036769,14
0.003677,14
0.0036771,14
0.0036772,14
0.0036773,14
0.0036774,14
0.0036775,14
0.0036776,14
0.0036777,14
0.0036778,14
0.0036779,14
0.003678,14
0.0036781,14
0.0036782,14
0.0036783,14
0.0036784,14
0.0036785,14
0.0036786,14
0.0036787,14
0.0036788,14
0.0036789,14
0.003679,14
0.0036791,14
0.0036792,14
0.0036793,14
0.0036794,14
0.0036795,14
0.0036796,14
0.0036797,13
0.0036798,13
0.0036799,13
0.00368,13
0.0036801,13
0.0036802,13
0.0036803,13
0.0036804,13
0.0036805,13
0.0036806,13
0.0036807,13
0.0036808,13
0.0036809,13
0.003681,13
0.0036811,13
0.0036812,13
0.0036813,13
0.0036814,13
0.0036815,13
0.0036816,13
0.0036817,13
0.0036818,13
0.0036819,13
0.003682,13
0.0036821,13
0.0036822,13
0.0036823,13
0.0036824,13
0.0036825,13
0.0036826,13
0.0036827,12
0.0036828,12
0.0036829,12
0.003683,12
0.0036831,12
0.0036832,12
0.0036833,12
0.0036834,12
0.0036835,12
0.0036836,12
0.0036837,12
0.0036838,12
0.0036839,12
0.003684,12
0.0036841,12
0.0036842,12
0.0036843,12
0.0036844,12
0.0036845,12
0.0036846,12
0.0036847,12
0.0036848,12
0.0036849,12
0.003685,12
0.0036851,12
0.0036852,12
0.0036853,12
0.0036854,12
0.0036855,12
0.0036856,11
0.0036857,11
0.0036858,11
0.0036859,11
0.003686,11
0.0036861,11
0.0036862,11
0.0036863,11
0.0036864,11
0.0036865,11
0.0036866,11
0.0036867,11
0.0036868,11
0.0036869,11
0.003687,11
0.0036871,11
0.0036872,11
0.0036873,11
0.0036874,11
0.0036875,11
0.0036876,11
0.0036877,11
0.0036878,11
0.0036879,11
0.003688,11
0.0036881,11
0.0036882,11
0.0036883,11
0.0036884,11
0.0036885,10
0.0036886,10
0.0036887,10
0.0036888,10
0.0036889,10
0.003689,10
0.0036891,10
0.0036892,10
0.0036893,10
0.0036894,10
0.0036895,10
0.0036896,10
0.0036897,10
0.0036898,10
0.0036899,10
0.00369,10
0.0036901,10
0.0036902,10
0.0036903,10
0.0036904,10
0.0036905,10
0.0036906,10
0.0036907,10
0.0036908,10
0.0036909,10
0.003691,10
0.0036911,10
0.0036912,10
0.0036913,10
0.0036914,10
0.0036915,10
0.0036916,10
0.0036917,10
0.0036918,10
0.0036919,10
0.003692,10
0.0036921,10
0.0036922,10
0.0036923,10
0.0036924,9
0.0036925,9
0.0036926,9
0.0036927,9
0.0036928,9
0.0036929,9
0.003693,9
0.0036931,9
0.0036932,9
0.0036933,9
0.0036934,9
0.0036935,9
0.0036936,9
0.0036937,9
0.0036938,9
0.0036939,9
0.003694,9
0.0036941,9
0.0036942,9
0.0036943,9
0.0036944,9
0.0036945,9
0.0036946,9
0.0036947,9
0.0036948,9
0.0036949,9
0.003695,9
0.0036951,9
0.0036952,9
0.0036953,9
0.0036954,8
0.0036955,8
0.0036956,8
0.0036957,8
0.0036958,8
0.0036959,8
0.003696,8
0.0036961,8
0.0036962,8
0.0036963,8
0.0036964,8
0.0036965,8
0.0036966,8
0.0036967,8
0.0036968,8
0.0036969,8
0.003697,8
0.0036971,8
0.0036972,8
0.0036973,8
0.0036974,8
0.0036975,8
0.0036976,8
0.0036977,8
0.0036978,8
0.0036979,8
0.003698,8
0.0036981,8
0.0036982,8
0.0036983,8
0.0036984,8
0.0036985,8
0.0036986,8
0.0036987,8
0.0036988,8
0.0036989,8
0.003699,8
0.0036991,8
0.0036992,8
0.0036993,7
0.0036994,7
0.0036995,7
0.0036996,7
0.0036997,7
0.0036998,7
0.0036999,7
0.0037,7
0.0037001,7
0.0037002,7
0.0037003,7
0.0037004,7
0.0037005,7
0.0037006,7
0.0037007,7
0.0037008,7
0.0037009,7
0.003701,7
0.0037011,7
0.0037012,7
0.0037013,7
0.0037014,7
0.0037015,7
0.0037016,7
0.0037017,7
0.0037018,7
0.0037019,7
0.003702,7
0.0037021,7
0.0037022,7
0.0037023,7
0.0037024,7
0.0037025,7
0.0037026,7
0.0037027,7
0.0037028,7
0.0037029,7
0.003703,7
0.0037031,7
0.0037032,6
0.0037033,6
0.0037034,6
0.0037035,6
0.0037036,6
0.0037037,6
0.0037038,6
0.0037039,6
0.003704,6
0.0037041,6
0.0037042,6
0.0037043,6
0.0037044,6
0.0037045,6
0.0037046,6
0.0037047,6
0.0037048,6
0.0037049,6
0.003705,6
0.0037051,6
0.0037052,6
0.0037053,6
0.0037054,6
0.0037055,6
0.0037056,6
0.0037057,6
0.0037058,6
0.0037059,6
0.003706,6
0.0037061,6
0.0037062,6
0.0037063,6
0.0037064,6
0.0037065,6
0.0037066,6
0.0037067,6
0.0037068,6
0.0037069,6
0.003707,6
0.0037071,6
0.0037072,6
0.0037073,6
0.0037074,6
0.0037075,6
0.0037076,6
0.0037077,6
0.0037078,6
0.0037079,6
0.003708,6
0.0037081,5
0.0037082,5
0.0037083,5
0.0037084,5
0.0037085,5
0.0037086,5
0.0037087,5
0.0037088,5
0.0037089,5
0.003709,5
0.0037091,5
0.0037092,5
0.0037093,5
0.0037094,5
0.0037095,5
0.0037096,5
0.0037097,5
0.0037098,5
0.0037099,5
0.00371,5
0.0037101,5
0.0037102,5
0.0037103,5
0.0037104,5
0.0037105,5
0.0037106,5
0.0037107,5
0.0037108,5
0.0037109,5
0.003711,5
0.0037111,5
0.0037112,5
0.0037113,5
0.0037114,5
0.0037115,5
0.0037116,5
0.0037117,5
0.0037118,5
0.0037119,5
0.003712,5
0.0037121,5
0.0037122,5
0.0037123,5
0.0037124,5
0.0037125,5
0.0037126,5
0.0037127,5
0.0037128,5
0.0037129,4
0.003713,4
0.0037131,4
0.0037132,4
0.0037133,4
0.0037134,4
0.0037135,4
0.0037136,4
0.0037137,4
0.0037138,4
0.0037139,4
0.003714,4
0.0037141,4
0.0037142,4
0.0037143,4
0.0037144,4
0.0037145,4
0.0037146,4
0.0037147,4
0.0037148,4
0.0037149,4
0.003715,4
0.0037151,4
0.0037152,4
0.0037153,4
0.0037154,4
0.0037155,4
0.0037156,4
0.0037157,4
0.0037158,4
0.0037159,4
0.003716,4
0.0037161,4
0.0037162,4
0.0037163,4
0.0037164,4
0.0037165,4
0.0037166,4
0.0037167,4
0.0037168,4
0.0037169,4
0.003717,4
0.0037171,4
0.0037172,4
0.0037173,4
0.0037174,4
0.0037175,4
0.0037176,4
0.0037177,4
0.0037178,4
0.0037179,4
0.003718,4
0.0037181,4
0.0037182,4
0.0037183,4
0.0037184,4
0.0037185,4
0.0037186,4
0.0037187,4
0.0037188,3
0.0037189,3
0.003719,3
0.0037191,3
0.0037192,3
0.0037193,3
0.0037194,3
0.0037195,3
0.0037196,3
0.0037197,3
0.0037198,3
0.0037199,3
0.00372,3
0.0037201,3
0.0037202,3
0.0037203,3
0.0037204,3
0.0037205,3
0.0037206,3
0.0037207,3
0.0037208,3
0.0037209,3
0.003721,3
0.0037211,3
0.0037212,3
0.0037213,3
0.0037214,3
0.0037215,3
0.0037216,3
0.0037217,3
0.0037218,3
0.0037219,3
0.003722,3
0.0037221,3
0.0037222,3
0.0037223,3
0.0037224,3
0.0037225,3
0.0037226,3
0.0037227,3
0.0037228,3
0.0037229,3
0.003723,3
0.0037231,3
0.0037232,3
0.0037233,3
0.0037234,3
0.0037235,3
0.0037236,3
0.0037237,3
0.0037238,3
0.0037239,3
0.003724,3
0.0037241,3
0.0037242,3
0.0037243,3
0.0037244,3
0.0037245,3
0.0037246,3
0.0037247,3
0.0037248,3
0.0037249,3
0.003725,3
0.0037251,3
0.0037252,3
0.0037253,3
0.0037254,3
0.0037255,3
0.0037256,2
0.0037257,2
0.0037258,2
0.0037259,2
0.003726,2
0.0037261,2
0.0037262,2
0.0037263,2
0.0037264,2
0.0037265,2
0.0037266,2
0.0037267,2
0.0037268,2
0.0037269,2
0.003727,2
0.0037271,2
0.0037272,2
0.0037273,2
0.0037274,2
0.0037275,2
0.0037276,2
0.0037277,2
0.0037278,2
0.0037279,2
0.003728,2
0.0037281,2
0.0037282,2
0.0037283,2
0.0037284,2
0.0037285,2
0.0037286,2
0.0037287,2
0.0037288,2
0.0037289,2
0.003729,2
0.0037291,2
0.0037292,2
0.0037293,2
0.0037294,2
0.0037295,2
0.0037296,2
0.0037297,2
0.0037298,2
0.0037299,2
0.00373,2
0.0037301,2
0.0037302,2
0.0037303,2
0.0037304,2
0.0037305,2
0.0037306,2
0.0037307,2
0.0037308,2
0.0037309,2
0.003731,2
0.0037311,2
0.0037312,2
0.0037313,2
0.0037314,2
0.0037315,2
0.0037316,2
0.0037317,2
0.0037318,2
0.0037319,2
0.003732,2
0.0037321,2
0.0037322,2
0.0037323,2
0.0037324,2
0.0037325,2
0.0037326,2
0.0037327,2
0.0037328,2
0.0037329,2
0.003733,2
0.0037331,2
0.0037332,2
0.0037333,2
0.0037334,2
0.0037335,2
0.0037336,2
0.0037337,2
0.0037338,2
0.0037339,2
0.003734,2
0.0037341,2
0.0037342,2
0.0037343,2
0.0037344,2
0.0037345,2
0.0037346,2
0.0037347,2
0.0037348,2
0.0037349,2
0.003735,2
0.0037351,2
0.0037352,2
0.0037353,2
0.0037354,2
0.0037355,2
0.0037356,2
0.0037357,2
0.0037358,2
0.0037359,2
0.003736,2
0.0037361,2
0.0037362,2
0.0037363,2
0.0037364,1
0.0037365,1
0.0037366,1
0.0037367,1
0.0037368,1
0.0037369,1
0.003737,1
0.0037371,1
0.0037372,1
0.0037373,1
0.0037374,1
0.0037375,1
0.0037376,1
0.0037377,1
0.0037378,1
0.0037379,1
0.003738,1
0.0037381,1
0.0037382,1
0.0037383,1
0.0037384,1
0.0037385,1
0.0037386,1
0.0037387,1
0.0037388,1
0.0037389,1
0.003739,1
0.0037391,1
0.0037392,1
0.0037393,1
0.0037394,1
0.0037395,1
0.0037396,1
0.0037397,1
0.0037398,1
0.0037399,1
0.00374,1
0.0037401,1
0.0037402,1
0.0037403,1
0.0037404,1
0.0037405,1
0.0037406,1
0.0037407,1
0.0037408,1
0.0037409,1
0.003741,1
0.0037411,1
0.0037412,1
0.0037413,1
0.0037414,1
0.0037415,1
0.0037416,1
0.0037417,1
0.0037418,1
0.0037419,1
0.003742,1
0.0037421,1
0.0037422,1
0.0037423,1
0.0037424,1
0.0037425,1
0.0037426,1
0.0037427,1
0.0037428,1
0.0037429,1
0.003743,1
0.0037431,1
0.0037432,1
0.0037433,1
0.0037434,1
0.0037435,1
0.0037436,1
0.0037437,1
0.0037438,1
0.0037439,1
0.003744,1
0.0037441,1
0.0037442,1
0.0037443,1
0.0037444,1
0.0037445,1
0.0037446,1
0.0037447,1
0.0037448,1
0.0037449,1
0.003745,1
0.0037451,1
0.0037452,1
0.0037453,1
0.0037454,1
0.0037455,1
0.0037456,1
0.0037457,1
0.0037458,1
0.0037459,1
0.003746,1
0.0037461,1
0.0037462,1
0.0037463,1
0.0037464,1
0.0037465,1
0.0037466,1
0.0037467,1
0.0037468,1
0.0037469,1
0.003747,1
0.0037471,1
0.0037472,1
0.0037473,1
0.0037474,1
0.0037475,1
0.0037476,1
0.0037477,1
0.0037478,1
0.0037479,1
0.003748,1
0.0037481,1
0.0037482,1
0.0037483,1
0.0037484,1
0.0037485,1
0.0037486,1
0.0037487,1
0.0037488,1
0.0037489,1
0.003749,1
0.0037491,1
0.0037492,1
0.0037493,1
0.0037494,1
0.0037495,1
0.0037496,1
0.0037497,1
0.0037498,1
0.0037499,1
0.00375,1
0.0037501,1
0.0037502,1
0.0037503,1
0.0037504,1
0.0037505,1
0.0037506,1
0.0037507,1
0.0037508,1
0.0037509,1
0.003751,1
0.0037511,1
0.0037512,1
0.0037513,1
0.0037514,1
0.0037515,1
0.0037516,1
0.0037517,1
0.0037518,1
0.0037519,1
0.003752,1
0.0037521,1
0.0037522,1
0.0037523,1
0.0037524,1
0.0037525,1
0.0037526,1
0.0037527,1
0.0037528,1
0.0037529,1
0.003753,1
0.0037531,1
0.0037532,1
0.0037533,1
0.0037534,1
0.0037535,1
0.0037536,1
0.0037537,1
0.0037538,1
0.0037539,1
0.003754,1
0.0037541,1
0.0037542,1
0.0037543,1
0.0037544,1
0.0037545,1
0.0037546,1
0.0037547,1
0.0037548,1
0.0037549,1
0.003755,1
0.0037551,1
0.0037552,1
0.0037553,1
0.0037554,1
0.0037555,1
0.0037556,1
0.0037557,1
0.0037558,1
0.0037559,1
0.003756,1
0.0037561,1
0.0037562,1
0.0037563,1
0.0037564,1
0.0037565,1
0.0037566,1
0.0037567,1
0.0037568,1
0.0037569,1
0.003757,1
0.0037571,1
0.0037572,1
0.0037573,1
0.0037574,1
0.0037575,1
0.0037576,1
0.0037577,1
0.0037578,1
0.0037579,1
0.003758,1
0.0037581,1
0.0037582,1
0.0037583,1
0.0037584,1
0.0037585,1
0.0037586,1
0.0037587,1
0.0037588,1
0.0037589,1
0.003759,1
0.0037591,1
0.0037592,1
0.0037593,1
0.0037594,1
0.0037595,1
0.0037596,1
0.0037597,1
0.0037598,1
0.0037599,1
0.00376,1
0.0037601,1
0.0037602,1
0.0037603,1
0.0037604,1
0.0037605,1
0.0037606,1
0.0037607,1
0.0037608,1
0.0037609,1
0.003761,1
0.0037611,1
0.0037612,1
0.0037613,1
0.0037614,1
0.0037615,1
0.0037616,1
0.0037617,1
0.0037618,1
0.0037619,1
0.003762,1
0.0037621,1
0.0037622,1
0.0037623,1
0.0037624,1
0.0037625,1
0.0037626,1
0.0037627,1
0.0037628,1
0.0037629,1
0.003763,1
0.0037631,1
0.0037632,1
0.0037633,1
0.0037634,1
0.0037635,1
0.0037636,1
0.0037637,1
0.0037638,1
0.0037639,1
0.003764,1
0.0037641,1
0.0037642,1
0.0037643,1
0.0037644,1
0.0037645,1
0.0037646,1
0.0037647,2
0.0037648,2
0.0037649,2
0.003765,2
0.0037651,2
0.0037652,2
0.0037653,2
0.0037654,2
0.0037655,2
0.0037656,2
0.0037657,2
0.0037658,2
0.0037659,2
0.003766,2
0.0037661,2
0.0037662,2
0.0037663,2
0.0037664,2
0.0037665,2
0.0037666,2
0.0037667,2
0.0037668,2
0.0037669,2
0.003767,2
0.0037671,2
0.0037672,2
0.0037673,2
0.0037674,2
0.0037675,2
0.0037676,2
0.0037677,2
0.0037678,2
0.0037679,2
0.003768,2
0.0037681,2
0.0037682,2
0.0037683,2
0.0037684,2
0.0037685,2
0.0037686,2
0.0037687,2
0.0037688,2
0.0037689,2
0.003769,2
0.0037691,2
0.0037692,2
0.0037693,2
0.0037694,2
0.0037695,2
0.0037696,2
0.0037697,2
0.0037698,2
0.0037699,2
0.00377,2
0.0037701,2
0.0037702,2
0.0037703,2
0.0037704,2
0.0037705,2
0.0037706,2
0.0037707,2
0.0037708,2
0.0037709,2
0.003771,2
0.0037711,2
0.0037712,2
0.0037713,2
0.0037714,2
0.0037715,2
0.0037716,2
0.0037717,2
0.0037718,2
0.0037719,2
0.003772,2
0.0037721,2
0.0037722,2
0.0037723,2
0.0037724,2
0.0037725,2
0.0037726,2
0.0037727,2
0.0037728,2
0.0037729,2
0.003773,2
0.0037731,2
0.0037732,2
0.0037733,2
0.0037734,2
0.0037735,2
0.0037736,2
0.0037737,2
0.0037738,2
0.0037739,2
0.003774,2
0.0037741,2
0.0037742,2
0.0037743,2
0.0037744,2
0.0037745,2
0.0037746,2
0.0037747,2
0.0037748,2
0.0037749,2
0.003775,2
0.0037751,2
0.0037752,2
0.0037753,2
0.0037754,3
0.0037755,3
0.0037756,3
0.0037757,3
0.0037758,3
0.0037759,3
0.003776,3
0.0037761,3
0.0037762,3
0.0037763,3
0.0037764,3
0.0037765,3
0.0037766,3
0.0037767,3
0.0037768,3
0.0037769,3
0.003777,3
0.0037771,3
0.0037772,3
0.0037773,3
0.0037774,3
0.0037775,3
0.0037776,3
0.0037777,3
0.0037778,3
0.0037779,3
0.003778,3
0.0037781,3
0.0037782,3
0.0037783,3
0.0037784,3
0.0037785,3
0.0037786,3
0.0037787,3
0.0037788,3
0.0037789,3
0.003779,3
0.0037791,3
0.0037792,3
0.0037793,3
0.0037794,3
0.0037795,3
0.0037796,3
0.0037797,3
0.0037798,3
0.0037799,3
0.00378,3
0.0037801,3
0.0037802,3
0.0037803,3
0.0037804,3
0.0037805,3
0.0037806,3
0.0037807,3
0.0037808,3
0.0037809,3
0.003781,3
0.0037811,3
0.0037812,3
0.0037813,3
0.0037814,3
0.0037815,3
0.0037816,3
0.0037817,3
0.0037818,3
0.0037819,3
0.003782,3
0.0037821,3
0.0037822,3
0.0037823,4
0.0037824,4
0.0037825,4
0.0037826,4
0.0037827,4
0.0037828,4
0.0037829,4
0.003783,4
0.0037831,4
0.0037832,4
0.0037833,4
0.0037834,4
0.0037835,4
0.0037836,4
0.0037837,4
0.0037838,4
0.0037839,4
0.003784,4
0.0037841,4
0.0037842,4
0.0037843,4
0.0037844,4
0.0037845,4
0.0037846,4
0.0037847,4
0.0037848,4
0.0037849,4
0.003785,4
0.0037851,4
0.0037852,4
0.0037853,4
0.0037854,4
0.0037855,4
0.0037856,4
0.0037857,4
0.0037858,4
0.0037859,4
0.003786,4
0.0037861,4
0.0037862,4
0.0037863,4
0.0037864,4
0.0037865,4
0.0037866,4
0.0037867,4
0.0037868,4
0.0037869,4
0.003787,4
0.0037871,4
0.0037872,4
0.0037873,4
0.0037874,4
0.0037875,4
0.0037876,4
0.0037877,4
0.0037878,4
0.0037879,4
0.003788,4
0.0037881,5
0.0037882,5
0.0037883,5
0.0037884,5
0.0037885,5
0.0037886,5
0.0037887,5
0.0037888,5
0.0037889,5
0.003789,5
0.0037891,5
0.0037892,5
0.0037893,5
0.0037894,5
0.0037895,5
0.0037896,5
0.0037897,5
0.0037898,5
0.0037899,5
0.00379,5
0.0037901,5
0.0037902,5
0.0037903,5
0.0037904,5
0.0037905,5
0.0037906,5
0.0037907,5
0.0037908,5
0.0037909,5
0.003791,5
0.0037911,5
0.0037912,5
0.0037913,5
0.0037914,5
0.0037915,5
0.0037916,5
0.0037917,5
0.0037918,5
0.0037919,5
0.003792,5
0.0037921,5
0.0037922,5
0.0037923,5
0.0037924,5
0.0037925,5
0.0037926,5
0.0037927,5
0.0037928,5
0.0037929,5
0.003793,6
0.0037931,6
0.0037932,6
0.0037933,6
0.0037934,6
0.0037935,6
0.0037936,6
0.0037937,6
0.0037938,6
0.0037939,6
0.003794,6
0.0037941,6
0.0037942,6
0.0037943,6
0.0037944,6
0.0037945,6
0.0037946,6
0.0037947,6
0.0037948,6
0.0037949,6
0.003795,6
0.0037951,6
0.0037952,6
0.0037953,6
0.0037954,6
0.0037955,6
0.0037956,6
0.0037957,6
0.0037958,6
0.0037959,6
0.003796,6
0.0037961,6
0.0037962,6
0.0037963,6
0.0037964,6
0.0037965,6
0.0037966,6
0.0037967,6
0.0037968,6
0.0037969,6
0.003797,6
0.0037971,6
0.0037972,6
0.0037973,6
0.0037974,6
0.0037975,6
0.0037976,6
0.0037977,6
0.0037978,6
0.0037979,7
0.003798,7
0.0037981,7
0.0037982,7
0.0037983,7
0.0037984,7
0.0037985,7
0.0037986,7
0.0037987,7
0.0037988,7
0.0037989,7
0.003799,7
0.0037991,7
0.0037992,7
0.0037993,7
0.0037994,7
0.0037995,7
0.0037996,7
0.0037997,7
0.0037998,7
0.0037999,7
0.0038,7
0.0038001,7
0.0038002,7
0.0038003,7
0.0038004,7
0.0038005,7
0.0038006,7
0.0038007,7
0.0038008,7
0.0038009,7
0.003801,7
0.0038011,7
0.0038012,7
0.0038013,7
0.0038014,7
0.0038015,7
0.0038016,7
0.0038017,7
0.0038018,8
0.0038019,8
0.003802,8
0.0038021,8
0.0038022,8
0.0038023,8
0.0038024,8
0.0038025,8
0.0038026,8
0.0038027,8
0.0038028,8
0.0038029,8
0.003803,8
0.0038031,8
0.0038032,8
0.0038033,8
0.0038034,8
0.0038035,8
0.0038036,8
0.0038037,8
0.0038038,8
0.0038039,8
0.003804,8
0.0038041,8
0.0038042,8
0.0038043,8
0.0038044,8
0.0038045,8
0.0038046,8
0.0038047,8
0.0038048,8
0.0038049,8
0.003805,8
0.0038051,8
0.0038052,8
0.0038053,8
0.0038054,8
0.0038055,8
0.0038056,8
0.0038057,9
0.0038058,9
0.0038059,9
0.003806,9
0.0038061,9
0.0038062,9
0.0038063,9
0.0038064,9
0.0038065,9
0.0038066,9
0.0038067,9
0.0038068,9
0.0038069,9
0.003807,9
0.0038071,9
0.0038072,9
0.0038073,9
0.0038074,9
0.0038075,9
0.0038076,9
0.0038077,9
0.0038078,9
0.0038079,9
0.003808,9
0.0038081,9
0.0038082,9
0.0038083,9
0.0038084,9
0.0038085,9
0.0038086,9
0.0038087,10
0.0038088,10
0.0038089,10
0.003809,10
0.0038091,10
0.0038092,10
0.0038093,10
0.0038094,10
0.0038095,10
0.0038096,10
0.0038097,10
0.0038098,10
0.0038099,10
0.00381,10
0.0038101,10
0.0038102,10
0.0038103,10
0.0038104,10
0.0038105,10
0.0038106,10
0.0038107,10
0.0038108,10
0.0038109,10
0.003811,10
0.0038111,10
0.0038112,10
0.0038113,10
0.0038114,10
0.0038115,10
0.0038116,10
0.0038117,10
0.0038118,10
0.0038119,10
0.003812,10
0.0038121,10
0.0038122,10
0.0038123,10
0.0038124,10
0.0038125,10
0.0038126,11
0.0038127,11
0.0038128,11
0.0038129,11
0.003813,11
0.0038131,11
0.0038132,11
0.0038133,11
0.0038134,11
0.0038135,11
0.0038136,11
0.0038137,11
0.0038138,11
0.0038139,11
0.003814,11
0.0038141,11
0.0038142,11
0.0038143,11
0.0038144,11
0.0038145,11
0.0038146,11
0.0038147,11
0.0038148,11
0.0038149,11
0.003815,11
0.0038151,11
0.0038152,11
0.0038153,11
0.0038154,11
0.0038155,12
0.0038156,12
0.0038157,12
0.0038158,12
0.0038159,12
0.003816,12
0.0038161,12
0.0038162,12
0.0038163,12
0.0038164,12
0.0038165,12
0.0038166,12
0.0038167,12
0.0038168,12
0.0038169,12
0.003817,12
0.0038171,12
0.0038172,12
0.0038173,12
0.0038174,12
0.0038175,12
0.0038176,12
0.0038177,12
0.0038178,12
0.0038179,12
0.003818,12
0.0038181,12
0.0038182,12
0.0038183,12
0.0038184,13
0.0038185,13
0.0038186,13
0.0038187,13
0.0038188,13
0.0038189,13
0.003819,13
0.0038191,13
0.0038192,13
0.0038193,13
0.0038194,13
0.0038195,13
0.0038196,13
0.0038197,13
0.0038198,13
0.0038199,13
0.00382,13
0.0038201,13
0.0038202,13
0.0038203,13
0.0038204,13
0.0038205,13
0.0038206,13
0.0038207,13
0.0038208,13
0.0038209,13
0.003821,13
0.0038211,13
0.0038212,13
0.0038213,14
0.0038214,14
0.0038215,14
0.0038216,14
0.0038217,14
0.0038218,14
0.0038219,14
0.003822,14
0.0038221,14
0.0038222,14
0.0038223,14
0.0038224,14
0.0038225,14
0.0038226,14
0.0038227,14
0.0038228,14
0.0038229,14
0.003823,14
0.0038231,14
0.0038232,14
0.0038233,14
0.0038234,14
0.0038235,14
0.0038236,14
0.0038237,14
0.0038238,14
0.0038239,14
0.003824,14
0.0038241,14
0.0038242,14
0.0038243,15
0.0038244,15
0.0038245,15
0.0038246,15
0.0038247,15
0.0038248,15
0.0038249,15
0.003825,15
0.0038251,15
0.0038252,15
0.0038253,15
0.0038254,15
0.0038255,15
0.0038256,15
0.0038257,15
0.0038258,15
0.0038259,15
0.003826,15
0.0038261,15
0.0038262,15
0.0038263,15
0.0038264,15
0.0038265,15
0.0038266,15
0.0038267,15
0.0038268,15
0.0038269,15
0.003827,15
0.0038271,15
0.0038272,16
0.0038273,16
0.0038274,16
0.0038275,16
0.0038276,16
0.0038277,16
0.0038278,16
0.0038279,16
0.003828,16
0.0038281,16
0.0038282,16
0.0038283,16
0.0038284,16
0.0038285,16
0.0038286,16
0.0038287,16
0.0038288,16
0.0038289,16
0.003829,16
0.0038291,16
0.0038292,16
0.0038293,16
0.0038294,16
0.0038295,16
0.0038296,16
0.0038297,16
0.0038298,16
0.0038299,16
0.00383,16
0.0038301,17
0.0038302,17
0.0038303,17
0.0038304,17
0.0038305,17
0.0038306,17
0.0038307,17
0.0038308,17
0.0038309,17
0.003831,17
0.0038311,17
0.0038312,17
0.0038313,17
0.0038314,17
0.0038315,17
0.0038316,17
0.0038317,17
0.0038318,17
0.0038319,17
0.003832,17
0.0038321,17
0.0038322,17
0.0038323,17
0.0038324,17
0.0038325,17
0.0038326,17
0.0038327,17
0.0038328,17
0.0038329,17
0.003833,17
0.0038331,18
0.0038332,18
0.0038333,18
0.0038334,18
0.0038335,18
0.0038336,18
0.0038337,18
0.0038338,18
0.0038339,18
0.003834,18
0.0038341,18
0.0038342,18
0.0038343,18
0.0038344,18
0.0038345,18
0.0038346,18
0.0038347,18
0.0038348,18
0.0038349,18
0.003835,19
0.0038351,19
0.0038352,19
0.0038353,19
0.0038354,19
0.0038355,19
0.0038356,19
0.0038357,19
0.0038358,19
0.0038359,19
0.003836,19
0.0038361,19
0.0038362,19
0.0038363,19
0.0038364,19
0.0038365,19
0.0038366,19
0.0038367,19
0.0038368,19
0.0038369,19
0.003837,19
0.0038371,19
0.0038372,19
0.0038373,19
0.0038374,19
0.0038375,19
0.0038376,19
0.0038377,19
0.0038378,19
0.0038379,20
0.003838,20
0.0038381,20
0.0038382,20
0.0038383,20
0.0038384,20
0.0038385,20
0.0038386,20
0.0038387,20
0.0038388,20
0.0038389,20
0.003839,20
0.0038391,20
0.0038392,20
0.0038393,20
0.0038394,20
0.0038395,20
0.0038396,20
0.0038397,20
0.0038398,20
0.0038399,21
0.00384,21
0.0038401,21
0.0038402,21
0.0038403,21
0.0038404,21
0.0038405,21
0.0038406,21
0.0038407,21
0.0038408,21
0.0038409,21
0.003841,21
0.0038411,21
0.0038412,21
0.0038413,21
0.0038414,21
0.0038415,21
0.0038416,21
0.0038417,21
0.0038418,21
0.0038419,22
0.003842,22
0.0038421,22
0.0038422,22
0.0038423,22
0.0038424,22
0.0038425,22
0.0038426,22
0.0038427,22
0.0038428,22
0.0038429,22
0.003843,22
0.0038431,22
0.0038432,22
0.0038433,22
0.0038434,22
0.0038435,22
0.0038436,22
0.0038437,22
0.0038438,22
0.0038439,22
0.003844,22
0.0038441,22
0.0038442,22
0.0038443,22
0.0038444,22
0.0038445,22
0.0038446,22
0.0038447,22
0.0038448,23
0.0038449,23
0.003845,23
0.0038451,23
0.0038452,23
0.0038453,23
0.0038454,23
0.0038455,23
0.0038456,23
0.0038457,23
0.0038458,23
0.0038459,23
0.003846,23
0.0038461,23
0.0038462,23
0.0038463,23
0.0038464,23
0.0038465,23
0.0038466,23
0.0038467,24
0.0038468,24
0.0038469,24
0.003847,24
0.0038471,24
0.0038472,24
0.0038473,24
0.0038474,24
0.0038475,24
0.0038476,24
0.0038477,24
0.0038478,24
0.0038479,24
0.003848,24
0.0038481,24
0.0038482,24
0.0038483,24
0.0038484,24
0.0038485,24
0.0038486,24
0.0038487,25
0.0038488,25
0.0038489,25
0.003849,25
0.0038491,25
0.0038492,25
0.0038493,25
0.0038494,25
0.0038495,25
0.0038496,25
0.0038497,25
0.0038498,25
0.0038499,25
0.00385,25
0.0038501,25
0.0038502,25
0.0038503,25
0.0038504,25
0.0038505,25
0.0038506,26
0.0038507,26
0.0038508,26
0.0038509,26
0.003851,26
0.0038511,26
0.0038512,26
0.0038513,26
0.0038514,26
0.0038515,26
0.0038516,26
0.0038517,26
0.0038518,26
0.0038519,26
0.003852,26
0.0038521,26
0.0038522,26
0.0038523,26
0.0038524,26
0.0038525,26
0.0038526,26
0.0038527,26
0.0038528,26
0.0038529,26
0.003853,26
0.0038531,26
0.0038532,26
0.0038533,26
0.0038534,26
0.0038535,26
0.0038536,27
0.0038537,27
0.0038538,27
0.0038539,27
0.003854,27
0.0038541,27
0.0038542,27
0.0038543,27
0.0038544,27
0.0038545,27
0.0038546,27
0.0038547,27
0.0038548,27
0.0038549,27
0.003855,27
0.0038551,27
0.0038552,27
0.0038553,27
0.0038554,27
0.0038555,28
0.0038556,28
0.0038557,28
0.0038558,28
0.0038559,28
0.003856,28
0.0038561,28
0.0038562,28
0.0038563,28
0.0038564,28
0.0038565,28
0.0038566,28
0.0038567,28
0.0038568,28
0.0038569,28
0.003857,28
0.0038571,28
0.0038572,28
0.0038573,28
0.0038574,28
0.0038575,29
0.0038576,29
0.0038577,29
0.0038578,29
0.0038579,29
0.003858,29
0.0038581,29
0.0038582,29
0.0038583,29
0.0038584,29
0.0038585,29
0.0038586,29
0.0038587,29
0.0038588,29
0.0038589,29
0.003859,29
0.0038591,29
0.0038592,29
0.0038593,29
0.0038594,30
0.0038595,30
0.0038596,30
0.0038597,30
0.0038598,30
0.0038599,30
0.00386,30
0.0038601,30
0.0038602,30
0.0038603,30
0.0038604,30
0.0038605,30
0.0038606,30
0.0038607,30
0.0038608,30
0.0038609,30
0.003861,30
0.0038611,30
0.0038612,30
0.0038613,30
0.0038614,31
0.0038615,31
0.0038616,31
0.0038617,31
0.0038618,31
0.0038619,31
0.003862,31
0.0038621,31
0.0038622,31
0.0038623,31
0.0038624,31
0.0038625,31
0.0038626,31
0.0038627,31
0.0038628,31
0.0038629,31
0.003863,31
0.0038631,31
0.0038632,31
0.0038633,32
0.0038634,32
0.0038635,32
0.0038636,32
0.0038637,32
0.0038638,32
0.0038639,32
0.003864,32
0.0038641,32
0.0038642,32
0.0038643,32
0.0038644,32
0.0038645,32
0.0038646,32
0.0038647,32
0.0038648,32
0.0038649,32
0.003865,32
0.0038651,32
0.0038652,32
0.0038653,33
0.0038654,33
0.0038655,33
0.0038656,33
0.0038657,33
0.0038658,33
0.0038659,33
0.003866,33
0.0038661,33
0.0038662,33
0.0038663,33
0.0038664,33
0.0038665,33
0.0038666,33
0.0038667,33
0.0038668,33
0.0038669,33
0.003867,33
0.0038671,33
0.0038672,34
0.0038673,34
0.0038674,34
0.0038675,34
0.0038676,34
0.0038677,34
0.0038678,34
0.0038679,34
0.003868,34
0.0038681,34
0.0038682,34
0.0038683,34
0.0038684,34
0.0038685,34
0.0038686,34
0.0038687,34
0.0038688,34
0.0038689,34
0.003869,34
0.0038691,34
0.0038692,35
0.0038693,35
0.0038694,35
0.0038695,35
0.0038696,35
0.0038697,35
0.0038698,35
0.0038699,35
0.00387,35
0.0038701,35
0.0038702,35
0.0038703,35
0.0038704,35
0.0038705,35
0.0038706,35
0.0038707,35
0.0038708,35
0.0038709,35
0.003871,35
0.0038711,35
0.0038712,36
0.0038713,36
0.0038714,36
0.0038715,36
0.0038716,36
0.0038717,36
0.0038718,36
0.0038719,36
0.003872,36
0.0038721,37
0.0038722,37
0.0038723,37
0.0038724,37
0.0038725,37
0.0038726,37
0.0038727,37
0.0038728,37
0.0038729,37
0.003873,37
0.0038731,37
0.0038732,37
0.0038733,37
0.0038734,37
0.0038735,37
0.0038736,37
0.0038737,37
0.0038738,37
0.0038739,37
0.003874,37
0.0038741,38
0.0038742,38
0.0038743,38
0.0038744,38
0.0038745,38
0.0038746,38
0.0038747,38
0.0038748,38
0.0038749,38
0.003875,38
0.0038751,38
0.0038752,38
0.0038753,38
0.0038754,38
0.0038755,38
0.0038756,38
0.0038757,38
0.0038758,38
0.0038759,38
0.003876,39
0.0038761,39
0.0038762,39
0.0038763,39
0.0038764,39
0.0038765,39
0.0038766,39
0.0038767,39
0.0038768,39
0.0038769,39
0.003877,39
0.0038771,39
0.0038772,39
0.0038773,39
0.0038774,39
0.0038775,39
0.0038776,39
0.0038777,39
0.0038778,39
0.0038779,39
0.003878,40
0.0038781,40
0.0038782,40
0.0038783,40
0.0038784,40
0.0038785,40
0.0038786,40
0.0038787,40
0.0038788,40
0.0038789,40
0.003879,40
0.0038791,40
0.0038792,40
0.0038793,40
0.0038794,40
0.0038795,40
0.0038796,40
0.0038797,40
0.0038798,40
0.0038799,41
0.00388,41
0.0038801,41
0.0038802,41
0.0038803,41
0.0038804,41
0.0038805,41
0.0038806,41
0.0038807,41
0.0038808,41
0.0038809,42
0.003881,42
0.0038811,42
0.0038812,42
0.0038813,42
0.0038814,42
0.0038815,42
0.0038816,42
0.0038817,42
0.0038818,42
0.0038819,42
0.003882,42
0.0038821,42
0.0038822,42
0.0038823,42
0.0038824,42
0.0038825,42
0.0038826,42
0.0038827,42
0.0038828,42
0.0038829,43
0.003883,43
0.0038831,43
0.0038832,43
0.0038833,43
0.0038834,43
0.0038835,43
0.0038836,43
0.0038837,43
0.0038838,43
0.0038839,43
0.003884,43
0.0038841,43
0.0038842,43
0.0038843,43
0.0038844,43
0.0038845,43
0.0038846,43
0.0038847,43
0.0038848,44
0.0038849,44
0.003885,44
0.0038851,44
0.0038852,44
0.0038853,44
0.0038854,44
0.0038855,44
0.0038856,44
0.0038857,44
0.0038858,44
0.0038859,44
0.003886,44
0.0038861,44
0.0038862,44
0.0038863,44
0.0038864,44
0.0038865,44
0.0038866,44
0.0038867,44
0.0038868,45
0.0038869,45
0.003887,45
0.0038871,45
0.0038872,45
0.0038873,45
0.0038874,45
0.0038875,45
0.0038876,45
0.0038877,45
0.0038878,46
0.0038879,46
0.003888,46
0.0038881,46
0.0038882,46
0.0038883,46
0.0038884,46
0.0038885,46
0.0038886,46
0.0038887,46
0.0038888,46
0.0038889,46
0.003889,46
0.0038891,46
0.0038892,46
0.0038893,46
0.0038894,46
0.0038895,46
0.0038896,46
0.0038897,47
0.0038898,47
0.0038899,47
0.00389,47
0.0038901,47
0.0038902,47
0.0038903,47
0.0038904,47
0.0038905,47
0.0038906,47
0.0038907,47
0.0038908,47
0.0038909,47
0.003891,47
0.0038911,47
0.0038912,47
0.0038913,47
0.0038914,47
0.0038915,47
0.0038916,47
0.0038917,48
0.0038918,48
0.0038919,48
0.003892,48
0.0038921,48
0.0038922,48
0.0038923,48
0.0038924,48
0.0038925,48
0.0038926,49
0.0038927,49
0.0038928,49
0.0038929,49
0.003893,49
0.0038931,49
0.0038932,49
0.0038933,49
0.0038934,49
0.0038935,49
0.0038936,49
0.0038937,49
0.0038938,49
0.0038939,49
0.003894,49
0.0038941,49
0.0038942,49
0.0038943,49
0.0038944,49
0.0038945,49
0.0038946,50
0.0038947,50
0.0038948,50
0.0038949,50
0.003895,50
0.0038951,50
0.0038952,50
0.0038953,50
0.0038954,50
0.0038955,50
0.0038956,50
0.0038957,50
0.0038958,50
0.0038959,50
0.003896,50
0.0038961,50
0.0038962,50
0.0038963,50
0.0038964,50
0.0038965,51
0.0038966,51
0.0038967,51
0.0038968,51
0.0038969,51
0.003897,51
0.0038971,51
0.0038972,51
0.0038973,51
0.0038974,51
0.0038975,52
0.0038976,52
0.0038977,52
0.0038978,52
0.0038979,52
0.003898,52
0.0038981,52
0.0038982,52
0.0038983,52
0.0038984,52
0.0038985,52
0.0038986,52
0.0038987,52
0.0038988,52
0.0038989,52
0.003899,52
0.0038991,52
0.0038992,52
0.0038993,52
0.0038994,52
0.0038995,53
0.0038996,53
0.0038997,53
0.0038998,53
0.0038999,53
0.0039,53
0.0039001,53
0.0039002,53
0.0039003,53
0.0039004,54
0.0039005,54
0.0039006,54
0.0039007,54
0.0039008,54
0.0039009,54
0.003901,54
0.0039011,54
0.0039012,54
0.0039013,54
0.0039014,54
0.0039015,54
0.0039016,54
0.0039017,54
0.0039018,54
0.0039019,54
0.003902,54
0.0039021,54
0.0039022,54
0.0039023,54
0.0039024,55
0.0039025,55
0.0039026,55
0.0039027,55
0.0039028,55
0.0039029,55
0.003903,55
0.0039031,55
0.0039032,55
0.0039033,55
0.0039034,56
0.0039035,56
0.0039036,56
0.0039037,56
0.0039038,56
0.0039039,56
0.003904,56
0.0039041,56
0.0039042,56
0.0039043,56
0.0039044,56
0.0039045,56
0.0039046,56
0.0039047,56
0.0039048,56
0.0039049,56
0.003905,56
0.0039051,56
0.0039052,56
0.0039053,57
0.0039054,57
0.0039055,57
0.0039056,57
0.0039057,57
0.0039058,57
0.0039059,57
0.003906,57
0.0039061,57
0.0039062,57
0.0039063,57
0.0039064,57
0.0039065,57
0.0039066,57
0.0039067,57
0.0039068,57
0.0039069,57
0.003907,57
0.0039071,57
0.0039072,57
0.0039073,58
0.0039074,58
0.0039075,58
0.0039076,58
0.0039077,58
0.0039078,58
0.0039079,58
0.003908,58
0.0039081,58
0.0039082,58
0.0039083,59
0.0039084,59
0.0039085,59
0.0039086,59
0.0039087,59
0.0039088,59
0.0039089,59
0.003909,59
0.0039091,59
0.0039092,59
0.0039093,59
0.0039094,59
0.0039095,59
0.0039096,59
0.0039097,59
0.0039098,59
0.0039099,59
0.00391,59
0.0039101,59
0.0039102,60
0.0039103,60
0.0039104,60
0.0039105,60
0.0039106,60
0.0039107,60
0.0039108,60
0.0039109,60
0.003911,60
0.0039111,60
0.0039112,61
0.0039113,61
0.0039114,61
0.0039115,61
0.0039116,61
0.0039117,61
0.0039118,61
0.0039119,61
0.003912,61
0.0039121,61
0.0039122,61
0.0039123,61
0.0039124,61
0.0039125,61
0.0039126,61
0.0039127,61
0.0039128,61
0.0039129,61
0.003913,61
0.0039131,62
0.0039132,62
0.0039133,62
0.0039134,62
0.0039135,62
0.0039136,62
0.0039137,62
0.0039138,62
0.0039139,62
0.003914,62
0.0039141,63
0.0039142,63
0.0039143,63
0.0039144,63
0.0039145,63
0.0039146,63
0.0039147,63
0.0039148,63
0.0039149,63
0.003915,63
0.0039151,63
0.0039152,63
0.0039153,63
0.0039154,63
0.0039155,63
0.0039156,63
0.0039157,63
0.0039158,63
0.0039159,63
0.003916,63
0.0039161,64
0.0039162,64
0.0039163,64
0.0039164,64
0.0039165,64
0.0039166,64
0.0039167,64
0.0039168,64
0.0039169,64
0.003917,65
0.0039171,65
0.0039172,65
0.0039173,65
0.0039174,65
0.0039175,65
0.0039176,65
0.0039177,65
0.0039178,65
0.0039179,65
0.003918,65
0.0039181,65
0.0039182,65
0.0039183,65
0.0039184,65
0.0039185,65
0.0039186,65
0.0039187,65
0.0039188,65
0.0039189,65
0.003919,66
0.0039191,66
0.0039192,66
0.0039193,66
0.0039194,66
0.0039195,66
0.0039196,66
0.0039197,66
0.0039198,66
0.0039199,66
0.00392,67
0.0039201,67
0.0039202,67
0.0039203,67
0.0039204,67
0.0039205,67
0.0039206,67
0.0039207,67
0.0039208,67
0.0039209,67
0.003921,67
0.0039211,67
0.0039212,67
0.0039213,67
0.0039214,67
0.0039215,67
0.0039216,67
0.0039217,67
0.0039218,67
0.0039219,68
0.003922,68
0.0039221,68
0.0039222,68
0.0039223,68
0.0039224,68
0.0039225,68
0.0039226,68
0.0039227,68
0.0039228,68
0.0039229,69
0.003923,69
0.0039231,69
0.0039232,69
0.0039233,69
0.0039234,69
0.0039235,69
0.0039236,69
0.0039237,69
0.0039238,69
0.0039239,70
0.003924,70
0.0039241,70
0.0039242,70
0.0039243,70
0.0039244,70
0.0039245,70
0.0039246,70
0.0039247,70
0.0039248,70
0.0039249,70
0.003925,70
0.0039251,70
0.0039252,70
0.0039253,70
0.0039254,70
0.0039255,70
0.0039256,70
0.0039257,70
0.0039258,71
0.0039259,71
0.003926,71
0.0039261,71
0.0039262,71
0.0039263,71
0.0039264,71
0.0039265,71
0.0039266,71
0.0039267,71
0.0039268,72
0.0039269,72
0.003927,72
0.0039271,72
0.0039272,72
0.0039273,72
0.0039274,72
0.0039275,72
0.0039276,72
0.0039277,72
0.0039278,72
0.0039279,72
0.003928,72
0.0039281,72
0.0039282,72
0.0039283,72
0.0039284,72
0.0039285,72
0.0039286,72
0.0039287,72
0.0039288,73
0.0039289,73
0.003929,73
0.0039291,73
0.0039292,73
0.0039293,73
0.0039294,73
0.0039295,73
0.0039296,73
0.0039297,74
0.0039298,74
0.0039299,74
0.00393,74
0.0039301,74
0.0039302,74
0.0039303,74
0.0039304,74
0.0039305,74
0.0039306,74
0.0039307,74
0.0039308,74
0.0039309,74
0.003931,74
0.0039311,74
0.0039312,74
0.0039313,74
0.0039314,74
0.0039315,74
0.0039316,74
0.0039317,75
0.0039318,75
0.0039319,75
0.003932,75
0.0039321,75
0.0039322,75
0.0039323,75
0.0039324,75
0.0039325,75
0.0039326,75
0.0039327,76
0.0039328,76
0.0039329,76
0.003933,76
0.0039331,76
0.0039332,76
0.0039333,76
0.0039334,76
0.0039335,76
0.0039336,76
0.0039337,77
0.0039338,77
0.0039339,77
0.003934,77
0.0039341,77
0.0039342,77
0.0039343,77
0.0039344,77
0.0039345,77
0.0039346,77
0.0039347,77
0.0039348,77
0.0039349,77
0.003935,77
0.0039351,77
0.0039352,77
0.0039353,77
0.0039354,77
0.0039355,77
0.0039356,78
0.0039357,78
0.0039358,78
0.0039359,78
0.003936,78
0.0039361,78
0.0039362,78
0.0039363,78
0.0039364,78
0.0039365,78
0.0039366,79
0.0039367,79
0.0039368,79
0.0039369,79
0.003937,79
0.0039371,79
0.0039372,79
0.0039373,79
0.0039374,79
0.0039375,79
0.0039376,79
0.0039377,79
0.0039378,79
0.0039379,79
0.003938,79
0.0039381,79
0.0039382,79
0.0039383,79
0.0039384,79
0.0039385,80
0.0039386,80
0.0039387,80
0.0039388,80
0.0039389,80
0.003939,80
0.0039391,80
0.0039392,80
0.0039393,80
0.0039394,80
0.0039395,81
0.0039396,81
0.0039397,81
0.0039398,81
0.0039399,81
0.00394,81
0.0039401,81
0.0039402,81
0.0039403,81
0.0039404,81
0.0039405,82
0.0039406,82
0.0039407,82
0.0039408,82
0.0039409,82
0.003941,82
0.0039411,82
0.0039412,82
0.0039413,82
0.0039414,82
0.0039415,82
0.0039416,82
0.0039417,82
0.0039418,82
0.0039419,82
0.003942,82
0.0039421,82
0.0039422,82
0.0039423,82
0.0039424,83
0.0039425,83
0.0039426,83
0.0039427,83
0.0039428,83
0.0039429,83
0.003943,83
0.0039431,83
0.0039432,83
0.0039433,83
0.0039434,84
0.0039435,84
0.0039436,84
0.0039437,84
0.0039438,84
0.0039439,84
0.003944,84
0.0039441,84
0.0039442,84
0.0039443,84
0.0039444,84
0.0039445,84
0.0039446,84
0.0039447,84
0.0039448,84
0.0039449,84
0.003945,84
0.0039451,84
0.0039452,84
0.0039453,84
0.0039454,85
0.0039455,85
0.0039456,85
0.0039457,85
0.0039458,85
0.0039459,85
0.003946,85
0.0039461,85
0.0039462,85
0.0039463,86
0.0039464,86
0.0039465,86
0.0039466,86
0.0039467,86
0.0039468,86
0.0039469,86
0.003947,86
0.0039471,86
0.0039472,86
0.0039473,87
0.0039474,87
0.0039475,87
0.0039476,87
0.0039477,87
0.0039478,87
0.0039479,87
0.003948,87
0.0039481,87
0.0039482,87
0.0039483,87
0.0039484,87
0.0039485,87
0.0039486,87
0.0039487,87
0.0039488,87
0.0039489,87
0.003949,87
0.0039491,87
0.0039492,87
0.0039493,88
0.0039494,88
0.0039495,88
0.0039496,88
0.0039497,88
0.0039498,88
0.0039499,88
0.00395,88
0.0039501,88
0.0039502,88
0.0039503,89
0.0039504,89
0.0039505,89
0.0039506,89
0.0039507,89
0.0039508,89
0.0039509,89
0.003951,89
0.0039511,89
0.0039512,90
0.0039513,90
0.0039514,90
0.0039515,90
0.0039516,90
0.0039517,90
0.0039518,90
0.0039519,90
0.003952,90
0.0039521,90
0.0039522,90
0.0039523,90
0.0039524,90
0.0039525,90
0.0039526,90
0.0039527,90
0.0039528,90
0.0039529,90
0.003953,90
0.0039531,90
0.0039532,91
0.0039533,91
0.0039534,91
0.0039535,91
0.0039536,91
0.0039537,91
0.0039538,91
0.0039539,91
0.003954,91
0.0039541,91
0.0039542,92
0.0039543,92
0.0039544,92
0.0039545,92
0.0039546,92
0.0039547,92
0.0039548,92
0.0039549,92
0.003955,92
0.0039551,93
0.0039552,93
0.0039553,93
0.0039554,93
0.0039555,93
0.0039556,93
0.0039557,93
0.0039558,93
0.0039559,93
0.003956,93
0.0039561,93
0.0039562,93
0.0039563,93
0.0039564,93
0.0039565,93
0.0039566,93
0.0039567,93
0.0039568,93
0.0039569,93
0.003957,93
0.0039571,94
0.0039572,94
0.0039573,94
0.0039574,94
0.0039575,94
0.0039576,94
0.0039577,94
0.0039578,94
0.0039579,94
0.003958,94
0.0039581,95
0.0039582,95
0.0039583,95
0.0039584,95
0.0039585,95
0.0039586,95
0.0039587,95
0.0039588,95
0.0039589,95
0.003959,96
0.0039591,96
0.0039592,96
0.0039593,96
0.0039594,96
0.0039595,96
0.0039596,96
0.0039597,96
0.0039598,96
0.0039599,96
0.00396,96
0.0039601,96
0.0039602,96
0.0039603,96
0.0039604,96
0.0039605,96
0.0039606,96
0.0039607,96
0.0039608,96
0.0039609,96
0.003961,97
0.0039611,97
0.0039612,97
0.0039613,97
0.0039614,97
0.0039615,97
0.0039616,97
0.0039617,97
0.0039618,97
0.0039619,97
0.003962,98
0.0039621,98
0.0039622,98
0.0039623,98
0.0039624,98
0.0039625,98
0.0039626,98
0.0039627,98
0.0039628,98
0.0039629,99
0.003963,99
0.0039631,99
0.0039632,99
0.0039633,99
0.0039634,99
0.0039635,99
0.0039636,99
0.0039637,99
0.0039638,99
0.0039639,99
0.003964,99
0.0039641,99
0.0039642,99
0.0039643,99
0.0039644,99
0.0039645,99
0.0039646,99
0.0039647,99
0.0039648,99
0.0039649,100
0.003965,100
0.0039651,100
0.0039652,100
0.0039653,100
0.0039654,100
0.0039655,100
0.0039656,100
0.0039657,100
0.0039658,100
0.0039659,101
0.003966,101
0.0039661,101
0.0039662,101
0.0039663,101
0.0039664,101
0.0039665,101
0.0039666,101
0.0039667,101
0.0039668,101
0.0039669,102
0.003967,102
0.0039671,102
0.0039672,102
0.0039673,102
0.0039674,102
0.0039675,102
0.0039676,102
0.0039677,102
0.0039678,102
0.0039679,102
0.003968,102
0.0039681,102
0.0039682,102
0.0039683,102
0.0039684,102
0.0039685,102
0.0039686,102
0.0039687,102
0.0039688,103
0.0039689,103
0.003969,103
0.0039691,103
0.0039692,103
0.0039693,103
0.0039694,103
0.0039695,103
0.0039696,103
0.0039697,103
0.0039698,104
0.0039699,104
0.00397,104
0.0039701,104
0.0039702,104
0.0039703,104
0.0039704,104
0.0039705,104
0.0039706,104
0.0039707,104
0.0039708,105
0.0039709,105
0.003971,105
0.0039711,105
0.0039712,105
0.0039713,105
0.0039714,105
0.0039715,105
0.0039716,105
0.0039717,106
0.0039718,106
0.0039719,106
0.003972,106
0.0039721,106
0.0039722,106
0.0039723,106
0.0039724,106
0.0039725,106
0.0039726,106
0.0039727,106
0.0039728,106
0.0039729,106
0.003973,106
0.0039731,106
0.0039732,106
0.0039733,106
0.0039734,106
0.0039735,106
0.0039736,106
0.0039737,107
0.0039738,107
0.0039739,107
0.003974,107
0.0039741,107
0.0039742,107
0.0039743,107
0.0039744,107
0.0039745,107
0.0039746,107
0.0039747,108
0.0039748,108
0.0039749,108
0.003975,108
0.0039751,108
0.0039752,108
0.0039753,108
0.0039754,108
0.0039755,108
0.0039756,109
0.0039757,109
0.0039758,109
0.0039759,109
0.003976,109
0.0039761,109
0.0039762,109
0.0039763,109
0.0039764,109
0.0039765,109
0.0039766,109
0.0039767,109
0.0039768,109
0.0039769,109
0.003977,109
0.0039771,109
0.0039772,109
0.0039773,109
0.0039774,109
0.0039775,109
0.0039776,110
0.0039777,110
0.0039778,110
0.0039779,110
0.003978,110
0.0039781,110
0.0039782,110
0.0039783,110
0.0039784,110
0.0039785,110
0.0039786,111
0.0039787,111
0.0039788,111
0.0039789,111
0.003979,111
0.0039791,111
0.0039792,111
0.0039793,111
0.0039794,111
0.0039795,112
0.0039796,112
0.0039797,112
0.0039798,112
0.0039799,112
0.00398,112
0.0039801,112
0.0039802,112
0.0039803,112
0.0039804,112
0.0039805,112
0.0039806,112
0.0039807,112
0.0039808,112
0.0039809,112
0.003981,112
0.0039811,112
0.0039812,112
0.0039813,112
0.0039814,112
0.0039815,113
0.0039816,113
0.0039817,113
0.0039818,113
0.0039819,113
0.003982,113
0.0039821,113
0.0039822,113
0.0039823,113
0.0039824,113
0.0039825,114
0.0039826,114
0.0039827,114
0.0039828,114
0.0039829,114
0.003983,114
0.0039831,114
0.0039832,114
0.0039833,114
0.0039834,114
0.0039835,115
0.0039836,115
0.0039837,115
0.0039838,115
0.0039839,115
0.003984,115
0.0039841,115
0.0039842,115
0.0039843,115
0.0039844,116
0.0039845,116
0.0039846,116
0.0039847,116
0.0039848,116
0.0039849,116
0.003985,116
0.0039851,116
0.0039852,116
0.0039853,116
0.0039854,116
0.0039855,116
0.0039856,116
0.0039857,116
0.0039858,116
0.0039859,116
0.003986,116
0.0039861,116
0.0039862,116
0.0039863,116
0.0039864,117
0.0039865,117
0.0039866,117
0.0039867,117
0.0039868,117
0.0039869,117
0.003987,117
0.0039871,117
0.0039872,117
0.0039873,117
0.0039874,118
0.0039875,118
0.0039876,118
0.0039877,118
0.0039878,118
0.0039879,118
0.003988,118
0.0039881,118
0.0039882,118
0.0039883,119
0.0039884,119
0.0039885,119
0.0039886,119
0.0039887,119
0.0039888,119
0.0039889,119
0.003989,119
0.0039891,119
0.0039892,119
0.0039893,119
0.0039894,119
0.0039895,119
0.0039896,119
0.0039897,119
0.0039898,119
0.0039899,119
0.00399,119
0.0039901,119
0.0039902,119
0.0039903,120
0.0039904,120
0.0039905,120
0.0039906,120
0.0039907,120
0.0039908,120
0.0039909,120
0.003991,120
0.0039911,120
0.0039912,120
0.0039913,121
0.0039914,121
0.0039915,121
0.0039916,121
0.0039917,121
0.0039918,121
0.0039919,121
0.003992,121
0.0039921,121
0.0039922,122
0.0039923,122
0.0039924,122
0.0039925,122
0.0039926,122
0.0039927,122
0.0039928,122
0.0039929,122
0.003993,122
0.0039931,122
0.0039932,123
0.0039933,123
0.0039934,123
0.0039935,123
0.0039936,123
0.0039937,123
0.0039938,123
0.0039939,123
0.003994,123
0.0039941,123
0.0039942,123
0.0039943,123
0.0039944,123
0.0039945,123
0.0039946,123
0.0039947,123
0.0039948,123
0.0039949,123
0.003995,123
0.0039951,123
0.0039952,124
0.0039953,124
0.0039954,124
0.0039955,124
0.0039956,124
0.0039957,124
0.0039958,124
0.0039959,124
0.003996,124
0.0039961,124
0.0039962,125
0.0039963,125
0.0039964,125
0.0039965,125
0.0039966,125
0.0039967,125
0.0039968,125
0.0039969,125
0.003997,125
0.0039971,126
0.0039972,126
0.0039973,126
0.0039974,126
0.0039975,126
0.0039976,126
0.0039977,126
0.0039978,126
0.0039979,126
0.003998,126
0.0039981,126
0.0039982,126
0.0039983,126
0.0039984,126
0.0039985,126
0.0039986,126
0.0039987,126
0.0039988,126
0.0039989,126
0.003999,126
0.0039991,127
0.0039992,127
0.0039993,127
0.0039994,127
0.0039995,127
0.0039996,127
0.0039997,127
0.0039998,127
0.0039999,127
0.004,127
0.0040001,128
0.0040002,128
0.0040003,128
0.0040004,128
0.0040005,128
0.0040006,128
0.0040007,128
0.0040008,128
0.0040009,128
0.004001,129
0.0040011,129
0.0040012,129
0.0040013,129
0.0040014,129
0.0040015,129
0.0040016,129
0.0040017,129
0.0040018,129
0.0040019,129
0.004002,130
0.0040021,130
0.0040022,130
0.0040023,130
0.0040024,130
0.0040025,130
0.0040026,130
0.0040027,130
0.0040028,130
0.0040029,130
0.004003,130
0.0040031,130
0.0040032,130
0.0040033,130
0.0040034,130
0.0040035,130
0.0040036,130
0.0040037,130
0.0040038,130
0.0040039,130
0.004004,131
0.0040041,131
0.0040042,131
0.0040043,131
0.0040044,131
0.0040045,131
0.0040046,131
0.0040047,131
0.0040048,131
0.0040049,132
0.004005,132
0.0040051,132
0.0040052,132
0.0040053,132
0.0040054,132
0.0040055,132
0.0040056,132
0.0040057,132
0.0040058,132
0.0040059,133
0.004006,133
0.0040061,133
0.0040062,133
0.0040063,133
0.0040064,133
0.0040065,133
0.0040066,133
0.0040067,133
0.0040068,133
0.0040069,133
0.004007,133
0.0040071,133
0.0040072,133
0.0040073,133
0.0040074,133
0.0040075,133
0.0040076,133
0.0040077,133
0.0040078,133
0.0040079,134
0.004008,134
0.0040081,134
0.0040082,134
0.0040083,134
0.0040084,134
0.0040085,134
0.0040086,134
0.0040087,134
0.0040088,135
0.0040089,135
0.004009,135
0.0040091,135
0.0040092,135
0.0040093,135
0.0040094,135
0.0040095,135
0.0040096,135
0.0040097,135
0.0040098,136
0.0040099,136
0.00401,136
0.0040101,136
0.0040102,136
0.0040103,136
0.0040104,136
0.0040105,136
0.0040106,136
0.0040107,136
0.0040108,137
0.0040109,137
0.004011,137
0.0040111,137
0.0040112,137
0.0040113,137
0.0040114,137
0.0040115,137
0.0040116,137
0.0040117,137
0.0040118,137
0.0040119,137
0.004012,137
0.0040121,137
0.0040122,137
0.0040123,137
0.0040124,137
0.0040125,137
0.0040126,137
0.0040127,137
0.0040128,138
0.0040129,138
0.004013,138
0.0040131,138
0.0040132,138
0.0040133,138
0.0040134,138
0.0040135,138
0.0040136,138
0.0040137,139
0.0040138,139
0.0040139,139
0.004014,139
0.0040141,139
0.0040142,139
0.0040143,139
0.0040144,139
0.0040145,139
0.0040146,139
0.0040147,140
0.0040148,140
0.0040149,140
0.004015,140
0.0040151,140
0.0040152,140
0.0040153,140
0.0040154,140
0.0040155,140
0.0040156,140
0.0040157,140
0.0040158,140
0.0040159,140
0.004016,140
0.0040161,140
0.0040162,140
0.0040163,140
0.0040164,140
0.0040165,140
0.0040166,140
0.0040167,141
0.0040168,141
0.0040169,141
0.004017,141
0.0040171,141
0.0040172,141
0.0040173,141
0.0040174,141
0.0040175,141
0.0040176,142
0.0040177,142
0.0040178,142
0.0040179,142
0.004018,142
0.0040181,142
0.0040182,142
0.0040183,142
0.0040184,142
0.0040185,142
0.0040186,143
0.0040187,143
0.0040188,143
0.0040189,143
0.004019,143
0.0040191,143
0.0040192,143
0.0040193,143
0.0040194,143
0.0040195,143
0.0040196,144
0.0040197,144
0.0040198,144
0.0040199,144
0.00402,144
0.0040201,144
0.0040202,144
0.0040203,144
0.0040204,144
0.0040205,144
0.0040206,144
0.0040207,144
0.0040208,144
0.0040209,144
0.004021,144
0.0040211,144
0.0040212,144
0.0040213,144
0.0040214,144
0.0040215,145
0.0040216,145
0.0040217,145
0.0040218,145
0.0040219,145
0.004022,145
0.0040221,145
0.0040222,145
0.0040223,145
0.0040224,145
0.0040225,146
0.0040226,146
0.0040227,146
0.0040228,146
0.0040229,146
0.004023,146
0.0040231,146
0.0040232,146
0.0040233,146
0.0040234,146
0.0040235,147
0.0040236,147
0.0040237,147
0.0040238,147
0.0040239,147
0.004024,147
0.0040241,147
0.0040242,147
0.0040243,147
0.0040244,147
0.0040245,147
0.0040246,147
0.0040247,147
0.0040248,147
0.0040249,147
0.004025,147
0.0040251,147
0.0040252,147
0.0040253,147
0.0040254,148
0.0040255,148
0.0040256,148
0.0040257,148
0.0040258,148
0.0040259,148
0.004026,148
0.0040261,148
0.0040262,148
0.0040263,148
0.0040264,149
0.0040265,149
0.0040266,149
0.0040267,149
0.0040268,149
0.0040269,149
0.004027,149
0.0040271,149
0.0040272,149
0.0040273,149
0.0040274,150
0.0040275,150
0.0040276,150
0.0040277,150
0.0040278,150
0.0040279,150
0.004028,150
0.0040281,150
0.0040282,150
0.0040283,150
0.0040284,150
0.0040285,150
0.0040286,150
0.0040287,150
0.0040288,150
0.0040289,150
0.004029,150
0.0040291,150
0.0040292,150
0.0040293,150
0.0040294,151
0.0040295,151
0.0040296,151
0.0040297,151
0.0040298,151
0.0040299,151
0.00403,151
0.0040301,151
0.0040302,151
0.0040303,152
0.0040304,152
0.0040305,152
0.0040306,152
0.0040307,152
0.0040308,152
0.0040309,152
0.004031,152
0.0040311,152
0.0040312,152
0.0040313,153
0.0040314,153
0.0040315,153
0.0040316,153
0.0040317,153
0.0040318,153
0.0040319,153
0.004032,153
0.0040321,153
0.0040322,153
0.0040323,154
0.0040324,154
0.0040325,154
0.0040326,154
0.0040327,154
0.0040328,154
0.0040329,154
0.004033,154
0.0040331,154
0.0040332,154
0.0040333,154
0.0040334,154
0.0040335,154
0.0040336,154
0.0040337,154
0.0040338,154
0.0040339,154
0.004034,154
0.0040341,154
0.0040342,155
0.0040343,155
0.0040344,155
0.0040345,155
0.0040346,155
0.0040347,155
0.0040348,155
0.0040349,155
0.004035,155
0.0040351,155
0.0040352,156
0.0040353,156
0.0040354,156
0.0040355,156
0.0040356,156
0.0040357,156
0.0040358,156
0.0040359,156
0.004036,156
0.0040361,156
0.0040362,157
0.0040363,157
0.0040364,157
0.0040365,157
0.0040366,157
0.0040367,157
0.0040368,157
0.0040369,157
0.004037,157
0.0040371,157
0.0040372,157
0.0040373,157
0.0040374,157
0.0040375,157
0.0040376,157
0.0040377,157
0.0040378,157
0.0040379,157
0.004038,157
0.0040381,158
0.0040382,158
0.0040383,158
0.0040384,158
0.0040385,158
0.0040386,158
0.0040387,158
0.0040388,158
0.0040389,158
0.004039,158
0.0040391,159
0.0040392,159
0.0040393,159
0.0040394,159
0.0040395,159
0.0040396,159
0.0040397,159
0.0040398,159
0.0040399,159
0.00404,159
0.0040401,160
0.0040402,160
0.0040403,160
0.0040404,160
0.0040405,160
0.0040406,160
0.0040407,160
0.0040408,160
0.0040409,160
0.004041,160
0.0040411,160
0.0040412,160
0.0040413,160
0.0040414,160
0.0040415,160
0.0040416,160
0.0040417,160
0.0040418,160
0.0040419,160
0.004042,161
0.0040421,161
0.0040422,161
0.0040423,161
0.0040424,161
0.0040425,161
0.0040426,161
0.0040427,161
0.0040428,161
0.0040429,161
0.004043,162
0.0040431,162
0.0040432,162
0.0040433,162
0.0040434,162
0.0040435,162
0.0040436,162
0.0040437,162
0.0040438,162
0.0040439,162
0.004044,163
0.0040441,163
0.0040442,163
0.0040443,163
0.0040444,163
0.0040445,163
0.0040446,163
0.0040447,163
0.0040448,163
0.0040449,163
0.004045,163
0.0040451,163
0.0040452,163
0.0040453,163
0.0040454,163
0.0040455,163
0.0040456,163
0.0040457,163
0.0040458,163
0.0040459,163
0.004046,164
0.0040461,164
0.0040462,164
0.0040463,164
0.0040464,164
0.0040465,164
0.0040466,164
0.0040467,164
0.0040468,164
0.0040469,165
0.004047,165
0.0040471,165
0.0040472,165
0.0040473,165
0.0040474,165
0.0040475,165
0.0040476,165
0.0040477,165
0.0040478,165
0.0040479,166
0.004048,166
0.0040481,166
0.0040482,166
0.0040483,166
0.0040484,166
0.0040485,166
0.0040486,166
0.0040487,166
0.0040488,166
0.0040489,166
0.004049,166
0.0040491,166
0.0040492,166
0.0040493,166
0.0040494,166
0.0040495,166
0.0040496,166
0.0040497,166
0.0040498,166
0.0040499,167
0.00405,167
0.0040501,167
0.0040502,167
0.0040503,167
0.0040504,167
0.0040505,167
0.0040506,167
0.0040507,167
0.0040508,168
0.0040509,168
0.004051,168
0.0040511,168
0.0040512,168
0.0040513,168
0.0040514,168
0.0040515,168
0.0040516,168
0.0040517,168
0.0040518,169
0.0040519,169
0.004052,169
0.0040521,169
0.0040522,169
0.0040523,169
0.0040524,169
0.0040525,169
0.0040526,169
0.0040527,169
0.0040528,169
0.0040529,169
0.004053,169
0.0040531,169
0.0040532,169
0.0040533,169
0.0040534,169
0.0040535,169
0.0040536,169
0.0040537,169
0.0040538,170
0.0040539,170
0.004054,170
0.0040541,170
0.0040542,170
0.0040543,170
0.0040544,170
0.0040545,170
0.0040546,170
0.0040547,171
0.0040548,171
0.0040549,171
0.004055,171
0.0040551,171
0.0040552,171
0.0040553,171
0.0040554,171
0.0040555,171
0.0040556,171
0.0040557,172
0.0040558,172
0.0040559,172
0.004056,172
0.0040561,172
0.0040562,172
0.0040563,172
0.0040564,172
0.0040565,172
0.0040566,172
0.0040567,172
0.0040568,172
0.0040569,172
0.004057,172
0.0040571,172
0.0040572,172
0.0040573,172
0.0040574,172
0.0040575,172
0.0040576,172
0.0040577,173
0.0040578,173
0.0040579,173
0.004058,173
0.0040581,173
0.0040582,173
0.0040583,173
0.0040584,173
0.0040585,173
0.0040586,173
0.0040587,174
0.0040588,174
0.0040589,174
0.004059,174
0.0040591,174
0.0040592,174
0.0040593,174
0.0040594,174
0.0040595,174
0.0040596,174
0.0040597,174
0.0040598,174
0.0040599,174
0.00406,174
0.0040601,174
0.0040602,174
0.0040603,174
0.0040604,174
0.0040605,174
0.0040606,175
0.0040607,175
0.0040608,175
0.0040609,175
0.004061,175
0.0040611,175
0.0040612,175
0.0040613,175
0.0040614,175
0.0040615,175
0.0040616,176
0.0040617,176
0.0040618,176
0.0040619,176
0.004062,176
0.0040621,176
0.0040622,176
0.0040623,176
0.0040624,176
0.0040625,176
0.0040626,177
0.0040627,177
0.0040628,177
0.0040629,177
0.004063,177
0.0040631,177
0.0040632,177
0.0040633,177
0.0040634,177
0.0040635,177
0.0040636,177
0.0040637,177
0.0040638,177
0.0040639,177
0.004064,177
0.0040641,177
0.0040642,177
0.0040643,177
0.0040644,177
0.0040645,178
0.0040646,178
0.0040647,178
0.0040648,178
0.0040649,178
0.004065,178
0.0040651,178
0.0040652,178
0.0040653,178
0.0040654,178
0.0040655,179
0.0040656,179
0.0040657,179
0.0040658,179
0.0040659,179
0.004066,179
0.0040661,179
0.0040662,179
0.0040663,179
0.0040664,179
0.0040665,179
0.0040666,179
0.0040667,179
0.0040668,179
0.0040669,179
0.004067,179
0.0040671,179
0.0040672,179
0.0040673,179
0.0040674,180
0.0040675,180
0.0040676,180
0.0040677,180
0.0040678,180
0.0040679,180
0.004068,180
0.0040681,180
0.0040682,180
0.0040683,180
0.0040684,181
0.0040685,181
0.0040686,181
0.0040687,181
0.0040688,181
0.0040689,181
0.004069,181
0.0040691,181
0.0040692,181
0.0040693,181
0.0040694,182
0.0040695,182
0.0040696,182
0.0040697,182
0.0040698,182
0.0040699,182
0.00407,182
0.0040701,182
0.0040702,182
0.0040703,182
0.0040704,182
0.0040705,182
0.0040706,182
0.0040707,182
0.0040708,182
0.0040709,182
0.004071,182
0.0040711,182
0.0040712,182
0.0040713,183
0.0040714,183
0.0040715,183
0.0040716,183
0.0040717,183
0.0040718,183
0.0040719,183
0.004072,183
0.0040721,183
0.0040722,183
0.0040723,184
0.0040724,184
0.0040725,184
0.0040726,184
0.0040727,184
0.0040728,184
0.0040729,184
0.004073,184
0.0040731,184
0.0040732,184
0.0040733,184
0.0040734,184
0.0040735,184
0.0040736,184
0.0040737,184
0.0040738,184
0.0040739,184
0.004074,184
0.0040741,184
0.0040742,184
0.0040743,185
0.0040744,185
0.0040745,185
0.0040746,185
0.0040747,185
0.0040748,185
0.0040749,185
0.004075,185
0.0040751,185
0.0040752,185
0.0040753,186
0.0040754,186
0.0040755,186
0.0040756,186
0.0040757,186
0.0040758,186
0.0040759,186
0.004076,186
0.0040761,186
0.0040762,186
0.0040763,186
0.0040764,186
0.0040765,186
0.0040766,186
0.0040767,186
0.0040768,186
0.0040769,186
0.004077,186
0.0040771,186
0.0040772,187
0.0040773,187
0.0040774,187
0.0040775,187
0.0040776,187
0.0040777,187
0.0040778,187
0.0040779,187
0.004078,187
0.0040781,187
0.0040782,188
0.0040783,188
0.0040784,188
0.0040785,188
0.0040786,188
0.0040787,188
0.0040788,188
0.0040789,188
0.004079,188
0.0040791,188
0.0040792,189
0.0040793,189
0.0040794,189
0.0040795,189
0.0040796,189
0.0040797,189
0.0040798,189
0.0040799,189
0.00408,189
0.0040801,189
0.0040802,189
0.0040803,189
0.0040804,189
0.0040805,189
0.0040806,189
0.0040807,189
0.0040808,189
0.0040809,189
0.004081,189
0.0040811,190
0.0040812,190
0.0040813,190
0.0040814,190
0.0040815,190
0.0040816,190
0.0040817,190
0.0040818,190
0.0040819,190
0.004082,190
0.0040821,191
0.0040822,191
0.0040823,191
0.0040824,191
0.0040825,191
0.0040826,191
0.0040827,191
0.0040828,191
0.0040829,191
0.004083,191
0.0040831,191
0.0040832,191
0.0040833,191
0.0040834,191
0.0040835,191
0.0040836,191
0.0040837,191
0.0040838,191
0.0040839,191
0.004084,192
0.0040841,192
0.0040842,192
0.0040843,192
0.0040844,192
0.0040845,192
0.0040846,192
0.0040847,192
0.0040848,192
0.0040849,192
0.004085,193
0.0040851,193
0.0040852,193
0.0040853,193
0.0040854,193
0.0040855,193
0.0040856,193
0.0040857,193
0.0040858,193
0.0040859,193
0.004086,193
0.0040861,193
0.0040862,193
0.0040863,193
0.0040864,193
0.0040865,193
0.0040866,193
0.0040867,193
0.0040868,193
0.0040869,193
0.004087,194
0.0040871,194
0.0040872,194
0.0040873,194
0.0040874,194
0.0040875,194
0.0040876,194
0.0040877,194
0.0040878,194
0.0040879,195
0.004088,195
0.0040881,195
0.0040882,195
0.0040883,195
0.0040884,195
0.0040885,195
0.0040886,195
0.0040887,195
0.0040888,195
0.0040889,195
0.004089,195
0.0040891,195
0.0040892,195
0.0040893,195
0.0040894,195
0.0040895,195
0.0040896,195
0.0040897,195
0.0040898,195
0.0040899,196
0.00409,196
0.0040901,196
0.0040902,196
0.0040903,196
0.0040904,196
0.0040905,196
0.0040906,196
0.0040907,196
0.0040908,196
0.0040909,197
0.004091,197
0.0040911,197
0.0040912,197
0.0040913,197
0.0040914,197
0.0040915,197
0.0040916,197
0.0040917,197
0.0040918,197
0.0040919,197
0.004092,197
0.0040921,197
0.0040922,197
0.0040923,197
0.0040924,197
0.0040925,197
0.0040926,197
0.0040927,197
0.0040928,198
0.0040929,198
0.004093,198
0.0040931,198
0.0040932,198
0.0040933,198
0.0040934,198
0.0040935,198
0.0040936,198
0.0040937,198
0.0040938,199
0.0040939,199
0.004094,199
0.0040941,199
0.0040942,199
0.0040943,199
0.0040944,199
0.0040945,199
0.0040946,199
0.0040947,199
0.0040948,199
0.0040949,199
0.004095,199
0.0040951,199
0.0040952,199
0.0040953,199
0.0040954,199
0.0040955,199
0.0040956,199
0.0040957,199
0.0040958,200
0.0040959,200
0.004096,200
0.0040961,200
0.0040962,200
0.0040963,200
0.0040964,200
0.0040965,200
0.0040966,200
0.0040967,200
0.0040968,200
0.0040969,200
0.004097,200
0.0040971,200
0.0040972,200
0.0040973,200
0.0040974,200
0.0040975,200
0.0040976,200
0.0040977,201
0.0040978,201
0.0040979,201
0.004098,201
0.0040981,201
0.0040982,201
0.0040983,201
0.0040984,201
0.0040985,201
0.0040986,201
0.0040987,202
0.0040988,202
0.0040989,202
0.004099,202
0.0040991,202
0.0040992,202
0.0040993,202
0.0040994,202
0.0040995,202
0.0040996,202
0.0040997,202
0.0040998,202
0.0040999,202
0.0041,202
0.0041001,202
0.0041002,202
0.0041003,202
0.0041004,202
0.0041005,202
0.0041006,203
0.0041007,203
0.0041008,203
0.0041009,203
0.004101,203
0.0041011,203
0.0041012,203
0.0041013,203
0.0041014,203
0.0041015,203
0.0041016,204
0.0041017,204
0.0041018,204
0.0041019,204
0.004102,204
0.0041021,204
0.0041022,204
0.0041023,204
0.0041024,204
0.0041025,204
0.0041026,204
0.0041027,204
0.0041028,204
0.0041029,204
0.004103,204
0.0041031,204
0.0041032,204
0.0041033,204
0.0041034,204
0.0041035,204
0.0041036,205
0.0041037,205
0.0041038,205
0.0041039,205
0.004104,205
0.0041041,205
0.0041042,205
0.0041043,205
0.0041044,205
0.0041045,206
0.0041046,206
0.0041047,206
0.0041048,206
0.0041049,206
0.004105,206
0.0041051,206
0.0041052,206
0.0041053,206
0.0041054,206
0.0041055,206
0.0041056,206
0.0041057,206
0.0041058,206
0.0041059,206
0.004106,206
0.0041061,206
0.0041062,206
0.0041063,206
0.0041064,206
0.0041065,207
0.0041066,207
0.0041067,207
0.0041068,207
0.0041069,207
0.004107,207
0.0041071,207
0.0041072,207
0.0041073,207
0.0041074,207
0.0041075,207
0.0041076,207
0.0041077,207
0.0041078,207
0.0041079,207
0.004108,207
0.0041081,207
0.0041082,207
0.0041083,207
0.0041084,207
0.0041085,208
0.0041086,208
0.0041087,208
0.0041088,208
0.0041089,208
0.004109,208
0.0041091,208
0.0041092,208
0.0041093,208
0.0041094,209
0.0041095,209
0.0041096,209
0.0041097,209
0.0041098,209
0.0041099,209
0.00411,209
0.0041101,209
0.0041102,209
0.0041103,209
0.0041104,209
0.0041105,209
0.0041106,209
0.0041107,209
0.0041108,209
0.0041109,209
0.004111,209
0.0041111,209
0.0041112,209
0.0041113,209
0.0041114,210
0.0041115,210
0.0041116,210
0.0041117,210
0.0041118,210
0.0041119,210
0.004112,210
0.0041121,210
0.0041122,210
0.0041123,210
0.0041124,210
0.0041125,210
0.0041126,210
0.0041127,210
0.0041128,210
0.0041129,210
0.004113,210
0.0041131,210
0.0041132,210
0.0041133,211
0.0041134,211
0.0041135,211
0.0041136,211
0.0041137,211
0.0041138,211
0.0041139,211
0.004114,211
0.0041141,211
0.0041142,211
0.0041143,212
0.0041144,212
0.0041145,212
0.0041146,212
0.0041147,212
0.0041148,212
0.0041149,212
0.004115,212
0.0041151,212
0.0041152,212
0.0041153,212
0.0041154,212
0.0041155,212
0.0041156,212
0.0041157,212
0.0041158,212
0.0041159,212
0.004116,212
0.0041161,212
0.0041162,212
0.0041163,213
0.0041164,213
0.0041165,213
0.0041166,213
0.0041167,213
0.0041168,213
0.0041169,213
0.004117,213
0.0041171,213
0.0041172,213
0.0041173,213
0.0041174,213
0.0041175,213
0.0041176,213
0.0041177,213
0.0041178,213
0.0041179,213
0.004118,213
0.0041181,213
0.0041182,214
0.0041183,214
0.0041184,214
0.0041185,214
0.0041186,214
0.0041187,214
0.0041188,214
0.0041189,214
0.004119,214
0.0041191,214
0.0041192,214
0.0041193,214
0.0041194,214
0.0041195,214
0.0041196,214
0.0041197,214
0.0041198,214
0.0041199,214
0.00412,214
0.0041201,214
0.0041202,215
0.0041203,215
0.0041204,215
0.0041205,215
0.0041206,215
0.0041207,215
0.0041208,215
0.0041209,215
0.004121,215
0.0041211,215
0.0041212,216
0.0041213,216
0.0041214,216
0.0041215,216
0.0041216,216
0.0041217,216
0.0041218,216
0.0041219,216
0.004122,216
0.0041221,216
0.0041222,216
0.0041223,216
0.0041224,216
0.0041225,216
0.0041226,216
0.0041227,216
0.0041228,216
0.0041229,216
0.004123,216
0.0041231,217
0.0041232,217
0.0041233,217
0.0041234,217
0.0041235,217
0.0041236,217
0.0041237,217
0.0041238,217
0.0041239,217
0.004124,217
0.0041241,217
0.0041242,217
0.0041243,217
0.0041244,217
0.0041245,217
0.0041246,217
0.0041247,217
0.0041248,217
0.0041249,217
0.004125,217
0.0041251,218
0.0041252,218
0.0041253,218
0.0041254,218
0.0041255,218
0.0041256,218
0.0041257,218
0.0041258,218
0.0041259,218
0.004126,218
0.0041261,218
0.0041262,218
0.0041263,218
0.0041264,218
0.0041265,218
0.0041266,218
0.0041267,218
0.0041268,218
0.0041269,218
0.004127,219
0.0041271,219
0.0041272,219
0.0041273,219
0.0041274,219
0.0041275,219
0.0041276,219
0.0041277,219
0.0041278,219
0.0041279,219
0.004128,219
0.0041281,219
0.0041282,219
0.0041283,219
0.0041284,219
0.0041285,219
0.0041286,219
0.0041287,219
0.0041288,219
0.0041289,219
0.004129,220
0.0041291,220
0.0041292,220
0.0041293,220
0.0041294,220
0.0041295,220
0.0041296,220
0.0041297,220
0.0041298,220
0.0041299,221
0.00413,221
0.0041301,221
0.0041302,221
0.0041303,221
0.0041304,221
0.0041305,221
0.0041306,221
0.0041307,221
0.0041308,221
0.0041309,221
0.004131,221
0.0041311,221
0.0041312,221
0.0041313,221
0.0041314,221
0.0041315,221
0.0041316,221
0.0041317,221
0.0041318,221
0.0041319,222
0.004132,222
0.0041321,222
0.0041322,222
0.0041323,222
0.0041324,222
0.0041325,222
0.0041326,222
0.0041327,222
0.0041328,222
0.0041329,222
0.004133,222
0.0041331,222
0.0041332,222
0.0041333,222
0.0041334,222
0.0041335,222
0.0041336,222
0.0041337,222
0.0041338,223
0.0041339,223
0.004134,223
0.0041341,223
0.0041342,223
0.0041343,223
0.0041344,223
0.0041345,223
0.0041346,223
0.0041347,223
0.0041348,223
0.0041349,223
0.004135,223
0.0041351,223
0.0041352,223
0.0041353,223
0.0041354,223
0.0041355,223
0.0041356,223
0.0041357,223
0.0041358,224
0.0041359,224
0.004136,224
0.0041361,224
0.0041362,224
0.0041363,224
0.0041364,224
0.0041365,224
0.0041366,224
0.0041367,224
0.0041368,224
0.0041369,224
0.004137,224
0.0041371,224
0.0041372,224
0.0041373,224
0.0041374,224
0.0041375,224
0.0041376,224
0.0041377,224
0.0041378,225
0.0041379,225
0.004138,225
0.0041381,225
0.0041382,225
0.0041383,225
0.0041384,225
0.0041385,225
0.0041386,225
0.0041387,225
0.0041388,225
0.0041389,225
0.004139,225
0.0041391,225
0.0041392,225
0.0041393,225
0.0041394,225
0.0041395,225
0.0041396,225
0.0041397,226
0.0041398,226
0.0041399,226
0.00414,226
0.0041401,226
0.0041402,226
0.0041403,226
0.0041404,226
0.0041405,226
0.0041406,226
0.0041407,226
0.0041408,226
0.0041409,226
0.004141,226
0.0041411,226
0.0041412,226
0.0041413,226
0.0041414,226
0.0041415,226
0.0041416,226
0.0041417,227
0.0041418,227
0.0041419,227
0.004142,227
0.0041421,227
0.0041422,227
0.0041423,227
0.0041424,227
0.0041425,227
0.0041426,227
0.0041427,227
0.0041428,227
0.0041429,227
0.004143,227
0.0041431,227
0.0041432,227
0.0041433,227
0.0041434,227
0.0041435,227
0.0041436,228
0.0041437,228
0.0041438,228
0.0041439,228
0.004144,228
0.0041441,228
0.0041442,228
0.0041443,228
0.0041444,228
0.0041445,228
0.0041446,228
0.0041447,228
0.0041448,228
0.0041449,228
0.004145,228
0.0041451,228
0.0041452,228
0.0041453,228
0.0041454,228
0.0041455,228
0.0041456,229
0.0041457,229
0.0041458,229
0.0041459,229
0.004146,229
0.0041461,229
0.0041462,229
0.0041463,229
0.0041464,229
0.0041465,229
0.0041466,229
0.0041467,229
0.0041468,229
0.0041469,229
0.004147,229
0.0041471,229
0.0041472,229
0.0041473,229
0.0041474,229
0.0041475,230
0.0041476,230
0.0041477,230
0.0041478,230
0.0041479,230
0.004148,230
0.0041481,230
0.0041482,230
0.0041483,230
0.0041484,230
0.0041485,230
0.0041486,230
0.0041487,230
0.0041488,230
0.0041489,230
0.004149,230
0.0041491,230
0.0041492,230
0.0041493,230
0.0041494,230
0.0041495,230
0.0041496,230
0.0041497,230
0.0041498,230
0.0041499,230
0.00415,230
0.0041501,230
0.0041502,230
0.0041503,230
0.0041504,231
0.0041505,231
0.0041506,231
0.0041507,231
0.0041508,231
0.0041509,231
0.004151,231
0.0041511,231
0.0041512,231
0.0041513,231
0.0041514,231
0.0041515,231
0.0041516,231
0.0041517,231
0.0041518,231
0.0041519,231
0.004152,231
0.0041521,231
0.0041522,231
0.0041523,231
0.0041524,232
0.0041525,232
0.0041526,232
0.0041527,232
0.0041528,232
0.0041529,232
0.004153,232
0.0041531,232
0.0041532,232
0.0041533,232
0.0041534,232
0.0041535,232
0.0041536,232
0.0041537,232
0.0041538,232
0.0041539,232
0.004154,232
0.0041541,232
0.0041542,232
0.0041543,232
0.0041544,233
0.0041545,233
0.0041546,233
0.0041547,233
0.0041548,233
0.0041549,233
0.004155,233
0.0041551,233
0.0041552,233
0.0041553,233
0.0041554,233
0.0041555,233
0.0041556,233
0.0041557,233
0.0041558,233
0.0041559,233
0.004156,233
0.0041561,233
0.0041562,233
0.0041563,234
0.0041564,234
0.0041565,234
0.0041566,234
0.0041567,234
0.0041568,234
0.0041569,234
0.004157,234
0.0041571,234
0.0041572,234
0.0041573,234
0.0041574,234
0.0041575,234
0.0041576,234
0.0041577,234
0.0041578,234
0.0041579,234
0.004158,234
0.0041581,234
0.0041582,234
0.0041583,234
0.0041584,234
0.0041585,234
0.0041586,234
0.0041587,234
0.0041588,234
0.0041589,234
0.004159,234
0.0041591,234
0.0041592,235
0.0041593,235
0.0041594,235
0.0041595,235
0.0041596,235
0.0041597,235
0.0041598,235
0.0041599,235
0.00416,235
0.0041601,235
0.0041602,235
0.0041603,235
0.0041604,235
0.0041605,235
0.0041606,235
0.0041607,235
0.0041608,235
0.0041609,235
0.004161,235
0.0041611,235
0.0041612,236
0.0041613,236
0.0041614,236
0.0041615,236
0.0041616,236
0.0041617,236
0.0041618,236
0.0041619,236
0.004162,236
0.0041621,236
0.0041622,236
0.0041623,236
0.0041624,236
0.0041625,236
0.0041626,236
0.0041627,236
0.0041628,236
0.0041629,236
0.004163,236
0.0041631,237
0.0041632,237
0.0041633,237
0.0041634,237
0.0041635,237
0.0041636,237
0.0041637,237
0.0041638,237
0.0041639,237
0.004164,237
0.0041641,237
0.0041642,237
0.0041643,237
0.0041644,237
0.0041645,237
0.0041646,237
0.0041647,237
0.0041648,237
0.0041649,237
0.004165,237
0.0041651,237
0.0041652,237
0.0041653,237
0.0041654,237
0.0041655,237
0.0041656,237
0.0041657,237
0.0041658,237
0.0041659,237
0.004166,237
0.0041661,238
0.0041662,238
0.0041663,238
0.0041664,238
0.0041665,238
0.0041666,238
0.0041667,238
0.0041668,238
0.0041669,238
0.004167,238
0.0041671,238
0.0041672,238
0.0041673,238
0.0041674,238
0.0041675,238
0.0041676,238
0.0041677,238
0.0041678,238
0.0041679,238
0.004168,239
0.0041681,239
0.0041682,239
0.0041683,239
0.0041684,239
0.0041685,239
0.0041686,239
0.0041687,239
0.0041688,239
0.0041689,239
0.004169,239
0.0041691,239
0.0041692,239
0.0041693,239
0.0041694,239
0.0041695,239
0.0041696,239
0.0041697,239
0.0041698,239
0.0041699,239
0.00417,239
0.0041701,239
0.0041702,239
0.0041703,239
0.0041704,239
0.0041705,239
0.0041706,239
0.0041707,239
0.0041708,239
0.0041709,239
0.004171,240
0.0041711,240
0.0041712,240
0.0041713,240
0.0041714,240
0.0041715,240
0.0041716,240
0.0041717,240
0.0041718,240
0.0041719,240
0.004172,240
0.0041721,240
0.0041722,240
0.0041723,240
0.0041724,240
0.0041725,240
0.0041726,240
0.0041727,240
0.0041728,240
0.0041729,240
0.004173,240
0.0041731,240
0.0041732,240
0.0041733,240
0.0041734,240
0.0041735,240
0.0041736,240
0.0041737,240
0.0041738,240
0.0041739,241
0.004174,241
0.0041741,241
0.0041742,241
0.0041743,241
0.0041744,241
0.0041745,241
0.0041746,241
0.0041747,241
0.0041748,241
0.0041749,241
0.004175,241
0.0041751,241
0.0041752,241
0.0041753,241
0.0041754,241
0.0041755,241
0.0041756,241
0.0041757,241
0.0041758,241
0.0041759,241
0.004176,241
0.0041761,241
0.0041762,241
0.0041763,241
0.0041764,241
0.0041765,241
0.0041766,241
0.0041767,241
0.0041768,242
0.0041769,242
0.004177,242
0.0041771,242
0.0041772,242
0.0041773,242
0.0041774,242
0.0041775,242
0.0041776,242
0.0041777,242
0.0041778,242
0.0041779,242
0.004178,242
0.0041781,242
0.0041782,242
0.0041783,242
0.0041784,242
0.0041785,242
0.0041786,242
0.0041787,242
0.0041788,242
0.0041789,242
0.004179,242
0.0041791,242
0.0041792,242
0.0041793,242
0.0041794,242
0.0041795,242
0.0041796,242
0.0041797,243
0.0041798,243
0.0041799,243
0.00418,243
0.0041801,243
0.0041802,243
0.0041803,243
0.0041804,243
0.0041805,243
0.0041806,243
0.0041807,243
0.0041808,243
0.0041809,243
0.004181,243
0.0041811,243
0.0041812,243
0.0041813,243
0.0041814,243
0.0041815,243
0.0041816,243
0.0041817,243
0.0041818,243
0.0041819,243
0.004182,243
0.0041821,243
0.0041822,243
0.0041823,243
0.0041824,243
0.0041825,243
0.0041826,243
0.0041827,244
0.0041828,244
0.0041829,244
0.004183,244
0.0041831,244
0.0041832,244
0.0041833,244
0.0041834,244
0.0041835,244
0.0041836,244
0.0041837,244
0.0041838,244
0.0041839,244
0.004184,244
0.0041841,244
0.0041842,244
0.0041843,244
0.0041844,244
0.0041845,244
0.0041846,244
0.0041847,244
0.0041848,244
0.0041849,244
0.004185,244
0.0041851,244
0.0041852,244
0.0041853,244
0.0041854,244
0.0041855,244
0.0041856,245
0.0041857,245
0.0041858,245
0.0041859,245
0.004186,245
0.0041861,245
0.0041862,245
0.0041863,245
0.0041864,245
0.0041865,245
0.0041866,245
0.0041867,245
0.0041868,245
0.0041869,245
0.004187,245
0.0041871,245
0.0041872,245
0.0041873,245
0.0041874,245
0.0041875,245
0.0041876,245
0.0041877,245
0.0041878,245
0.0041879,245
0.004188,245
0.0041881,245
0.0041882,245
0.0041883,245
0.0041884,245
0.0041885,246
0.0041886,246
0.0041887,246
0.0041888,246
0.0041889,246
0.004189,246
0.0041891,246
0.0041892,246
0.0041893,246
0.0041894,246
0.0041895,246
0.0041896,246
0.0041897,246
0.0041898,246
0.0041899,246
0.00419,246
0.0041901,246
0.0041902,246
0.0041903,246
0.0041904,246
0.0041905,246
0.0041906,246
0.0041907,246
0.0041908,246
0.0041909,246
0.004191,246
0.0041911,246
0.0041912,246
0.0041913,246
0.0041914,246
0.0041915,246
0.0041916,246
0.0041917,246
0.0041918,246
0.0041919,246
0.004192,246
0.0041921,246
0.0041922,246
0.0041923,246
0.0041924,247
0.0041925,247
0.0041926,247
0.0041927,247
0.0041928,247
0.0041929,247
0.004193,247
0.0041931,247
0.0041932,247
0.0041933,247
0.0041934,247
0.0041935,247
0.0041936,247
0.0041937,247
0.0041938,247
0.0041939,247
0.004194,247
0.0041941,247
0.0041942,247
0.0041943,247
0.0041944,247
0.0041945,247
0.0041946,247
0.0041947,247
0.0041948,247
0.0041949,247
0.004195,247
0.0041951,247
0.0041952,247
0.0041953,247
0.0041954,248
0.0041955,248
0.0041956,248
0.0041957,248
0.0041958,248
0.0041959,248
0.004196,248
0.0041961,248
0.0041962,248
0.0041963,248
0.0041964,248
0.0041965,248
0.0041966,248
0.0041967,248
0.0041968,248
0.0041969,248
0.004197,248
0.0041971,248
0.0041972,248
0.0041973,248
0.0041974,248
0.0041975,248
0.0041976,248
0.0041977,248
0.0041978,248
0.0041979,248
0.004198,248
0.0041981,248
0.0041982,248
0.0041983,248
0.0041984,248
0.0041985,248
0.0041986,248
0.0041987,248
0.0041988,248
0.0041989,248
0.004199,248
0.0041991,248
0.0041992,248
0.0041993,249
0.0041994,249
0.0041995,249
0.0041996,249
0.0041997,249
0.0041998,249
0.0041999,249
0.0042,249
0.0042001,249
0.0042002,249
0.0042003,249
0.0042004,249
0.0042005,249
0.0042006,249
0.0042007,249
0.0042008,249
0.0042009,249
0.004201,249
0.0042011,249
0.0042012,249
0.0042013,249
0.0042014,249
0.0042015,249
0.0042016,249
0.0042017,249
0.0042018,249
0.0042019,249
0.004202,249
0.0042021,249
0.0042022,249
0.0042023,249
0.0042024,249
0.0042025,249
0.0042026,249
0.0042027,249
0.0042028,249
0.0042029,249
0.004203,249
0.0042031,249
0.0042032,250
0.0042033,250
0.0042034,250
0.0042035,250
0.0042036,250
0.0042037,250
0.0042038,250
0.0042039,250
0.004204,250
0.0042041,250
0.0042042,250
0.0042043,250
0.0042044,250
0.0042045,250
0.0042046,250
0.0042047,250
0.0042048,250
0.0042049,250
0.004205,250
0.0042051,250
0.0042052,250
0.0042053,250
0.0042054,250
0.0042055,250
0.0042056,250
0.0042057,250
0.0042058,250
0.0042059,250
0.004206,250
0.0042061,250
0.0042062,250
0.0042063,250
0.0042064,250
0.0042065,250
0.0042066,250
0.0042067,250
0.0042068,250
0.0042069,250
0.004207,250
0.0042071,250
0.0042072,250
0.0042073,250
0.0042074,250
0.0042075,250
0.0042076,250
0.0042077,250
0.0042078,250
0.0042079,250
0.004208,250
0.0042081,251
0.0042082,251
0.0042083,251
0.0042084,251
0.0042085,251
0.0042086,251
0.0042087,251
0.0042088,251
0.0042089,251
0.004209,251
0.0042091,251
0.0042092,251
0.0042093,251
0.0042094,251
0.0042095,251
0.0042096,251
0.0042097,251
0.0042098,251
0.0042099,251
0.00421,251
0.0042101,251
0.0042102,251
0.0042103,251
0.0042104,251
0.0042105,251
0.0042106,251
0.0042107,251
0.0042108,251
0.0042109,251
0.004211,251
0.0042111,251
0.0042112,251
0.0042113,251
0.0042114,251
0.0042115,251
0.0042116,251
0.0042117,251
0.0042118,251
0.0042119,251
0.004212,251
0.0042121,251
0.0042122,251
0.0042123,251
0.0042124,251
0.0042125,251
0.0042126,251
0.0042127,251
0.0042128,251
0.0042129,252
0.004213,252
0.0042131,252
0.0042132,252
0.0042133,252
0.0042134,252
0.0042135,252
0.0042136,252
0.0042137,252
0.0042138,252
0.0042139,252
0.004214,252
0.0042141,252
0.0042142,252
0.0042143,252
0.0042144,252
0.0042145,252
0.0042146,252
0.0042147,252
0.0042148,252
0.0042149,252
0.004215,252
0.0042151,252
0.0042152,252
0.0042153,252
0.0042154,252
0.0042155,252
0.0042156,252
0.0042157,252
0.0042158,252
0.0042159,252
0.004216,252
0.0042161,252
0.0042162,252
0.0042163,252
0.0042164,252
0.0042165,252
0.0042166,252
0.0042167,252
0.0042168,252
0.0042169,252
0.004217,252
0.0042171,252
0.0042172,252
0.0042173,252
0.0042174,252
0.0042175,252
0.0042176,252
0.0042177,252
0.0042178,252
0.0042179,252
0.004218,252
0.0042181,252
0.0042182,252
0.0042183,252
0.0042184,252
0.0042185,252
0.0042186,252
0.0042187,252
0.0042188,253
0.0042189,253
0.004219,253
0.0042191,253
0.0042192,253
0.0042193,253
0.0042194,253
0.0042195,253
0.0042196,253
0.0042197,253
0.0042198,253
0.0042199,253
0.00422,253
0.0042201,253
0.0042202,253
0.0042203,253
0.0042204,253
0.0042205,253
0.0042206,253
0.0042207,253
0.0042208,253
0.0042209,253
0.004221,253
0.0042211,253
0.0042212,253
0.0042213,253
0.0042214,253
0.0042215,253
0.0042216,253
0.0042217,253
0.0042218,253
0.0042219,253
0.004222,253
0.0042221,253
0.0042222,253
0.0042223,253
0.0042224,253
0.0042225,253
0.0042226,253
0.0042227,253
0.0042228,253
0.0042229,253
0.004223,253
0.0042231,253
0.0042232,253
0.0042233,253
0.0042234,253
0.0042235,253
0.0042236,253
0.0042237,253
0.0042238,253
0.0042239,253
0.004224,253
0.0042241,253
0.0042242,253
0.0042243,253
0.0042244,253
0.0042245,253
0.0042246,253
0.0042247,253
0.0042248,253
0.0042249,253
0.004225,253
0.0042251,253
0.0042252,253
0.0042253,253
0.0042254,253
0.0042255,253
0.0042256,254
0.0042257,254
0.0042258,254
0.0042259,254
0.004226,254
0.0042261,254
0.0042262,254
0.0042263,254
0.0042264,254
0.0042265,254
0.0042266,254
0.0042267,254
0.0042268,254
0.0042269,254
0.004227,254
0.0042271,254
0.0042272,254
0.0042273,254
0.0042274,254
0.0042275,254
0.0042276,254
0.0042277,254
0.0042278,254
0.0042279,254
0.004228,254
0.0042281,254
0.0042282,254
0.0042283,254
0.0042284,254
0.0042285,254
0.0042286,254
0.0042287,254
0.0042288,254
0.0042289,254
0.004229,254
0.0042291,254
0.0042292,254
0.0042293,254
0.0042294,254
0.0042295,254
0.0042296,254
0.0042297,254
0.0042298,254
0.0042299,254
0.00423,254
0.0042301,254
0.0042302,254
0.0042303,254
0.0042304,254
0.0042305,254
0.0042306,254
0.0042307,254
0.0042308,254
0.0042309,254
0.004231,254
0.0042311,254
0.0042312,254
0.0042313,254
0.0042314,254
0.0042315,254
0.0042316,254
0.0042317,254
0.0042318,254
0.0042319,254
0.004232,254
0.0042321,254
0.0042322,254
0.0042323,254
0.0042324,254
0.0042325,254
0.0042326,254
0.0042327,254
0.0042328,254
0.0042329,254
0.004233,254
0.0042331,254
0.0042332,254
0.0042333,254
0.0042334,254
0.0042335,254
0.0042336,254
0.0042337,254
0.0042338,254
0.0042339,254
0.004234,254
0.0042341,254
0.0042342,254
0.0042343,254
0.0042344,254
0.0042345,254
0.0042346,254
0.0042347,254
0.0042348,254
0.0042349,254
0.004235,254
0.0042351,254
0.0042352,254
0.0042353,254
0.0042354,254
0.0042355,254
0.0042356,254
0.0042357,254
0.0042358,254
0.0042359,254
0.004236,254
0.0042361,254
0.0042362,254
0.0042363,254
0.0042364,255
0.0042365,255
0.0042366,255
0.0042367,255
0.0042368,255
0.0042369,255
0.004237,255
0.0042371,255
0.0042372,255
0.0042373,255
0.0042374,255
0.0042375,255
0.0042376,255
0.0042377,255
0.0042378,255
0.0042379,255
0.004238,255
0.0042381,255
0.0042382,255
0.0042383,255
0.0042384,255
0.0042385,255
0.0042386,255
0.0042387,255
0.0042388,255
0.0042389,255
0.004239,255
0.0042391,255
0.0042392,255
0.0042393,255
0.0042394,255
0.0042395,255
0.0042396,255
0.0042397,255
0.0042398,255
0.0042399,255
0.00424,255
0.0042401,255
0.0042402,255
0.0042403,255
0.0042404,255
0.0042405,255
0.0042406,255
0.0042407,255
0.0042408,255
0.0042409,255
0.004241,255
0.0042411,255
0.0042412,255
0.0042413,255
0.0042414,255
0.0042415,255
0.0042416,255
0.0042417,255
0.0042418,255
0.0042419,255
0.004242,255
0.0042421,255
0.0042422,255
0.0042423,255
0.0042424,255
0.0042425,255
0.0042426,255
0.0042427,255
0.0042428,255
0.0042429,255
0.004243,255
0.0042431,255
0.0042432,255
0.0042433,255
0.0042434,255
0.0042435,255
0.0042436,255
0.0042437,255
0.0042438,255
0.0042439,255
0.004244,255
0.0042441,255
0.0042442,255
0.0042443,255
0.0042444,255
0.0042445,255
0.0042446,255
0.0042447,255
0.0042448,255
0.0042449,255
0.004245,255
0.0042451,255
0.0042452,255
0.0042453,255
0.0042454,255
0.0042455,255
0.0042456,255
0.0042457,255
0.0042458,255
0.0042459,255
0.004246,255
0.0042461,255
0.0042462,255
0.0042463,255
0.0042464,255
0.0042465,255
0.0042466,255
0.0042467,255
0.0042468,255
0.0042469,255
0.004247,255
0.0042471,255
0.0042472,255
0.0042473,255
0.0042474,255
0.0042475,255
0.0042476,255
0.0042477,255
0.0042478,255
0.0042479,255
0.004248,255
0.0042481,255
0.0042482,255
0.0042483,255
0.0042484,255
0.0042485,255
0.0042486,255
0.0042487,255
0.0042488,255
0.0042489,255
0.004249,255
0.0042491,255
0.0042492,255
0.0042493,255
0.0042494,255
0.0042495,255
0.0042496,255
0.0042497,255
0.0042498,255
0.0042499,255
0.00425,255
0.0042501,255
0.0042502,255
0.0042503,255
0.0042504,255
0.0042505,255
0.0042506,255
0.0042507,255
0.0042508,255
0.0042509,255
0.004251,255
0.0042511,255
0.0042512,255
0.0042513,255
0.0042514,255
0.0042515,255
0.0042516,255
0.0042517,255
0.0042518,255
0.0042519,255
0.004252,255
0.0042521,255
0.0042522,255
0.0042523,255
0.0042524,255
0.0042525,255
0.0042526,255
0.0042527,255
0.0042528,255
0.0042529,255
0.004253,255
0.0042531,255
0.0042532,255
0.0042533,255
0.0042534,255
0.0042535,255
0.0042536,255
0.0042537,255
0.0042538,255
0.0042539,255
0.004254,255
0.0042541,255
0.0042542,255
0.0042543,255
0.0042544,255
0.0042545,255
0.0042546,255
0.0042547,255
0.0042548,255
0.0042549,255
0.004255,255
0.0042551,255
0.0042552,255
0.0042553,255
0.0042554,255
0.0042555,255
0.0042556,255
0.0042557,255
0.0042558,255
0.0042559,255
0.004256,255
0.0042561,255
0.0042562,255
0.0042563,255
0.0042564,255
0.0042565,255
0.0042566,255
0.0042567,255
0.0042568,255
0.0042569,255
0.004257,255
0.0042571,255
0.0042572,255
0.0042573,255
0.0042574,255
0.0042575,255
0.0042576,255
0.0042577,255
0.0042578,255
0.0042579,255
0.004258,255
0.0042581,255
0.0042582,255
0.0042583,255
0.0042584,255
0.0042585,255
0.0042586,255
0.0042587,255
0.0042588,255
0.0042589,255
0.004259,255
0.0042591,255
0.0042592,255
0.0042593,255
0.0042594,255
0.0042595,255
0.0042596,255
0.0042597,255
0.0042598,255
0.0042599,255
0.00426,255
0.0042601,255
0.0042602,255
0.0042603,255
0.0042604,255
0.0042605,255
0.0042606,255
0.0042607,255
0.0042608,255
0.0042609,255
0.004261,255
0.0042611,255
0.0042612,255
0.0042613,255
0.0042614,255
0.0042615,255
0.0042616,255
0.0042617,255
0.0042618,255
0.0042619,255
0.004262,255
0.0042621,255
0.0042622,255
0.0042623,255
0.0042624,255
0.0042625,255
0.0042626,255
0.0042627,255
0.0042628,255
0.0042629,255
0.004263,255
0.0042631,255
0.0042632,255
0.0042633,255
0.0042634,255
0.0042635,255
0.0042636,255
0.0042637,255
0.0042638,255
0.0042639,255
0.004264,255
0.0042641,255
0.0042642,255
0.0042643,255
0.0042644,255
0.0042645,255
0.0042646,255
0.0042647,254
0.0042648,254
0.0042649,254
0.004265,254
0.0042651,254
0.0042652,254
0.0042653,254
0.0042654,254
0.0042655,254
0.0042656,254
0.0042657,254
0.0042658,254
0.0042659,254
0.004266,254
0.0042661,254
0.0042662,254
0.0042663,254
0.0042664,254
0.0042665,254
0.0042666,254
0.0042667,254
0.0042668,254
0.0042669,254
0.004267,254
0.0042671,254
0.0042672,254
0.0042673,254
0.0042674,254
0.0042675,254
0.0042676,254
0.0042677,254
0.0042678,254
0.0042679,254
0.004268,254
0.0042681,254
0.0042682,254
0.0042683,254
0.0042684,254
0.0042685,254
0.0042686,254
0.0042687,254
0.0042688,254
0.0042689,254
0.004269,254
0.0042691,254
0.0042692,254
0.0042693,254
0.0042694,254
0.0042695,254
0.0042696,254
0.0042697,254
0.0042698,254
0.0042699,254
0.00427,254
0.0042701,254
0.0042702,254
0.0042703,254
0.0042704,254
0.0042705,254
0.0042706,254
0.0042707,254
0.0042708,254
0.0042709,254
0.004271,254
0.0042711,254
0.0042712,254
0.0042713,254
0.0042714,254
0.0042715,254
0.0042716,254
0.0042717,254
0.0042718,254
0.0042719,254
0.004272,254
0.0042721,254
0.0042722,254
0.0042723,254
0.0042724,254
0.0042725,254
0.0042726,254
0.0042727,254
0.0042728,254
0.0042729,254
0.004273,254
0.0042731,254
0.0042732,254
0.0042733,254
0.0042734,254
0.0042735,254
0.0042736,254
0.0042737,254
0.0042738,254
0.0042739,254
0.004274,254
0.0042741,254
0.0042742,254
0.0042743,254
0.0042744,254
0.0042745,254
0.0042746,254
0.0042747,254
0.0042748,254
0.0042749,254
0.004275,254
0.0042751,254
0.0042752,254
0.0042753,254
0.0042754,253
0.0042755,253
0.0042756,253
0.0042757,253
0.0042758,253
0.0042759,253
0.004276,253
0.0042761,253
0.0042762,253
0.0042763,253
0.0042764,253
0.0042765,253
0.0042766,253
0.0042767,253
0.0042768,253
0.0042769,253
0.004277,253
0.0042771,253
0.0042772,253
0.0042773,253
0.0042774,253
0.0042775,253
0.0042776,253
0.0042777,253
0.0042778,253
0.0042779,253
0.004278,253
0.0042781,253
0.0042782,253
0.0042783,253
0.0042784,253
0.0042785,253
0.0042786,253
0.0042787,253
0.0042788,253
0.0042789,253
0.004279,253
0.0042791,253
0.0042792,253
0.0042793,253
0.0042794,253
0.0042795,253
0.0042796,253
0.0042797,253
0.0042798,253
0.0042799,253
0.00428,253
0.0042801,253
0.0042802,253
0.0042803,253
0.0042804,253
0.0042805,253
0.0042806,253
0.0042807,253
0.0042808,253
0.0042809,253
0.004281,253
0.0042811,253
0.0042812,253
0.0042813,253
0.0042814,253
0.0042815,253
0.0042816,253
0.0042817,253
0.0042818,253
0.0042819,253
0.004282,253
0.0042821,253
0.0042822,253
0.0042823,252
0.0042824,252
0.0042825,252
0.0042826,252
0.0042827,252
0.0042828,252
0.0042829,252
0.004283,252
0.0042831,252
0.0042832,252
0.0042833,252
0.0042834,252
0.0042835,252
0.0042836,252
0.0042837,252
0.0042838,252
0.0042839,252
0.004284,252
0.0042841,252
0.0042842,252
0.0042843,252
0.0042844,252
0.0042845,252
0.0042846,252
0.0042847,252
0.0042848,252
0.0042849,252
0.004285,252
0.0042851,252
0.0042852,252
0.0042853,252
0.0042854,252
0.0042855,252
0.0042856,252
0.0042857,252
0.0042858,252
0.0042859,252
0.004286,252
0.0042861,252
0.0042862,252
0.0042863,252
0.0042864,252
0.0042865,252
0.0042866,252
0.0042867,252
0.0042868,252
0.0042869,252
0.004287,252
0.0042871,252
0.0042872,252
0.0042873,252
0.0042874,252
0.0042875,252
0.0042876,252
0.0042877,252
0.0042878,252
0.0042879,252
0.004288,252
0.0042881,251
0.0042882,251
0.0042883,251
0.0042884,251
0.0042885,251
0.0042886,251
0.0042887,251
0.0042888,251
0.0042889,251
0.004289,251
0.0042891,251
0.0042892,251
0.0042893,251
0.0042894,251
0.0042895,251
0.0042896,251
0.0042897,251
0.0042898,251
0.0042899,251
0.00429,251
0.0042901,251
0.0042902,251
0.0042903,251
0.0042904,251
0.0042905,251
0.0042906,251
0.0042907,251
0.0042908,251
0.0042909,251
0.004291,251
0.0042911,251
0.0042912,251
0.0042913,251
0.0042914,251
0.0042915,251
0.0042916,251
0.0042917,251
0.0042918,251
0.0042919,251
0.004292,251
0.0042921,251
0.0042922,251
0.0042923,251
0.0042924,251
0.0042925,251
0.0042926,251
0.0042927,251
0.0042928,251
0.0042929,251
0.004293,250
0.0042931,250
0.0042932,250
0.0042933,250
0.0042934,250
0.0042935,250
0.0042936,250
0.0042937,250
0.0042938,250
0.0042939,250
0.004294,250
0.0042941,250
0.0042942,250
0.0042943,250
0.0042944,250
0.0042945,250
0.0042946,250
0.0042947,250
0.0042948,250
0.0042949,250
0.004295,250
0.0042951,250
0.0042952,250
0.0042953,250
0.0042954,250
0.0042955,250
0.0042956,250
0.0042957,250
0.0042958,250
0.0042959,250
0.004296,250
0.0042961,250
0.0042962,250
0.0042963,250
0.0042964,250
0.0042965,250
0.0042966,250
0.0042967,250
0.0042968,250
0.0042969,250
0.004297,250
0.0042971,250
0.0042972,250
0.0042973,250
0.0042974,250
0.0042975,250
0.0042976,250
0.0042977,250
0.0042978,250
0.0042979,249
0.004298,249
0.0042981,249
0.0042982,249
0.0042983,249
0.0042984,249
0.0042985,249
0.0042986,249
0.0042987,249
0.0042988,249
0.0042989,249
0.004299,249
0.0042991,249
0.0042992,249
0.0042993,249
0.0042994,249
0.0042995,249
0.0042996,249
0.0042997,249
0.0042998,249
0.0042999,249
0.0043,249
0.0043001,249
0.0043002,249
0.0043003,249
0.0043004,249
0.0043005,249
0.0043006,249
0.0043007,249
0.0043008,249
0.0043009,249
0.004301,249
0.0043011,249
0.0043012,249
0.0043013,249
0.0043014,249
0.0043015,249
0.0043016,249
0.0043017,249
0.0043018,248
0.0043019,248
0.004302,248
0.0043021,248
0.0043022,248
0.0043023,248
0.0043024,248
0.0043025,248
0.0043026,248
0.0043027,248
0.0043028,248
0.0043029,248
0.004303,248
0.0043031,248
0.0043032,248
0.0043033,248
0.0043034,248
0.0043035,248
0.0043036,248
0.0043037,248
0.0043038,248
0.0043039,248
0.004304,248
0.0043041,248
0.0043042,248
0.0043043,248
0.0043044,248
0.0043045,248
0.0043046,248
0.0043047,248
0.0043048,248
0.0043049,248
0.004305,248
0.0043051,248
0.0043052,248
0.0043053,248
0.0043054,248
0.0043055,248
0.0043056,248
0.0043057,247
0.0043058,247
0.0043059,247
0.004306,247
0.0043061,247
0.0043062,247
0.0043063,247
0.0043064,247
0.0043065,247
0.0043066,247
0.0043067,247
0.0043068,247
0.0043069,247
0.004307,247
0.0043071,247
0.0043072,247
0.0043073,247
0.0043074,247
0.0043075,247
0.0043076,247
0.0043077,247
0.0043078,247
0.0043079,247
0.004308,247
0.0043081,247
0.0043082,247
0.0043083,247
0.0043084,247
0.0043085,247
0.0043086,247
0.0043087,246
0.0043088,246
0.0043089,246
0.004309,246
0.0043091,246
0.0043092,246
0.0043093,246
0.0043094,246
0.0043095,246
0.0043096,246
0.0043097,246
0.0043098,246
0.0043099,246
0.00431,246
0.0043101,246
0.0043102,246
0.0043103,246
0.0043104,246
0.0043105,246
0.0043106,246
0.0043107,246
0.0043108,246
0.0043109,246
0.004311,246
0.0043111,246
0.0043112,246
0.0043113,246
0.0043114,246
0.0043115,246
0.0043116,246
0.0043117,246
0.0043118,246
0.0043119,246
0.004312,246
0.0043121,246
0.0043122,246
0.0043123,246
0.0043124,246
0.0043125,246
0.0043126,245
0.0043127,245
0.0043128,245
0.0043129,245
0.004313,245
0.0043131,245
0.0043132,245
0.0043133,245
0.0043134,245
0.0043135,245
0.0043136,245
0.0043137,245
0.0043138,245
0.0043139,245
0.004314,245
0.0043141,245
0.0043142,245
0.0043143,245
0.0043144,245
0.0043145,245
0.0043146,245
0.0043147,245
0.0043148,245
0.0043149,245
0.004315,245
0.0043151,245
0.0043152,245
0.0043153,245
0.0043154,245
0.0043155,244
0.0043156,244
0.0043157,244
0.0043158,244
0.0043159,244
0.004316,244
0.0043161,244
0.0043162,244
0.0043163,244
0.0043164,244
0.0043165,244
0.0043166,244
0.0043167,244
0.0043168,244
0.0043169,244
0.004317,244
0.0043171,244
0.0043172,244
0.0043173,244
0.0043174,244
0.0043175,244
0.0043176,244
0.0043177,244
0.0043178,244
0.0043179,244
0.004318,244
0.0043181,244
0.0043182,244
0.0043183,244
0.0043184,243
0.0043185,243
0.0043186,243
0.0043187,243
0.0043188,243
0.0043189,243
0.004319,243
0.0043191,243
0.0043192,243
0.0043193,243
0.0043194,243
0.0043195,243
0.0043196,243
0.0043197,243
0.0043198,243
0.0043199,243
0.00432,243
0.0043201,243
0.0043202,243
0.0043203,243
0.0043204,243
0.0043205,243
0.0043206,243
0.0043207,243
0.0043208,243
0.0043209,243
0.004321,243
0.0043211,243
0.0043212,243
0.0043213,242
0.0043214,242
0.0043215,242
0.0043216,242
0.0043217,242
0.0043218,242
0.0043219,242
0.004322,242
0.0043221,242
0.0043222,242
0.0043223,242
0.0043224,242
0.0043225,242
0.0043226,242
0.0043227,242
0.0043228,242
0.0043229,242
0.004323,242
0.0043231,242
0.0043232,242
0.0043233,242
0.0043234,242
0.0043235,242
0.0043236,242
0.0043237,242
0.0043238,242
0.0043239,242
0.004324,242
0.0043241,242
0.0043242,242
0.0043243,241
0.0043244,241
0.0043245,241
0.0043246,241
0.0043247,241
0.0043248,241
0.0043249,241
0.004325,241
0.0043251,241
0.0043252,241
0.0043253,241
0.0043254,241
0.0043255,241
0.0043256,241
0.0043257,241
0.0043258,241
0.0043259,241
0.004326,241
0.0043261,241
0.0043262,241
0.0043263,241
0.0043264,241
0.0043265,241
0.0043266,241
0.0043267,241
0.0043268,241
0.0043269,241
0.004327,241
0.0043271,241
0.0043272,240
0.0043273,240
0.0043274,240
0.0043275,240
0.0043276,240
0.0043277,240
0.0043278,240
0.0043279,240
0.004328,240
0.0043281,240
0.0043282,240
0.0043283,240
0.0043284,240
0.0043285,240
0.0043286,240
0.0043287,240
0.0043288,240
0.0043289,240
0.004329,240
0.0043291,240
0.0043292,240
0.0043293,240
0.0043294,240
0.0043295,240
0.0043296,240
0.0043297,240
0.0043298,240
0.0043299,240
0.00433,240
0.0043301,239
0.0043302,239
0.0043303,239
0.0043304,239
0.0043305,239
0.0043306,239
0.0043307,239
0.0043308,239
0.0043309,239
0.004331,239
0.0043311,239
0.0043312,239
0.0043313,239
0.0043314,239
0.0043315,239
0.0043316,239
0.0043317,239
0.0043318,239
0.0043319,239
0.004332,239
0.0043321,239
0.0043322,239
0.0043323,239
0.0043324,239
0.0043325,239
0.0043326,239
0.0043327,239
0.0043328,239
0.0043329,239
0.004333,239
0.0043331,238
0.0043332,238
0.0043333,238
0.0043334,238
0.0043335,238
0.0043336,238
0.0043337,238
0.0043338,238
0.0043339,238
0.004334,238
0.0043341,238
0.0043342,238
0.0043343,238
0.0043344,238
0.0043345,238
0.0043346,238
0.0043347,238
0.0043348,238
0.0043349,238
0.004335,237
0.0043351,237
0.0043352,237
0.0043353,237
0.0043354,237
0.0043355,237
0.0043356,237
0.0043357,237
0.0043358,237
0.0043359,237
0.004336,237
0.0043361,237
0.0043362,237
0.0043363,237
0.0043364,237
0.0043365,237
0.0043366,237
0.0043367,237
0.0043368,237
0.0043369,237
0.004337,237
0.0043371,237
0.0043372,237
0.0043373,237
0.0043374,237
0.0043375,237
0.0043376,237
0.0043377,237
0.0043378,237
0.0043379,236
0.004338,236
0.0043381,236
0.0043382,236
0.0043383,236
0.0043384,236
0.0043385,236
0.0043386,236
0.0043387,236
0.0043388,236
0.0043389,236
0.004339,236
0.0043391,236
0.0043392,236
0.0043393,236
0.0043394,236
0.0043395,236
0.0043396,236
0.0043397,236
0.0043398,236
0.0043399,235
0.00434,235
0.0043401,235
0.0043402,235
0.0043403,235
0.0043404,235
0.0043405,235
0.0043406,235
0.0043407,235
0.0043408,235
0.0043409,235
0.004341,235
0.0043411,235
0.0043412,235
0.0043413,235
0.0043414,235
0.0043415,235
0.0043416,235
0.0043417,235
0.0043418,235
0.0043419,234
0.004342,234
0.0043421,234
0.0043422,234
0.0043423,234
0.0043424,234
0.0043425,234
0.0043426,234
0.0043427,234
0.0043428,234
0.0043429,234
0.004343,234
0.0043431,234
0.0043432,234
0.0043433,234
0.0043434,234
0.0043435,234
0.0043436,234
0.0043437,234
0.0043438,234
0.0043439,234
0.004344,234
0.0043441,234
0.0043442,234
0.0043443,234
0.0043444,234
0.0043445,234
0.0043446,234
0.0043447,234
0.0043448,233
0.0043449,233
0.004345,233
0.0043451,233
0.0043452,233
0.0043453,233
0.0043454,233
0.0043455,233
0.0043456,233
0.0043457,233
0.0043458,233
0.0043459,233
0.004346,233
0.0043461,233
0.0043462,233
0.0043463,233
0.0043464,233
0.0043465,233
0.0043466,233
0.0043467,232
0.0043468,232
0.0043469,232
0.004347,232
0.0043471,232
0.0043472,232
0.0043473,232
0.0043474,232
0.0043475,232
0.0043476,232
0.0043477,232
0.0043478,232
0.0043479,232
0.004348,232
0.0043481,232
0.0043482,232
0.0043483,232
0.0043484,232
0.0043485,232
0.0043486,232
0.0043487,231
0.0043488,231
0.0043489,231
0.004349,231
0.0043491,231
0.0043492,231
0.0043493,231
0.0043494,231
0.0043495,231
0.0043496,231
0.0043497,231
0.0043498,231
0.0043499,231
0.00435,231
0.0043501,231
0.0043502,231
0.0043503,231
0.0043504,231
0.0043505,231
0.0043506,230
0.0043507,230
0.0043508,230
0.0043509,230
0.004351,230
0.0043511,230
0.0043512,230
0.0043513,230
0.0043514,230
0.0043515,230
0.0043516,230
0.0043517,230
0.0043518,230
0.0043519,230
0.004352,230
0.0043521,230
0.0043522,230
0.0043523,230
0.0043524,230
0.0043525,230
0.0043526,230
0.0043527,230
0.0043528,230
0.0043529,230
0.004353,230
0.0043531,230
0.0043532,230
0.0043533,230
0.0043534,230
0.0043535,230
0.0043536,229
0.0043537,229
0.0043538,229
0.0043539,229
0.004354,229
0.0043541,229
0.0043542,229
0.0043543,229
0.0043544,229
0.0043545,229
0.0043546,229
0.0043547,229
0.0043548,229
0.0043549,229
0.004355,229
0.0043551,229
0.0043552,229
0.0043553,229
0.0043554,229
0.0043555,228
0.0043556,228
0.0043557,228
0.0043558,228
0.0043559,228
0.004356,228
0.0043561,228
0.0043562,228
0.0043563,228
0.0043564,228
0.0043565,228
0.0043566,228
0.0043567,228
0.0043568,228
0.0043569,228
0.004357,228
0.0043571,228
0.0043572,228
0.0043573,228
0.0043574,228
0.0043575,227
0.0043576,227
0.0043577,227
0.0043578,227
0.0043579,227
0.004358,227
0.0043581,227
0.0043582,227
0.0043583,227
0.0043584,227
0.0043585,227
0.0043586,227
0.0043587,227
0.0043588,227
0.0043589,227
0.004359,227
0.0043591,227
0.0043592,227
0.0043593,227
0.0043594,226
0.0043595,226
0.0043596,226
0.0043597,226
0.0043598,226
0.0043599,226
0.00436,226
0.0043601,226
0.0043602,226
0.0043603,226
0.0043604,226
0.0043605,226
0.0043606,226
0.0043607,226
0.0043608,226
0.0043609,226
0.004361,226
0.0043611,226
0.0043612,226
0.0043613,226
0.0043614,225
0.0043615,225
0.0043616,225
0.0043617,225
0.0043618,225
0.0043619,225
0.004362,225
0.0043621,225
0.0043622,225
0.0043623,225
0.0043624,225
0.0043625,225
0.0043626,225
0.0043627,225
0.0043628,225
0.0043629,225
0.004363,225
0.0043631,225
0.0043632,225
0.0043633,224
0.0043634,224
0.0043635,224
0.0043636,224
0.0043637,224
0.0043638,224
0.0043639,224
0.004364,224
0.0043641,224
0.0043642,224
0.0043643,224
0.0043644,224
0.0043645,224
0.0043646,224
0.0043647,224
0.0043648,224
0.0043649,224
0.004365,224
0.0043651,224
0.0043652,224
0.0043653,223
0.0043654,223
0.0043655,223
0.0043656,223
0.0043657,223
0.0043658,223
0.0043659,223
0.004366,223
0.0043661,223
0.0043662,223
0.0043663,223
0.0043664,223
0.0043665,223
0.0043666,223
0.0043667,223
0.0043668,223
0.0043669,223
0.004367,223
0.0043671,223
0.0043672,222
0.0043673,222
0.0043674,222
0.0043675,222
0.0043676,222
0.0043677,222
0.0043678,222
0.0043679,222
0.004368,222
0.0043681,222
0.0043682,222
0.0043683,222
0.0043684,222
0.0043685,222
0.0043686,222
0.0043687,222
0.0043688,222
0.0043689,222
0.004369,222
0.0043691,222
0.0043692,221
0.0043693,221
0.0043694,221
0.0043695,221
0.0043696,221
0.0043697,221
0.0043698,221
0.0043699,221
0.00437,221
0.0043701,221
0.0043702,221
0.0043703,221
0.0043704,221
0.0043705,221
0.0043706,221
0.0043707,221
0.0043708,221
0.0043709,221
0.004371,221
0.0043711,221
0.0043712,220
0.0043713,220
0.0043714,220
0.0043715,220
0.0043716,220
0.0043717,220
0.0043718,220
0.0043719,220
0.004372,220
0.0043721,219
0.0043722,219
0.0043723,219
0.0043724,219
0.0043725,219
0.0043726,219
0.0043727,219
0.0043728,219
0.0043729,219
0.004373,219
0.0043731,219
0.0043732,219
0.0043733,219
0.0043734,219
0.0043735,219
0.0043736,219
0.0043737,219
0.0043738,219
0.0043739,219
0.004374,219
0.0043741,218
0.0043742,218
0.0043743,218
0.0043744,218
0.0043745,218
0.0043746,218
0.0043747,218
0.0043748,218
0.0043749,218
0.004375,218
0.0043751,218
0.0043752,218
0.0043753,218
0.0043754,218
0.0043755,218
0.0043756,218
0.0043757,218
0.0043758,218
0.0043759,218
0.004376,217
0.0043761,217
0.0043762,217
0.0043763,217
0.0043764,217
0.0043765,217
0.0043766,217
0.0043767,217
0.0043768,217
0.0043769,217
0.004377,217
0.0043771,217
0.0043772,217
0.0043773,217
0.0043774,217
0.0043775,217
0.0043776,217
0.0043777,217
0.0043778,217
0.0043779,217
0.004378,216
0.0043781,216
0.0043782,216
0.0043783,216
0.0043784,216
0.0043785,216
0.0043786,216
0.0043787,216
0.0043788,216
0.0043789,216
0.004379,216
0.0043791,216
0.0043792,216
0.0043793,216
0.0043794,216
0.0043795,216
0.0043796,216
0.0043797,216
0.0043798,216
0.0043799,215
0.00438,215
0.0043801,215
0.0043802,215
0.0043803,215
0.0043804,215
0.0043805,215
0.0043806,215
0.0043807,215
0.0043808,215
0.0043809,214
0.004381,214
0.0043811,214
0.0043812,214
0.0043813,214
0.0043814,214
0.0043815,214
0.0043816,214
0.0043817,214
0.0043818,214
0.0043819,214
0.004382,214
0.0043821,214
0.0043822,214
0.0043823,214
0.0043824,214
0.0043825,214
0.0043826,214
0.0043827,214
0.0043828,214
0.0043829,213
0.004383,213
0.0043831,213
0.0043832,213
0.0043833,213
0.0043834,213
0.0043835,213
0.0043836,213
0.0043837,213
0.0043838,213
0.0043839,213
0.004384,213
0.0043841,213
0.0043842,213
0.0043843,213
0.0043844,213
0.0043845,213
0.0043846,213
0.0043847,213
0.0043848,212
0.0043849,212
0.004385,212
0.0043851,212
0.0043852,212
0.0043853,212
0.0043854,212
0.0043855,212
0.0043856,212
0.0043857,212
0.0043858,212
0.0043859,212
0.004386,212
0.0043861,212
0.0043862,212
0.0043863,212
0.0043864,212
0.0043865,212
0.0043866,212
0.0043867,212
0.0043868,211
0.0043869,211
0.004387,211
0.0043871,211
0.0043872,211
0.0043873,211
0.0043874,211
0.0043875,211
0.0043876,211
0.0043877,211
0.0043878,210
0.0043879,210
0.004388,210
0.0043881,210
0.0043882,210
0.0043883,210
0.0043884,210
0.0043885,210
0.0043886,210
0.0043887,210
0.0043888,210
0.0043889,210
0.004389,210
0.0043891,210
0.0043892,210
0.0043893,210
0.0043894,210
0.0043895,210
0.0043896,210
0.0043897,209
0.0043898,209
0.0043899,209
0.00439,209
0.0043901,209
0.0043902,209
0.0043903,209
0.0043904,209
0.0043905,209
0.0043906,209
0.0043907,209
0.0043908,209
0.0043909,209
0.004391,209
0.0043911,209
0.0043912,209
0.0043913,209
0.0043914,209
0.0043915,209
0.0043916,209
0.0043917,208
0.0043918,208
0.0043919,208
0.004392,208
0.0043921,208
0.0043922,208
0.0043923,208
0.0043924,208
0.0043925,208
0.0043926,207
0.0043927,207
0.0043928,207
0.0043929,207
0.004393,207
0.0043931,207
0.0043932,207
0.0043933,207
0.0043934,207
0.0043935,207
0.0043936,207
0.0043937,207
0.0043938,207
0.0043939,207
0.004394,207
0.0043941,207
0.0043942,207
0.0043943,207
0.0043944,207
0.0043945,207
0.0043946,206
0.0043947,206
0.0043948,206
0.0043949,206
0.004395,206
0.0043951,206
0.0043952,206
0.0043953,206
0.0043954,206
0.0043955,206
0.0043956,206
0.0043957,206
0.0043958,206
0.0043959,206
0.004396,206
0.0043961,206
0.0043962,206
0.0043963,206
0.0043964,206
0.0043965,205
0.0043966,205
0.0043967,205
0.0043968,205
0.0043969,205
0.004397,205
0.0043971,205
0.0043972,205
0.0043973,205
0.0043974,205
0.0043975,204
0.0043976,204
0.0043977,204
0.0043978,204
0.0043979,204
0.004398,204
0.0043981,204
0.0043982,204
0.0043983,204
0.0043984,204
0.0043985,204
0.0043986,204
0.0043987,204
0.0043988,204
0.0043989,204
0.004399,204
0.0043991,204
0.0043992,204
0.0043993,204
0.0043994,204
0.0043995,203
0.0043996,203
0.0043997,203
0.0043998,203
0.0043999,203
0.0044,203
0.0044001,203
0.0044002,203
0.0044003,203
0.0044004,202
0.0044005,202
0.0044006,202
0.0044007,202
0.0044008,202
0.0044009,202
0.004401,202
0.0044011,202
0.0044012,202
0.0044013,202
0.0044014,202
0.0044015,202
0.0044016,202
0.0044017,202
0.0044018,202
0.0044019,202
0.004402,202
0.0044021,202
0.0044022,202
0.0044023,202
0.0044024,201
0.0044025,201
0.0044026,201
0.0044027,201
0.0044028,201
0.0044029,201
0.004403,201
0.0044031,201
0.0044032,201
0.0044033,201
0.0044034,200
0.0044035,200
0.0044036,200
0.0044037,200
0.0044038,200
0.0044039,200
0.004404,200
0.0044041,200
0.0044042,200
0.0044043,200
0.0044044,200
0.0044045,200
0.0044046,200
0.0044047,200
0.0044048,200
0.0044049,200
0.004405,200
0.0044051,200
0.0044052,200
0.0044053,199
0.0044054,199
0.0044055,199
0.0044056,199
0.0044057,199
0.0044058,199
0.0044059,199
0.004406,199
0.0044061,199
0.0044062,199
0.0044063,199
0.0044064,199
0.0044065,199
0.0044066,199
0.0044067,199
0.0044068,199
0.0044069,199
0.004407,199
0.0044071,199
0.0044072,199
0.0044073,198
0.0044074,198
0.0044075,198
0.0044076,198
0.0044077,198
0.0044078,198
0.0044079,198
0.004408,198
0.0044081,198
0.0044082,198
0.0044083,197
0.0044084,197
0.0044085,197
0.0044086,197
0.0044087,197
0.0044088,197
0.0044089,197
0.004409,197
0.0044091,197
0.0044092,197
0.0044093,197
0.0044094,197
0.0044095,197
0.0044096,197
0.0044097,197
0.0044098,197
0.0044099,197
0.00441,197
0.0044101,197
0.0044102,196
0.0044103,196
0.0044104,196
0.0044105,196
0.0044106,196
0.0044107,196
0.0044108,196
0.0044109,196
0.004411,196
0.0044111,196
0.0044112,195
0.0044113,195
0.0044114,195
0.0044115,195
0.0044116,195
0.0044117,195
0.0044118,195
0.0044119,195
0.004412,195
0.0044121,195
0.0044122,195
0.0044123,195
0.0044124,195
0.0044125,195
0.0044126,195
0.0044127,195
0.0044128,195
0.0044129,195
0.004413,195
0.0044131,194
0.0044132,194
0.0044133,194
0.0044134,194
0.0044135,194
0.0044136,194
0.0044137,194
0.0044138,194
0.0044139,194
0.004414,194
0.0044141,193
0.0044142,193
0.0044143,193
0.0044144,193
0.0044145,193
0.0044146,193
0.0044147,193
0.0044148,193
0.0044149,193
0.004415,193
0.0044151,193
0.0044152,193
0.0044153,193
0.0044154,193
0.0044155,193
0.0044156,193
0.0044157,193
0.0044158,193
0.0044159,193
0.004416,193
0.0044161,192
0.0044162,192
0.0044163,192
0.0044164,192
0.0044165,192
0.0044166,192
0.0044167,192
0.0044168,192
0.0044169,192
0.004417,191
0.0044171,191
0.0044172,191
0.0044173,191
0.0044174,191
0.0044175,191
0.0044176,191
0.0044177,191
0.0044178,191
0.0044179,191
0.004418,191
0.0044181,191
0.0044182,191
0.0044183,191
0.0044184,191
0.0044185,191
0.0044186,191
0.0044187,191
0.0044188,191
0.0044189,191
0.004419,190
0.0044191,190
0.0044192,190
0.0044193,190
0.0044194,190
0.0044195,190
0.0044196,190
0.0044197,190
0.0044198,190
0.0044199,190
0.00442,189
0.0044201,189
0.0044202,189
0.0044203,189
0.0044204,189
0.0044205,189
0.0044206,189
0.0044207,189
0.0044208,189
0.0044209,189
0.004421,189
0.0044211,189
0.0044212,189
0.0044213,189
0.0044214,189
0.0044215,189
0.0044216,189
0.0044217,189
0.0044218,189
0.0044219,188
0.004422,188
0.0044221,188
0.0044222,188
0.0044223,188
0.0044224,188
0.0044225,188
0.0044226,188
0.0044227,188
0.0044228,188
0.0044229,187
0.004423,187
0.0044231,187
0.0044232,187
0.0044233,187
0.0044234,187
0.0044235,187
0.0044236,187
0.0044237,187
0.0044238,187
0.0044239,186
0.004424,186
0.0044241,186
0.0044242,186
0.0044243,186
0.0044244,186
0.0044245,186
0.0044246,186
0.0044247,186
0.0044248,186
0.0044249,186
0.004425,186
0.0044251,186
0.0044252,186
0.0044253,186
0.0044254,186
0.0044255,186
0.0044256,186
0.0044257,186
0.0044258,185
0.0044259,185
0.004426,185
0.0044261,185
0.0044262,185
0.0044263,185
0.0044264,185
0.0044265,185
0.0044266,185
0.0044267,185
0.0044268,184
0.0044269,184
0.004427,184
0.0044271,184
0.0044272,184
0.0044273,184
0.0044274,184
0.0044275,184
0.0044276,184
0.0044277,184
0.0044278,184
0.0044279,184
0.004428,184
0.0044281,184
0.0044282,184
0.0044283,184
0.0044284,184
0.0044285,184
0.0044286,184
0.0044287,184
0.0044288,183
0.0044289,183
0.004429,183
0.0044291,183
0.0044292,183
0.0044293,183
0.0044294,183
0.0044295,183
0.0044296,183
0.0044297,182
0.0044298,182
0.0044299,182
0.00443,182
0.0044301,182
0.0044302,182
0.0044303,182
0.0044304,182
0.0044305,182
0.0044306,182
0.0044307,182
0.0044308,182
0.0044309,182
0.004431,182
0.0044311,182
0.0044312,182
0.0044313,182
0.0044314,182
0.0044315,182
0.0044316,182
0.0044317,181
0.0044318,181
0.0044319,181
0.004432,181
0.0044321,181
0.0044322,181
0.0044323,181
0.0044324,181
0.0044325,181
0.0044326,181
0.0044327,180
0.0044328,180
0.0044329,180
0.004433,180
0.0044331,180
0.0044332,180
0.0044333,180
0.0044334,180
0.0044335,180
0.0044336,180
0.0044337,179
0.0044338,179
0.0044339,179
0.004434,179
0.0044341,179
0.0044342,179
0.0044343,179
0.0044344,179
0.0044345,179
0.0044346,179
0.0044347,179
0.0044348,179
0.0044349,179
0.004435,179
0.0044351,179
0.0044352,179
0.0044353,179
0.0044354,179
0.0044355,179
0.0044356,178
0.0044357,178
0.0044358,178
0.0044359,178
0.004436,178
0.0044361,178
0.0044362,178
0.0044363,178
0.0044364,178
0.0044365,178
0.0044366,177
0.0044367,177
0.0044368,177
0.0044369,177
0.004437,177
0.0044371,177
0.0044372,177
0.0044373,177
0.0044374,177
0.0044375,177
0.0044376,177
0.0044377,177
0.0044378,177
0.0044379,177
0.004438,177
0.0044381,177
0.0044382,177
0.0044383,177
0.0044384,177
0.0044385,176
0.0044386,176
0.0044387,176
0.0044388,176
0.0044389,176
0.004439,176
0.0044391,176
0.0044392,176
0.0044393,176
0.0044394,176
0.0044395,175
0.0044396,175
0.0044397,175
0.0044398,175
0.0044399,175
0.00444,175
0.0044401,175
0.0044402,175
0.0044403,175
0.0044404,175
0.0044405,174
0.0044406,174
0.0044407,174
0.0044408,174
0.0044409,174
0.004441,174
0.0044411,174
0.0044412,174
0.0044413,174
0.0044414,174
0.0044415,174
0.0044416,174
0.0044417,174
0.0044418,174
0.0044419,174
0.004442,174
0.0044421,174
0.0044422,174
0.0044423,174
0.0044424,173
0.0044425,173
0.0044426,173
0.0044427,173
0.0044428,173
0.0044429,173
0.004443,173
0.0044431,173
0.0044432,173
0.0044433,173
0.0044434,172
0.0044435,172
0.0044436,172
0.0044437,172
0.0044438,172
0.0044439,172
0.004444,172
0.0044441,172
0.0044442,172
0.0044443,172
0.0044444,172
0.0044445,172
0.0044446,172
0.0044447,172
0.0044448,172
0.0044449,172
0.004445,172
0.0044451,172
0.0044452,172
0.0044453,172
0.0044454,171
0.0044455,171
0.0044456,171
0.0044457,171
0.0044458,171
0.0044459,171
0.004446,171
0.0044461,171
0.0044462,171
0.0044463,170
0.0044464,170
0.0044465,170
0.0044466,170
0.0044467,170
0.0044468,170
0.0044469,170
0.004447,170
0.0044471,170
0.0044472,170
0.0044473,169
0.0044474,169
0.0044475,169
0.0044476,169
0.0044477,169
0.0044478,169
0.0044479,169
0.004448,169
0.0044481,169
0.0044482,169
0.0044483,169
0.0044484,169
0.0044485,169
0.0044486,169
0.0044487,169
0.0044488,169
0.0044489,169
0.004449,169
0.0044491,169
0.0044492,169
0.0044493,168
0.0044494,168
0.0044495,168
0.0044496,168
0.0044497,168
0.0044498,168
0.0044499,168
0.00445,168
0.0044501,168
0.0044502,168
0.0044503,167
0.0044504,167
0.0044505,167
0.0044506,167
0.0044507,167
0.0044508,167
0.0044509,167
0.004451,167
0.0044511,167
0.0044512,166
0.0044513,166
0.0044514,166
0.0044515,166
0.0044516,166
0.0044517,166
0.0044518,166
0.0044519,166
0.004452,166
0.0044521,166
0.0044522,166
0.0044523,166
0.0044524,166
0.0044525,166
0.0044526,166
0.0044527,166
0.0044528,166
0.0044529,166
0.004453,166
0.0044531,166
0.0044532,165
0.0044533,165
0.0044534,165
0.0044535,165
0.0044536,165
0.0044537,165
0.0044538,165
0.0044539,165
0.004454,165
0.0044541,165
0.0044542,164
0.0044543,164
0.0044544,164
0.0044545,164
0.0044546,164
0.0044547,164
0.0044548,164
0.0044549,164
0.004455,164
0.0044551,163
0.0044552,163
0.0044553,163
0.0044554,163
0.0044555,163
0.0044556,163
0.0044557,163
0.0044558,163
0.0044559,163
0.004456,163
0.0044561,163
0.0044562,163
0.0044563,163
0.0044564,163
0.0044565,163
0.0044566,163
0.0044567,163
0.0044568,163
0.0044569,163
0.004457,163
0.0044571,162
0.0044572,162
0.0044573,162
0.0044574,162
0.0044575,162
0.0044576,162
0.0044577,162
0.0044578,162
0.0044579,162
0.004458,162
0.0044581,161
0.0044582,161
0.0044583,161
0.0044584,161
0.0044585,161
0.0044586,161
0.0044587,161
0.0044588,161
0.0044589,161
0.004459,160
0.0044591,160
0.0044592,160
0.0044593,160
0.0044594,160
0.0044595,160
0.0044596,160
0.0044597,160
0.0044598,160
0.0044599,160
0.00446,160
0.0044601,160
0.0044602,160
0.0044603,160
0.0044604,160
0.0044605,160
0.0044606,160
0.0044607,160
0.0044608,160
0.0044609,160
0.004461,159
0.0044611,159
0.0044612,159
0.0044613,159
0.0044614,159
0.0044615,159
0.0044616,159
0.0044617,159
0.0044618,159
0.0044619,159
0.004462,158
0.0044621,158
0.0044622,158
0.0044623,158
0.0044624,158
0.0044625,158
0.0044626,158
0.0044627,158
0.0044628,158
0.0044629,157
0.004463,157
0.0044631,157
0.0044632,157
0.0044633,157
0.0044634,157
0.0044635,157
0.0044636,157
0.0044637,157
0.0044638,157
0.0044639,157
0.004464,157
0.0044641,157
0.0044642,157
0.0044643,157
0.0044644,157
0.0044645,157
0.0044646,157
0.0044647,157
0.0044648,157
0.0044649,156
0.004465,156
0.0044651,156
0.0044652,156
0.0044653,156
0.0044654,156
0.0044655,156
0.0044656,156
0.0044657,156
0.0044658,156
0.0044659,155
0.004466,155
0.0044661,155
0.0044662,155
0.0044663,155
0.0044664,155
0.0044665,155
0.0044666,155
0.0044667,155
0.0044668,155
0.0044669,154
0.004467,154
0.0044671,154
0.0044672,154
0.0044673,154
0.0044674,154
0.0044675,154
0.0044676,154
0.0044677,154
0.0044678,154
0.0044679,154
0.004468,154
0.0044681,154
0.0044682,154
0.0044683,154
0.0044684,154
0.0044685,154
0.0044686,154
0.0044687,154
0.0044688,153
0.0044689,153
0.004469,153
0.0044691,153
0.0044692,153
0.0044693,153
0.0044694,153
0.0044695,153
0.0044696,153
0.0044697,153
0.0044698,152
0.0044699,152
0.00447,152
0.0044701,152
0.0044702,152
0.0044703,152
0.0044704,152
0.0044705,152
0.0044706,152
0.0044707,152
0.0044708,151
0.0044709,151
0.004471,151
0.0044711,151
0.0044712,151
0.0044713,151
0.0044714,151
0.0044715,151
0.0044716,151
0.0044717,150
0.0044718,150
0.0044719,150
0.004472,150
0.0044721,150
0.0044722,150
0.0044723,150
0.0044724,150
0.0044725,150
0.0044726,150
0.0044727,150
0.0044728,150
0.0044729,150
0.004473,150
0.0044731,150
0.0044732,150
0.0044733,150
0.0044734,150
0.0044735,150
0.0044736,150
0.0044737,149
0.0044738,149
0.0044739,149
0.004474,149
0.0044741,149
0.0044742,149
0.0044743,149
0.0044744,149
0.0044745,149
0.0044746,149
0.0044747,148
0.0044748,148
0.0044749,148
0.004475,148
0.0044751,148
0.0044752,148
0.0044753,148
0.0044754,148
0.0044755,148
0.0044756,147
0.0044757,147
0.0044758,147
0.0044759,147
0.004476,147
0.0044761,147
0.0044762,147
0.0044763,147
0.0044764,147
0.0044765,147
0.0044766,147
0.0044767,147
0.0044768,147
0.0044769,147
0.004477,147
0.0044771,147
0.0044772,147
0.0044773,147
0.0044774,147
0.0044775,147
0.0044776,146
0.0044777,146
0.0044778,146
0.0044779,146
0.004478,146
0.0044781,146
0.0044782,146
0.0044783,146
0.0044784,146
0.0044785,146
0.0044786,145
0.0044787,145
0.0044788,145
0.0044789,145
0.004479,145
0.0044791,145
0.0044792,145
0.0044793,145
0.0044794,145
0.0044795,144
0.0044796,144
0.0044797,144
0.0044798,144
0.0044799,144
0.00448,144
0.0044801,144
0.0044802,144
0.0044803,144
0.0044804,144
0.0044805,144
0.0044806,144
0.0044807,144
0.0044808,144
0.0044809,144
0.004481,144
0.0044811,144
0.0044812,144
0.0044813,144
0.0044814,144
0.0044815,143
0.0044816,143
0.0044817,143
0.0044818,143
0.0044819,143
0.004482,143
0.0044821,143
0.0044822,143
0.0044823,143
0.0044824,143
0.0044825,142
0.0044826,142
0.0044827,142
0.0044828,142
0.0044829,142
0.004483,142
0.0044831,142
0.0044832,142
0.0044833,142
0.0044834,142
0.0044835,141
0.0044836,141
0.0044837,141
0.0044838,141
0.0044839,141
0.004484,141
0.0044841,141
0.0044842,141
0.0044843,141
0.0044844,140
0.0044845,140
0.0044846,140
0.0044847,140
0.0044848,140
0.0044849,140
0.004485,140
0.0044851,140
0.0044852,140
0.0044853,140
0.0044854,140
0.0044855,140
0.0044856,140
0.0044857,140
0.0044858,140
0.0044859,140
0.004486,140
0.0044861,140
0.0044862,140
0.0044863,140
0.0044864,139
0.0044865,139
0.0044866,139
0.0044867,139
0.0044868,139
0.0044869,139
0.004487,139
0.0044871,139
0.0044872,139
0.0044873,139
0.0044874,138
0.0044875,138
0.0044876,138
0.0044877,138
0.0044878,138
0.0044879,138
0.004488,138
0.0044881,138
0.0044882,138
0.0044883,137
0.0044884,137
0.0044885,137
0.0044886,137
0.0044887,137
0.0044888,137
0.0044889,137
0.004489,137
0.0044891,137
0.0044892,137
0.0044893,137
0.0044894,137
0.0044895,137
0.0044896,137
0.0044897,137
0.0044898,137
0.0044899,137
0.00449,137
0.0044901,137
0.0044902,137
0.0044903,136
0.0044904,136
0.0044905,136
0.0044906,136
0.0044907,136
0.0044908,136
0.0044909,136
0.004491,136
0.0044911,136
0.0044912,136
0.0044913,135
0.0044914,135
0.0044915,135
0.0044916,135
0.0044917,135
0.0044918,135
0.0044919,135
0.004492,135
0.0044921,135
0.0044922,134
0.0044923,134
0.0044924,134
0.0044925,134
0.0044926,134
0.0044927,134
0.0044928,134
0.0044929,134
0.004493,134
0.0044931,134
0.0044932,133
0.0044933,133
0.0044934,133
0.0044935,133
0.0044936,133
0.0044937,133
0.0044938,133
0.0044939,133
0.004494,133
0.0044941,133
0.0044942,133
0.0044943,133
0.0044944,133
0.0044945,133
0.0044946,133
0.0044947,133
0.0044948,133
0.0044949,133
0.004495,133
0.0044951,133
0.0044952,132
0.0044953,132
0.0044954,132
0.0044955,132
0.0044956,132
0.0044957,132
0.0044958,132
0.0044959,132
0.004496,132
0.0044961,132
0.0044962,131
0.0044963,131
0.0044964,131
0.0044965,131
0.0044966,131
0.0044967,131
0.0044968,131
0.0044969,131
0.004497,131
0.0044971,130
0.0044972,130
0.0044973,130
0.0044974,130
0.0044975,130
0.0044976,130
0.0044977,130
0.0044978,130
0.0044979,130
0.004498,130
0.0044981,130
0.0044982,130
0.0044983,130
0.0044984,130
0.0044985,130
0.0044986,130
0.0044987,130
0.0044988,130
0.0044989,130
0.004499,130
0.0044991,129
0.0044992,129
0.0044993,129
0.0044994,129
0.0044995,129
0.0044996,129
0.0044997,129
0.0044998,129
0.0044999,129
0.0045,129
0.0045001,128
0.0045002,128
0.0045003,128
0.0045004,128
0.0045005,128
0.0045006,128
0.0045007,128
0.0045008,128
0.0045009,128
0.004501,127
0.0045011,127
0.0045012,127
0.0045013,127
0.0045014,127
0.0045015,127
0.0045016,127
0.0045017,127
0.0045018,127
0.0045019,127
0.004502,126
0.0045021,126
0.0045022,126
0.0045023,126
0.0045024,126
0.0045025,126
0.0045026,126
0.0045027,126
0.0045028,126
0.0045029,126
0.004503,126
0.0045031,126
0.0045032,126
0.0045033,126
0.0045034,126
0.0045035,126
0.0045036,126
0.0045037,126
0.0045038,126
0.0045039,126
0.004504,125
0.0045041,125
0.0045042,125
0.0045043,125
0.0045044,125
0.0045045,125
0.0045046,125
0.0045047,125
0.0045048,125
0.0045049,124
0.004505,124
0.0045051,124
0.0045052,124
0.0045053,124
0.0045054,124
0.0045055,124
0.0045056,124
0.0045057,124
0.0045058,124
0.0045059,123
0.004506,123
0.0045061,123
0.0045062,123
0.0045063,123
0.0045064,123
0.0045065,123
0.0045066,123
0.0045067,123
0.0045068,123
0.0045069,123
0.004507,123
0.0045071,123
0.0045072,123
0.0045073,123
0.0045074,123
0.0045075,123
0.0045076,123
0.0045077,123
0.0045078,123
0.0045079,122
0.004508,122
0.0045081,122
0.0045082,122
0.0045083,122
0.0045084,122
0.0045085,122
0.0045086,122
0.0045087,122
0.0045088,121
0.0045089,121
0.004509,121
0.0045091,121
0.0045092,121
0.0045093,121
0.0045094,121
0.0045095,121
0.0045096,121
0.0045097,121
0.0045098,120
0.0045099,120
0.00451,120
0.0045101,120
0.0045102,120
0.0045103,120
0.0045104,120
0.0045105,120
0.0045106,120
0.0045107,120
0.0045108,119
0.0045109,119
0.004511,119
0.0045111,119
0.0045112,119
0.0045113,119
0.0045114,119
0.0045115,119
0.0045116,119
0.0045117,119
0.0045118,119
0.0045119,119
0.004512,119
0.0045121,119
0.0045122,119
0.0045123,119
0.0045124,119
0.0045125,119
0.0045126,119
0.0045127,119
0.0045128,118
0.0045129,118
0.004513,118
0.0045131,118
0.0045132,118
0.0045133,118
0.0045134,118
0.0045135,118
0.0045136,118
0.0045137,117
0.0045138,117
0.0045139,117
0.004514,117
0.0045141,117
0.0045142,117
0.0045143,117
0.0045144,117
0.0045145,117
0.0045146,117
0.0045147,116
0.0045148,116
0.0045149,116
0.004515,116
0.0045151,116
0.0045152,116
0.0045153,116
0.0045154,116
0.0045155,116
0.0045156,116
0.0045157,116
0.0045158,116
0.0045159,116
0.004516,116
0.0045161,116
0.0045162,116
0.0045163,116
0.0045164,116
0.0045165,116
0.0045166,116
0.0045167,115
0.0045168,115
0.0045169,115
0.004517,115
0.0045171,115
0.0045172,115
0.0045173,115
0.0045174,115
0.0045175,115
0.0045176,114
0.0045177,114
0.0045178,114
0.0045179,114
0.004518,114
0.0045181,114
0.0045182,114
0.0045183,114
0.0045184,114
0.0045185,114
0.0045186,113
0.0045187,113
0.0045188,113
0.0045189,113
0.004519,113
0.0045191,113
0.0045192,113
0.0045193,113
0.0045194,113
0.0045195,113
0.0045196,112
0.0045197,112
0.0045198,112
0.0045199,112
0.00452,112
0.0045201,112
0.0045202,112
0.0045203,112
0.0045204,112
0.0045205,112
0.0045206,112
0.0045207,112
0.0045208,112
0.0045209,112
0.004521,112
0.0045211,112
0.0045212,112
0.0045213,112
0.0045214,112
0.0045215,111
0.0045216,111
0.0045217,111
0.0045218,111
0.0045219,111
0.004522,111
0.0045221,111
0.0045222,111
0.0045223,111
0.0045224,111
0.0045225,110
0.0045226,110
0.0045227,110
0.0045228,110
0.0045229,110
0.004523,110
0.0045231,110
0.0045232,110
0.0045233,110
0.0045234,110
0.0045235,109
0.0045236,109
0.0045237,109
0.0045238,109
0.0045239,109
0.004524,109
0.0045241,109
0.0045242,109
0.0045243,109
0.0045244,109
0.0045245,109
0.0045246,109
0.0045247,109
0.0045248,109
0.0045249,109
0.004525,109
0.0045251,109
0.0045252,109
0.0045253,109
0.0045254,108
0.0045255,108
0.0045256,108
0.0045257,108
0.0045258,108
0.0045259,108
0.004526,108
0.0045261,108
0.0045262,108
0.0045263,108
0.0045264,107
0.0045265,107
0.0045266,107
0.0045267,107
0.0045268,107
0.0045269,107
0.004527,107
0.0045271,107
0.0045272,107
0.0045273,107
0.0045274,106
0.0045275,106
0.0045276,106
0.0045277,106
0.0045278,106
0.0045279,106
0.004528,106
0.0045281,106
0.0045282,106
0.0045283,106
0.0045284,106
0.0045285,106
0.0045286,106
0.0045287,106
0.0045288,106
0.0045289,106
0.004529,106
0.0045291,106
0.0045292,106
0.0045293,106
0.0045294,105
0.0045295,105
0.0045296,105
0.0045297,105
0.0045298,105
0.0045299,105
0.00453,105
0.0045301,105
0.0045302,105
0.0045303,104
0.0045304,104
0.0045305,104
0.0045306,104
0.0045307,104
0.0045308,104
0.0045309,104
0.004531,104
0.0045311,104
0.0045312,104
0.0045313,103
0.0045314,103
0.0045315,103
0.0045316,103
0.0045317,103
0.0045318,103
0.0045319,103
0.004532,103
0.0045321,103
0.0045322,103
0.0045323,102
0.0045324,102
0.0045325,102
0.0045326,102
0.0045327,102
0.0045328,102
0.0045329,102
0.004533,102
0.0045331,102
0.0045332,102
0.0045333,102
0.0045334,102
0.0045335,102
0.0045336,102
0.0045337,102
0.0045338,102
0.0045339,102
0.004534,102
0.0045341,102
0.0045342,101
0.0045343,101
0.0045344,101
0.0045345,101
0.0045346,101
0.0045347,101
0.0045348,101
0.0045349,101
0.004535,101
0.0045351,101
0.0045352,100
0.0045353,100
0.0045354,100
0.0045355,100
0.0045356,100
0.0045357,100
0.0045358,100
0.0045359,100
0.004536,100
0.0045361,100
0.0045362,99
0.0045363,99
0.0045364,99
0.0045365,99
0.0045366,99
0.0045367,99
0.0045368,99
0.0045369,99
0.004537,99
0.0045371,99
0.0045372,99
0.0045373,99
0.0045374,99
0.0045375,99
0.0045376,99
0.0045377,99
0.0045378,99
0.0045379,99
0.004538,99
0.0045381,98
0.0045382,98
0.0045383,98
0.0045384,98
0.0045385,98
0.0045386,98
0.0045387,98
0.0045388,98
0.0045389,98
0.004539,98
0.0045391,97
0.0045392,97
0.0045393,97
0.0045394,97
0.0045395,97
0.0045396,97
0.0045397,97
0.0045398,97
0.0045399,97
0.00454,97
0.0045401,96
0.0045402,96
0.0045403,96
0.0045404,96
0.0045405,96
0.0045406,96
0.0045407,96
0.0045408,96
0.0045409,96
0.004541,96
0.0045411,96
0.0045412,96
0.0045413,96
0.0045414,96
0.0045415,96
0.0045416,96
0.0045417,96
0.0045418,96
0.0045419,96
0.004542,95
0.0045421,95
0.0045422,95
0.0045423,95
0.0045424,95
0.0045425,95
0.0045426,95
0.0045427,95
0.0045428,95
0.0045429,95
0.004543,94
0.0045431,94
0.0045432,94
0.0045433,94
0.0045434,94
0.0045435,94
0.0045436,94
0.0045437,94
0.0045438,94
0.0045439,94
0.004544,93
0.0045441,93
0.0045442,93
0.0045443,93
0.0045444,93
0.0045445,93
0.0045446,93
0.0045447,93
0.0045448,93
0.0045449,93
0.004545,93
0.0045451,93
0.0045452,93
0.0045453,93
0.0045454,93
0.0045455,93
0.0045456,93
0.0045457,93
0.0045458,93
0.0045459,93
0.004546,92
0.0045461,92
0.0045462,92
0.0045463,92
0.0045464,92
0.0045465,92
0.0045466,92
0.0045467,92
0.0045468,92
0.0045469,91
0.004547,91
0.0045471,91
0.0045472,91
0.0045473,91
0.0045474,91
0.0045475,91
0.0045476,91
0.0045477,91
0.0045478,91
0.0045479,90
0.004548,90
0.0045481,90
0.0045482,90
0.0045483,90
0.0045484,90
0.0045485,90
0.0045486,90
0.0045487,90
0.0045488,90
0.0045489,90
0.004549,90
0.0045491,90
0.0045492,90
0.0045493,90
0.0045494,90
0.0045495,90
0.0045496,90
0.0045497,90
0.0045498,90
0.0045499,89
0.00455,89
0.0045501,89
0.0045502,89
0.0045503,89
0.0045504,89
0.0045505,89
0.0045506,89
0.0045507,89
0.0045508,88
0.0045509,88
0.004551,88
0.0045511,88
0.0045512,88
0.0045513,88
0.0045514,88
0.0045515,88
0.0045516,88
0.0045517,88
0.0045518,87
0.0045519,87
0.004552,87
0.0045521,87
0.0045522,87
0.0045523,87
0.0045524,87
0.0045525,87
0.0045526,87
0.0045527,87
0.0045528,87
0.0045529,87
0.004553,87
0.0045531,87
0.0045532,87
0.0045533,87
0.0045534,87
0.0045535,87
0.0045536,87
0.0045537,87
0.0045538,86
0.0045539,86
0.004554,86
0.0045541,86
0.0045542,86
0.0045543,86
0.0045544,86
0.0045545,86
0.0045546,86
0.0045547,85
0.0045548,85
0.0045549,85
0.004555,85
0.0045551,85
0.0045552,85
0.0045553,85
0.0045554,85
0.0045555,85
0.0045556,85
0.0045557,84
0.0045558,84
0.0045559,84
0.004556,84
0.0045561,84
0.0045562,84
0.0045563,84
0.0045564,84
0.0045565,84
0.0045566,84
0.0045567,84
0.0045568,84
0.0045569,84
0.004557,84
0.0045571,84
0.0045572,84
0.0045573,84
0.0045574,84
0.0045575,84
0.0045576,84
0.0045577,83
0.0045578,83
0.0045579,83
0.004558,83
0.0045581,83
0.0045582,83
0.0045583,83
0.0045584,83
0.0045585,83
0.0045586,83
0.0045587,82
0.0045588,82
0.0045589,82
0.004559,82
0.0045591,82
0.0045592,82
0.0045593,82
0.0045594,82
0.0045595,82
0.0045596,82
0.0045597,82
0.0045598,82
0.0045599,82
0.00456,82
0.0045601,82
0.0045602,82
0.0045603,82
0.0045604,82
0.0045605,82
0.0045606,81
0.0045607,81
0.0045608,81
0.0045609,81
0.004561,81
0.0045611,81
0.0045612,81
0.0045613,81
0.0045614,81
0.0045615,81
0.0045616,80
0.0045617,80
0.0045618,80
0.0045619,80
0.004562,80
0.0045621,80
0.0045622,80
0.0045623,80
0.0045624,80
0.0045625,80
0.0045626,79
0.0045627,79
0.0045628,79
0.0045629,79
0.004563,79
0.0045631,79
0.0045632,79
0.0045633,79
0.0045634,79
0.0045635,79
0.0045636,79
0.0045637,79
0.0045638,79
0.0045639,79
0.004564,79
0.0045641,79
0.0045642,79
0.0045643,79
0.0045644,79
0.0045645,78
0.0045646,78
0.0045647,78
0.0045648,78
0.0045649,78
0.004565,78
0.0045651,78
0.0045652,78
0.0045653,78
0.0045654,78
0.0045655,77
0.0045656,77
0.0045657,77
0.0045658,77
0.0045659,77
0.004566,77
0.0045661,77
0.0045662,77
0.0045663,77
0.0045664,77
0.0045665,77
0.0045666,77
0.0045667,77
0.0045668,77
0.0045669,77
0.004567,77
0.0045671,77
0.0045672,77
0.0045673,77
0.0045674,76
0.0045675,76
0.0045676,76
0.0045677,76
0.0045678,76
0.0045679,76
0.004568,76
0.0045681,76
0.0045682,76
0.0045683,76
0.0045684,75
0.0045685,75
0.0045686,75
0.0045687,75
0.0045688,75
0.0045689,75
0.004569,75
0.0045691,75
0.0045692,75
0.0045693,75
0.0045694,74
0.0045695,74
0.0045696,74
0.0045697,74
0.0045698,74
0.0045699,74
0.00457,74
0.0045701,74
0.0045702,74
0.0045703,74
0.0045704,74
0.0045705,74
0.0045706,74
0.0045707,74
0.0045708,74
0.0045709,74
0.004571,74
0.0045711,74
0.0045712,74
0.0045713,73
0.0045714,73
0.0045715,73
0.0045716,73
0.0045717,73
0.0045718,73
0.0045719,73
0.004572,73
0.0045721,73
0.0045722,73
0.0045723,72
0.0045724,72
0.0045725,72
0.0045726,72
0.0045727,72
0.0045728,72
0.0045729,72
0.004573,72
0.0045731,72
0.0045732,72
0.0045733,72
0.0045734,72
0.0045735,72
0.0045736,72
0.0045737,72
0.0045738,72
0.0045739,72
0.004574,72
0.0045741,72
0.0045742,72
0.0045743,71
0.0045744,71
0.0045745,71
0.0045746,71
0.0045747,71
0.0045748,71
0.0045749,71
0.004575,71
0.0045751,71
0.0045752,71
0.0045753,70
0.0045754,70
0.0045755,70
0.0045756,70
0.0045757,70
0.0045758,70
0.0045759,70
0.004576,70
0.0045761,70
0.0045762,70
0.0045763,70
0.0045764,70
0.0045765,70
0.0045766,70
0.0045767,70
0.0045768,70
0.0045769,70
0.004577,70
0.0045771,70
0.0045772,69
0.0045773,69
0.0045774,69
0.0045775,69
0.0045776,69
0.0045777,69
0.0045778,69
0.0045779,69
0.004578,69
0.0045781,69
0.0045782,68
0.0045783,68
0.0045784,68
0.0045785,68
0.0045786,68
0.0045787,68
0.0045788,68
0.0045789,68
0.004579,68
0.0045791,68
0.0045792,67
0.0045793,67
0.0045794,67
0.0045795,67
0.0045796,67
0.0045797,67
0.0045798,67
0.0045799,67
0.00458,67
0.0045801,67
0.0045802,67
0.0045803,67
0.0045804,67
0.0045805,67
0.0045806,67
0.0045807,67
0.0045808,67
0.0045809,67
0.004581,67
0.0045811,66
0.0045812,66
0.0045813,66
0.0045814,66
0.0045815,66
0.0045816,66
0.0045817,66
0.0045818,66
0.0045819,66
0.004582,66
0.0045821,65
0.0045822,65
0.0045823,65
0.0045824,65
0.0045825,65
0.0045826,65
0.0045827,65
0.0045828,65
0.0045829,65
0.004583,65
0.0045831,65
0.0045832,65
0.0045833,65
0.0045834,65
0.0045835,65
0.0045836,65
0.0045837,65
0.0045838,65
0.0045839,65
0.004584,64
0.0045841,64
0.0045842,64
0.0045843,64
0.0045844,64
0.0045845,64
0.0045846,64
0.0045847,64
0.0045848,64
0.0045849,64
0.004585,63
0.0045851,63
0.0045852,63
0.0045853,63
0.0045854,63
0.0045855,63
0.0045856,63
0.0045857,63
0.0045858,63
0.0045859,63
0.004586,63
0.0045861,63
0.0045862,63
0.0045863,63
0.0045864,63
0.0045865,63
0.0045866,63
0.0045867,63
0.0045868,63
0.0045869,63
0.004587,62
0.0045871,62
0.0045872,62
0.0045873,62
0.0045874,62
0.0045875,62
0.0045876,62
0.0045877,62
0.0045878,62
0.0045879,61
0.004588,61
0.0045881,61
0.0045882,61
0.0045883,61
0.0045884,61
0.0045885,61
0.0045886,61
0.0045887,61
0.0045888,61
0.0045889,61
0.004589,61
0.0045891,61
0.0045892,61
0.0045893,61
0.0045894,61
0.0045895,61
0.0045896,61
0.0045897,61
0.0045898,61
0.0045899,60
0.00459,60
0.0045901,60
0.0045902,60
0.0045903,60
0.0045904,60
0.0045905,60
0.0045906,60
0.0045907,60
0.0045908,60
0.0045909,59
0.004591,59
0.0045911,59
0.0045912,59
0.0045913,59
0.0045914,59
0.0045915,59
0.0045916,59
0.0045917,59
0.0045918,59
0.0045919,59
0.004592,59
0.0045921,59
0.0045922,59
0.0045923,59
0.0045924,59
0.0045925,59
0.0045926,59
0.0045927,59
0.0045928,58
0.0045929,58
0.004593,58
0.0045931,58
0.0045932,58
0.0045933,58
0.0045934,58
0.0045935,58
0.0045936,58
0.0045937,58
0.0045938,57
0.0045939,57
0.004594,57
0.0045941,57
0.0045942,57
0.0045943,57
0.0045944,57
0.0045945,57
0.0045946,57
0.0045947,57
0.0045948,57
0.0045949,57
0.004595,57
0.0045951,57
0.0045952,57
0.0045953,57
0.0045954,57
0.0045955,57
0.0045956,57
0.0045957,57
0.0045958,56
0.0045959,56
0.004596,56
0.0045961,56
0.0045962,56
0.0045963,56
0.0045964,56
0.0045965,56
0.0045966,56
0.0045967,56
0.0045968,56
0.0045969,56
0.004597,56
0.0045971,56
0.0045972,56
0.0045973,56
0.0045974,56
0.0045975,56
0.0045976,56
0.0045977,55
0.0045978,55
0.0045979,55
0.004598,55
0.0045981,55
0.0045982,55
0.0045983,55
0.0045984,55
0.0045985,55
0.0045986,55
0.0045987,54
0.0045988,54
0.0045989,54
0.004599,54
0.0045991,54
0.0045992,54
0.0045993,54
0.0045994,54
0.0045995,54
0.0045996,54
0.0045997,54
0.0045998,54
0.0045999,54
0.0046,54
0.0046001,54
0.0046002,54
0.0046003,54
0.0046004,54
0.0046005,54
0.0046006,53
0.0046007,53
0.0046008,53
0.0046009,53
0.004601,53
0.0046011,53
0.0046012,53
0.0046013,53
0.0046014,53
0.0046015,53
0.0046016,52
0.0046017,52
0.0046018,52
0.0046019,52
0.004602,52
0.0046021,52
0.0046022,52
0.0046023,52
0.0046024,52
0.0046025,52
0.0046026,52
0.0046027,52
0.0046028,52
0.0046029,52
0.004603,52
0.0046031,52
0.0046032,52
0.0046033,52
0.0046034,52
0.0046035,52
0.0046036,51
0.0046037,51
0.0046038,51
0.0046039,51
0.004604,51
0.0046041,51
0.0046042,51
0.0046043,51
0.0046044,51
0.0046045,51
0.0046046,50
0.0046047,50
0.0046048,50
0.0046049,50
0.004605,50
0.0046051,50
0.0046052,50
0.0046053,50
0.0046054,50
0.0046055,50
0.0046056,50
0.0046057,50
0.0046058,50
0.0046059,50
0.004606,50
0.0046061,50
0.0046062,50
0.0046063,50
0.0046064,50
0.0046065,49
0.0046066,49
0.0046067,49
0.0046068,49
0.0046069,49
0.004607,49
0.0046071,49
0.0046072,49
0.0046073,49
0.0046074,49
0.0046075,49
0.0046076,49
0.0046077,49
0.0046078,49
0.0046079,49
0.004608,49
0.0046081,49
0.0046082,49
0.0046083,49
0.0046084,49
0.0046085,48
0.0046086,48
0.0046087,48
0.0046088,48
0.0046089,48
0.004609,48
0.0046091,48
0.0046092,48
0.0046093,48
0.0046094,47
0.0046095,47
0.0046096,47
0.0046097,47
0.0046098,47
0.0046099,47
0.00461,47
0.0046101,47
0.0046102,47
0.0046103,47
0.0046104,47
0.0046105,47
0.0046106,47
0.0046107,47
0.0046108,47
0.0046109,47
0.004611,47
0.0046111,47
0.0046112,47
0.0046113,47
0.0046114,46
0.0046115,46
0.0046116,46
0.0046117,46
0.0046118,46
0.0046119,46
0.004612,46
0.0046121,46
0.0046122,46
0.0046123,46
0.0046124,46
0.0046125,46
0.0046126,46
0.0046127,46
0.0046128,46
0.0046129,46
0.004613,46
0.0046131,46
0.0046132,46
0.0046133,45
0.0046134,45
0.0046135,45
0.0046136,45
0.0046137,45
0.0046138,45
0.0046139,45
0.004614,45
0.0046141,45
0.0046142,45
0.0046143,44
0.0046144,44
0.0046145,44
0.0046146,44
0.0046147,44
0.0046148,44
0.0046149,44
0.004615,44
0.0046151,44
0.0046152,44
0.0046153,44
0.0046154,44
0.0046155,44
0.0046156,44
0.0046157,44
0.0046158,44
0.0046159,44
0.004616,44
0.0046161,44
0.0046162,44
0.0046163,43
0.0046164,43
0.0046165,43
0.0046166,43
0.0046167,43
0.0046168,43
0.0046169,43
0.004617,43
0.0046171,43
0.0046172,43
0.0046173,43
0.0046174,43
0.0046175,43
0.0046176,43
0.0046177,43
0.0046178,43
0.0046179,43
0.004618,43
0.0046181,43
0.0046182,42
0.0046183,42
0.0046184,42
0.0046185,42
0.0046186,42
0.0046187,42
0.0046188,42
0.0046189,42
0.004619,42
0.0046191,42
0.0046192,42
0.0046193,42
0.0046194,42
0.0046195,42
0.0046196,42
0.0046197,42
0.0046198,42
0.0046199,42
0.00462,42
0.0046201,42
0.0046202,41
0.0046203,41
0.0046204,41
0.0046205,41
0.0046206,41
0.0046207,41
0.0046208,41
0.0046209,41
0.004621,41
0.0046211,41
0.0046212,40
0.0046213,40
0.0046214,40
0.0046215,40
0.0046216,40
0.0046217,40
0.0046218,40
0.0046219,40
0.004622,40
0.0046221,40
0.0046222,40
0.0046223,40
0.0046224,40
0.0046225,40
0.0046226,40
0.0046227,40
0.0046228,40
0.0046229,40
0.004623,40
0.0046231,39
0.0046232,39
0.0046233,39
0.0046234,39
0.0046235,39
0.0046236,39
0.0046237,39
0.0046238,39
0.0046239,39
0.004624,39
0.0046241,39
0.0046242,39
0.0046243,39
0.0046244,39
0.0046245,39
0.0046246,39
0.0046247,39
0.0046248,39
0.0046249,39
0.004625,39
0.0046251,38
0.0046252,38
0.0046253,38
0.0046254,38
0.0046255,38
0.0046256,38
0.0046257,38
0.0046258,38
0.0046259,38
0.004626,38
0.0046261,38
0.0046262,38
0.0046263,38
0.0046264,38
0.0046265,38
0.0046266,38
0.0046267,38
0.0046268,38
0.0046269,38
0.004627,37
0.0046271,37
0.0046272,37
0.0046273,37
0.0046274,37
0.0046275,37
0.0046276,37
0.0046277,37
0.0046278,37
0.0046279,37
0.004628,37
0.0046281,37
0.0046282,37
0.0046283,37
0.0046284,37
0.0046285,37
0.0046286,37
0.0046287,37
0.0046288,37
0.0046289,37
0.004629,36
0.0046291,36
0.0046292,36
0.0046293,36
0.0046294,36
0.0046295,36
0.0046296,36
0.0046297,36
0.0046298,36
0.0046299,35
0.00463,35
0.0046301,35
0.0046302,35
0.0046303,35
0.0046304,35
0.0046305,35
0.0046306,35
0.0046307,35
0.0046308,35
0.0046309,35
0.004631,35
0.0046311,35
0.0046312,35
0.0046313,35
0.0046314,35
0.0046315,35
0.0046316,35
0.0046317,35
0.0046318,35
0.0046319,34
0.004632,34
0.0046321,34
0.0046322,34
0.0046323,34
0.0046324,34
0.0046325,34
0.0046326,34
0.0046327,34
0.0046328,34
0.0046329,34
0.004633,34
0.0046331,34
0.0046332,34
0.0046333,34
0.0046334,34
0.0046335,34
0.0046336,34
0.0046337,34
0.0046338,33
0.0046339,33
0.004634,33
0.0046341,33
0.0046342,33
0.0046343,33
0.0046344,33
0.0046345,33
0.0046346,33
0.0046347,33
0.0046348,33
0.0046349,33
0.004635,33
0.0046351,33
0.0046352,33
0.0046353,33
0.0046354,33
0.0046355,33
0.0046356,33
0.0046357,33
0.0046358,32
0.0046359,32
0.004636,32
0.0046361,32
0.0046362,32
0.0046363,32
0.0046364,32
0.0046365,32
0.0046366,32
0.0046367,32
0.0046368,32
0.0046369,32
0.004637,32
0.0046371,32
0.0046372,32
0.0046373,32
0.0046374,32
0.0046375,32
0.0046376,32
0.0046377,32
0.0046378,31
0.0046379,31
0.004638,31
0.0046381,31
0.0046382,31
0.0046383,31
0.0046384,31
0.0046385,31
0.0046386,31
0.0046387,31
0.0046388,31
0.0046389,31
0.004639,31
0.0046391,31
0.0046392,31
0.0046393,31
0.0046394,31
0.0046395,31
0.0046396,31
0.0046397,30
0.0046398,30
0.0046399,30
0.00464,30
0.0046401,30
0.0046402,30
0.0046403,30
0.0046404,30
0.0046405,30
0.0046406,30
0.0046407,30
0.0046408,30
0.0046409,30
0.004641,30
0.0046411,30
0.0046412,30
0.0046413,30
0.0046414,30
0.0046415,30
0.0046416,30
0.0046417,29
0.0046418,29
0.0046419,29
0.004642,29
0.0046421,29
0.0046422,29
0.0046423,29
0.0046424,29
0.0046425,29
0.0046426,29
0.0046427,29
0.0046428,29
0.0046429,29
0.004643,29
0.0046431,29
0.0046432,29
0.0046433,29
0.0046434,29
0.0046435,29
0.0046436,28
0.0046437,28
0.0046438,28
0.0046439,28
0.004644,28
0.0046441,28
0.0046442,28
0.0046443,28
0.0046444,28
0.0046445,28
0.0046446,28
0.0046447,28
0.0046448,28
0.0046449,28
0.004645,28
0.0046451,28
0.0046452,28
0.0046453,28
0.0046454,28
0.0046455,28
0.0046456,27
0.0046457,27
0.0046458,27
0.0046459,27
0.004646,27
0.0046461,27
0.0046462,27
0.0046463,27
0.0046464,27
0.0046465,27
0.0046466,27
0.0046467,27
0.0046468,27
0.0046469,27
0.004647,27
0.0046471,27
0.0046472,27
0.0046473,27
0.0046474,27
0.0046475,26
0.0046476,26
0.0046477,26
0.0046478,26
0.0046479,26
0.004648,26
0.0046481,26
0.0046482,26
0.0046483,26
0.0046484,26
0.0046485,26
0.0046486,26
0.0046487,26
0.0046488,26
0.0046489,26
0.004649,26
0.0046491,26
0.0046492,26
0.0046493,26
0.0046494,26
0.0046495,26
0.0046496,26
0.0046497,26
0.0046498,26
0.0046499,26
0.00465,26
0.0046501,26
0.0046502,26
0.0046503,26
0.0046504,25
0.0046505,25
0.0046506,25
0.0046507,25
0.0046508,25
0.0046509,25
0.004651,25
0.0046511,25
0.0046512,25
0.0046513,25
0.0046514,25
0.0046515,25
0.0046516,25
0.0046517,25
0.0046518,25
0.0046519,25
0.004652,25
0.0046521,25
0.0046522,25
0.0046523,25
0.0046524,24
0.0046525,24
0.0046526,24
0.0046527,24
0.0046528,24
0.0046529,24
0.004653,24
0.0046531,24
0.0046532,24
0.0046533,24
0.0046534,24
0.0046535,24
0.0046536,24
0.0046537,24
0.0046538,24
0.0046539,24
0.004654,24
0.0046541,24
0.0046542,24
0.0046543,24
0.0046544,23
0.0046545,23
0.0046546,23
0.0046547,23
0.0046548,23
0.0046549,23
0.004655,23
0.0046551,23
0.0046552,23
0.0046553,23
0.0046554,23
0.0046555,23
0.0046556,23
0.0046557,23
0.0046558,23
0.0046559,23
0.004656,23
0.0046561,23
0.0046562,23
0.0046563,22
0.0046564,22
0.0046565,22
0.0046566,22
0.0046567,22
0.0046568,22
0.0046569,22
0.004657,22
0.0046571,22
0.0046572,22
0.0046573,22
0.0046574,22
0.0046575,22
0.0046576,22
0.0046577,22
0.0046578,22
0.0046579,22
0.004658,22
0.0046581,22
0.0046582,22
0.0046583,22
0.0046584,22
0.0046585,22
0.0046586,22
0.0046587,22
0.0046588,22
0.0046589,22
0.004659,22
0.0046591,22
0.0046592,21
0.0046593,21
0.0046594,21
0.0046595,21
0.0046596,21
0.0046597,21
0.0046598,21
0.0046599,21
0.00466,21
0.0046601,21
0.0046602,21
0.0046603,21
0.0046604,21
0.0046605,21
0.0046606,21
0.0046607,21
0.0046608,21
0.0046609,21
0.004661,21
0.0046611,21
0.0046612,20
0.0046613,20
0.0046614,20
0.0046615,20
0.0046616,20
0.0046617,20
0.0046618,20
0.0046619,20
0.004662,20
0.0046621,20
0.0046622,20
0.0046623,20
0.0046624,20
0.0046625,20
0.0046626,20
0.0046627,20
0.0046628,20
0.0046629,20
0.004663,20
0.0046631,19
0.0046632,19
0.0046633,19
0.0046634,19
0.0046635,19
0.0046636,19
0.0046637,19
0.0046638,19
0.0046639,19
0.004664,19
0.0046641,19
0.0046642,19
0.0046643,19
0.0046644,19
0.0046645,19
0.0046646,19
0.0046647,19
0.0046648,19
0.0046649,19
0.004665,19
0.0046651,19
0.0046652,19
0.0046653,19
0.0046654,19
0.0046655,19
0.0046656,19
0.0046657,19
0.0046658,19
0.0046659,19
0.004666,19
0.0046661,18
0.0046662,18
0.0046663,18
0.0046664,18
0.0046665,18
0.0046666,18
0.0046667,18
0.0046668,18
0.0046669,18
0.004667,18
0.0046671,18
0.0046672,18
0.0046673,18
0.0046674,18
0.0046675,18
0.0046676,18
0.0046677,18
0.0046678,18
0.0046679,18
0.004668,17
0.0046681,17
0.0046682,17
0.0046683,17
0.0046684,17
0.0046685,17
0.0046686,17
0.0046687,17
0.0046688,17
0.0046689,17
0.004669,17
0.0046691,17
0.0046692,17
0.0046693,17
0.0046694,17
0.0046695,17
0.0046696,17
0.0046697,17
0.0046698,17
0.0046699,17
0.00467,17
0.0046701,17
0.0046702,17
0.0046703,17
0.0046704,17
0.0046705,17
0.0046706,17
0.0046707,17
0.0046708,17
0.0046709,17
0.004671,16
0.0046711,16
0.0046712,16
0.0046713,16
0.0046714,16
0.0046715,16
0.0046716,16
0.0046717,16
0.0046718,16
0.0046719,16
0.004672,16
0.0046721,16
0.0046722,16
0.0046723,16
0.0046724,16
0.0046725,16
0.0046726,16
0.0046727,16
0.0046728,16
0.0046729,16
0.004673,16
0.0046731,16
0.0046732,16
0.0046733,16
0.0046734,16
0.0046735,16
0.0046736,16
0.0046737,16
0.0046738,16
0.0046739,15
0.004674,15
0.0046741,15
0.0046742,15
0.0046743,15
0.0046744,15
0.0046745,15
0.0046746,15
0.0046747,15
0.0046748,15
0.0046749,15
0.004675,15
0.0046751,15
0.0046752,15
0.0046753,15
0.0046754,15
0.0046755,15
0.0046756,15
0.0046757,15
0.0046758,15
0.0046759,15
0.004676,15
0.0046761,15
0.0046762,15
0.0046763,15
0.0046764,15
0.0046765,15
0.0046766,15
0.0046767,15
0.0046768,14
0.0046769,14
0.004677,14
0.0046771,14
0.0046772,14
0.0046773,14
0.0046774,14
0.0046775,14
0.0046776,14
0.0046777,14
0.0046778,14
0.0046779,14
0.004678,14
0.0046781,14
0.0046782,14
0.0046783,14
0.0046784,14
0.0046785,14
0.0046786,14
0.0046787,14
0.0046788,14
0.0046789,14
0.004679,14
0.0046791,14
0.0046792,14
0.0046793,14
0.0046794,14
0.0046795,14
0.0046796,14
0.0046797,13
0.0046798,13
0.0046799,13
0.00468,13
0.0046801,13
0.0046802,13
0.0046803,13
0.0046804,13
0.0046805,13
0.0046806,13
0.0046807,13
0.0046808,13
0.0046809,13
0.004681,13
0.0046811,13
0.0046812,13
0.0046813,13
0.0046814,13
0.0046815,13
0.0046816,13
0.0046817,13
0.0046818,13
0.0046819,13
0.004682,13
0.0046821,13
0.0046822,13
0.0046823,13
0.0046824,13
0.0046825,13
0.0046826,13
0.0046827,12
0.0046828,12
0.0046829,12
0.004683,12
0.0046831,12
0.0046832,12
0.0046833,12
0.0046834,12
0.0046835,12
0.0046836,12
0.0046837,12
0.0046838,12
0.0046839,12
0.004684,12
0.0046841,12
0.0046842,12
0.0046843,12
0.0046844,12
0.0046845,12
0.0046846,12
0.0046847,12
0.0046848,12
0.0046849,12
0.004685,12
0.0046851,12
0.0046852,12
0.0046853,12
0.0046854,12
0.0046855,12
0.0046856,11
0.0046857,11
0.0046858,11
0.0046859,11
0.004686,11
0.0046861,11
0.0046862,11
0.0046863,11
0.0046864,11
0.0046865,11
0.0046866,11
0.0046867,11
0.0046868,11
0.0046869,11
0.004687,11
0.0046871,11
0.0046872,11
0.0046873,11
0.0046874,11
0.0046875,11
0.0046876,11
0.0046877,11
0.0046878,11
0.0046879,11
0.004688,11
0.0046881,11
0.0046882,11
0.0046883,11
0.0046884,11
0.0046885,10
0.0046886,10
0.0046887,10
0.0046888,10
0.0046889,10
0.004689,10
0.0046891,10
0.0046892,10
0.0046893,10
0.0046894,10
0.0046895,10
0.0046896,10
0.0046897,10
0.0046898,10
0.0046899,10
0.00469,10
0.0046901,10
0.0046902,10
0.0046903,10
0.0046904,10
0.0046905,10
0.0046906,10
0.0046907,10
0.0046908,10
0.0046909,10
0.004691,10
0.0046911,10
0.0046912,10
0.0046913,10
0.0046914,10
0.0046915,10
0.0046916,10
0.0046917,10
0.0046918,10
0.0046919,10
0.004692,10
0.0046921,10
0.0046922,10
0.0046923,10
0.0046924,9
0.0046925,9
0.0046926,9
0.0046927,9
0.0046928,9
0.0046929,9
0.004693,9
0.0046931,9
0.0046932,9
0.0046933,9
0.0046934,9
0.0046935,9
0.0046936,9
0.0046937,9
0.0046938,9
0.0046939,9
0.004694,9
0.0046941,9
0.0046942,9
0.0046943,9
0.0046944,9
0.0046945,9
0.0046946,9
0.0046947,9
0.0046948,9
0.0046949,9
0.004695,9
0.0046951,9
0.0046952,9
0.0046953,9
0.0046954,8
0.0046955,8
0.0046956,8
0.0046957,8
0.0046958,8
0.0046959,8
0.004696,8
0.0046961,8
0.0046962,8
0.0046963,8
0.0046964,8
0.0046965,8
0.0046966,8
0.0046967,8
0.0046968,8
0.0046969,8
0.004697,8
0.0046971,8
0.0046972,8
0.0046973,8
0.0046974,8
0.0046975,8
0.0046976,8
0.0046977,8
0.0046978,8
0.0046979,8
0.004698,8
0.0046981,8
0.0046982,8
0.0046983,8
0.0046984,8
0.0046985,8
0.0046986,8
0.0046987,8
0.0046988,8
0.0046989,8
0.004699,8
0.0046991,8
0.0046992,8
0.0046993,7
0.0046994,7
0.0046995,7
0.0046996,7
0.0046997,7
0.0046998,7
0.0046999,7
0.0047,7
0.0047001,7
0.0047002,7
0.0047003,7
0.0047004,7
0.0047005,7
0.0047006,7
0.0047007,7
0.0047008,7
0.0047009,7
0.004701,7
0.0047011,7
0.0047012,7
0.0047013,7
0.0047014,7
0.0047015,7
0.0047016,7
0.0047017,7
0.0047018,7
0.0047019,7
0.004702,7
0.0047021,7
0.0047022,7
0.0047023,7
0.0047024,7
0.0047025,7
0.0047026,7
0.0047027,7
0.0047028,7
0.0047029,7
0.004703,7
0.0047031,7
0.0047032,6
0.0047033,6
0.0047034,6
0.0047035,6
0.0047036,6
0.0047037,6
0.0047038,6
0.0047039,6
0.004704,6
0.0047041,6
0.0047042,6
0.0047043,6
0.0047044,6
0.0047045,6
0.0047046,6
0.0047047,6
0.0047048,6
0.0047049,6
0.004705,6
0.0047051,6
0.0047052,6
0.0047053,6
0.0047054,6
0.0047055,6
0.0047056,6
0.0047057,6
0.0047058,6
0.0047059,6
0.004706,6
0.0047061,6
0.0047062,6
0.0047063,6
0.0047064,6
0.0047065,6
0.0047066,6
0.0047067,6
0.0047068,6
0.0047069,6
0.004707,6
0.0047071,6
0.0047072,6
0.0047073,6
0.0047074,6
0.0047075,6
0.0047076,6
0.0047077,6
0.0047078,6
0.0047079,6
0.004708,6
0.0047081,5
0.0047082,5
0.0047083,5
0.0047084,5
0.0047085,5
0.0047086,5
0.0047087,5
0.0047088,5
0.0047089,5
0.004709,5
0.0047091,5
0.0047092,5
0.0047093,5
0.0047094,5
0.0047095,5
0.0047096,5
0.0047097,5
0.0047098,5
0.0047099,5
0.00471,5
0.0047101,5
0.0047102,5
0.0047103,5
0.0047104,5
0.0047105,5
0.0047106,5
0.0047107,5
0.0047108,5
0.0047109,5
0.004711,5
0.0047111,5
0.0047112,5
0.0047113,5
0.0047114,5
0.0047115,5
0.0047116,5
0.0047117,5
0.0047118,5
0.0047119,5
0.004712,5
0.0047121,5
0.0047122,5
0.0047123,5
0.0047124,5
0.0047125,5
0.0047126,5
0.0047127,5
0.0047128,5
0.0047129,4
0.004713,4
0.0047131,4
0.0047132,4
0.0047133,4
0.0047134,4
0.0047135,4
0.0047136,4
0.0047137,4
0.0047138,4
0.0047139,4
0.004714,4
0.0047141,4
0.0047142,4
0.0047143,4
0.0047144,4
0.0047145,4
0.0047146,4
0.0047147,4
0.0047148,4
0.0047149,4
0.004715,4
0.0047151,4
0.0047152,4
0.0047153,4
0.0047154,4
0.0047155,4
0.0047156,4
0.0047157,4
0.0047158,4
0.0047159,4
0.004716,4
0.0047161,4
0.0047162,4
0.0047163,4
0.0047164,4
0.0047165,4
0.0047166,4
0.0047167,4
0.0047168,4
0.0047169,4
0.004717,4
0.0047171,4
0.0047172,4
0.0047173,4
0.0047174,4
0.0047175,4
0.0047176,4
0.0047177,4
0.0047178,4
0.0047179,4
0.004718,4
0.0047181,4
0.0047182,4
0.0047183,4
0.0047184,4
0.0047185,4
0.0047186,4
0.0047187,4
0.0047188,3
0.0047189,3
0.004719,3
0.0047191,3
0.0047192,3
0.0047193,3
0.0047194,3
0.0047195,3
0.0047196,3
0.0047197,3
0.0047198,3
0.0047199,3
0.00472,3
0.0047201,3
0.0047202,3
0.0047203,3
0.0047204,3
0.0047205,3
0.0047206,3
0.0047207,3
0.0047208,3
0.0047209,3
0.004721,3
0.0047211,3
0.0047212,3
0.0047213,3
0.0047214,3
0.0047215,3
0.0047216,3
0.0047217,3
0.0047218,3
0.0047219,3
0.004722,3
0.0047221,3
0.0047222,3
0.0047223,3
0.0047224,3
0.0047225,3
0.0047226,3
0.0047227,3
0.0047228,3
0.0047229,3
0.004723,3
0.0047231,3
0.0047232,3
0.0047233,3
0.0047234,3
0.0047235,3
0.0047236,3
0.0047237,3
0.0047238,3
0.0047239,3
0.004724,3
0.0047241,3
0.0047242,3
0.0047243,3
0.0047244,3
0.0047245,3
0.0047246,3
0.0047247,3
0.0047248,3
0.0047249,3
0.004725,3
0.0047251,3
0.0047252,3
0.0047253,3
0.0047254,3
0.0047255,3
0.0047256,2
0.0047257,2
0.0047258,2
0.0047259,2
0.004726,2
0.0047261,2
0.0047262,2
0.0047263,2
0.0047264,2
0.0047265,2
0.0047266,2
0.0047267,2
0.0047268,2
0.0047269,2
0.004727,2
0.0047271,2
0.0047272,2
0.0047273,2
0.0047274,2
0.0047275,2
0.0047276,2
0.0047277,2
0.0047278,2
0.0047279,2
0.004728,2
0.0047281,2
0.0047282,2
0.0047283,2
0.0047284,2
0.0047285,2
0.0047286,2
0.0047287,2
0.0047288,2
0.0047289,2
0.004729,2
0.0047291,2
0.0047292,2
0.0047293,2
0.0047294,2
0.0047295,2
0.0047296,2
0.0047297,2
0.0047298,2
0.0047299,2
0.00473,2
0.0047301,2
0.0047302,2
0.0047303,2
0.0047304,2
0.0047305,2
0.0047306,2
0.0047307,2
0.0047308,2
0.0047309,2
0.004731,2
0.0047311,2
0.0047312,2
0.0047313,2
0.0047314,2
0.0047315,2
0.0047316,2
0.0047317,2
0.0047318,2
0.0047319,2
0.004732,2
0.0047321,2
0.0047322,2
0.0047323,2
0.0047324,2
0.0047325,2
0.0047326,2
0.0047327,2
0.0047328,2
0.0047329,2
0.004733,2
0.0047331,2
0.0047332,2
0.0047333,2
0.0047334,2
0.0047335,2
0.0047336,2
0.0047337,2
0.0047338,2
0.0047339,2
0.004734,2
0.0047341,2
0.0047342,2
0.0047343,2
0.0047344,2
0.0047345,2
0.0047346,2
0.0047347,2
0.0047348,2
0.0047349,2
0.004735,2
0.0047351,2
0.0047352,2
0.0047353,2
0.0047354,2
0.0047355,2
0.0047356,2
0.0047357,2
0.0047358,2
0.0047359,2
0.004736,2
0.0047361,2
0.0047362,2
0.0047363,2
0.0047364,1
0.0047365,1
0.0047366,1
0.0047367,1
0.0047368,1
0.0047369,1
0.004737,1
0.0047371,1
0.0047372,1
0.0047373,1
0.0047374,1
0.0047375,1
0.0047376,1
0.0047377,1
0.0047378,1
0.0047379,1
0.004738,1
0.0047381,1
0.0047382,1
0.0047383,1
0.0047384,1
0.0047385,1
0.0047386,1
0.0047387,1
0.0047388,1
0.0047389,1
0.004739,1
0.0047391,1
0.0047392,1
0.0047393,1
0.0047394,1
0.0047395,1
0.0047396,1
0.0047397,1
0.0047398,1
0.0047399,1
0.00474,1
0.0047401,1
0.0047402,1
0.0047403,1
0.0047404,1
0.0047405,1
0.0047406,1
0.0047407,1
0.0047408,1
0.0047409,1
0.004741,1
0.0047411,1
0.0047412,1
0.0047413,1
0.0047414,1
0.0047415,1
0.0047416,1
0.0047417,1
0.0047418,1
0.0047419,1
0.004742,1
0.0047421,1
0.0047422,1
0.0047423,1
0.0047424,1
0.0047425,1
0.0047426,1
0.0047427,1
0.0047428,1
0.0047429,1
0.004743,1
0.0047431,1
0.0047432,1
0.0047433,1
0.0047434,1
0.0047435,1
0.0047436,1
0.0047437,1
0.0047438,1
0.0047439,1
0.004744,1
0.0047441,1
0.0047442,1
0.0047443,1
0.0047444,1
0.0047445,1
0.0047446,1
0.0047447,1
0.0047448,1
0.0047449,1
0.004745,1
0.0047451,1
0.0047452,1
0.0047453,1
0.0047454,1
0.0047455,1
0.0047456,1
0.0047457,1
0.0047458,1
0.0047459,1
0.004746,1
0.0047461,1
0.0047462,1
0.0047463,1
0.0047464,1
0.0047465,1
0.0047466,1
0.0047467,1
0.0047468,1
0.0047469,1
0.004747,1
0.0047471,1
0.0047472,1
0.0047473,1
0.0047474,1
0.0047475,1
0.0047476,1
0.0047477,1
0.0047478,1
0.0047479,1
0.004748,1
0.0047481,1
0.0047482,1
0.0047483,1
0.0047484,1
0.0047485,1
0.0047486,1
0.0047487,1
0.0047488,1
0.0047489,1
0.004749,1
0.0047491,1
0.0047492,1
0.0047493,1
0.0047494,1
0.0047495,1
0.0047496,1
0.0047497,1
0.0047498,1
0.0047499,1
0.00475,1
0.0047501,1
0.0047502,1
0.0047503,1
0.0047504,1
0.0047505,1
0.0047506,1
0.0047507,1
0.0047508,1
0.0047509,1
0.004751,1
0.0047511,1
0.0047512,1
0.0047513,1
0.0047514,1
0.0047515,1
0.0047516,1
0.0047517,1
0.0047518,1
0.0047519,1
0.004752,1
0.0047521,1
0.0047522,1
0.0047523,1
0.0047524,1
0.0047525,1
0.0047526,1
0.0047527,1
0.0047528,1
0.0047529,1
0.004753,1
0.0047531,1
0.0047532,1
0.0047533,1
0.0047534,1
0.0047535,1
0.0047536,1
0.0047537,1
0.0047538,1
0.0047539,1
0.004754,1
0.0047541,1
0.0047542,1
0.0047543,1
0.0047544,1
0.0047545,1
0.0047546,1
0.0047547,1
0.0047548,1
0.0047549,1
0.004755,1
0.0047551,1
0.0047552,1
0.0047553,1
0.0047554,1
0.0047555,1
0.0047556,1
0.0047557,1
0.0047558,1
0.0047559,1
0.004756,1
0.0047561,1
0.0047562,1
0.0047563,1
0.0047564,1
0.0047565,1
0.0047566,1
0.0047567,1
0.0047568,1
0.0047569,1
0.004757,1
0.0047571,1
0.0047572,1
0.0047573,1
0.0047574,1
0.0047575,1
0.0047576,1
0.0047577,1
0.0047578,1
0.0047579,1
0.004758,1
0.0047581,1
0.0047582,1
0.0047583,1
0.0047584,1
0.0047585,1
0.0047586,1
0.0047587,1
0.0047588,1
0.0047589,1
0.004759,1
0.0047591,1
0.0047592,1
0.0047593,1
0.0047594,1
0.0047595,1
0.0047596,1
0.0047597,1
0.0047598,1
0.0047599,1
0.00476,1
0.0047601,1
0.0047602,1
0.0047603,1
0.0047604,1
0.0047605,1
0.0047606,1
0.0047607,1
0.0047608,1
0.0047609,1
0.004761,1
0.0047611,1
0.0047612,1
0.0047613,1
0.0047614,1
0.0047615,1
0.0047616,1
0.0047617,1
0.0047618,1
0.0047619,1
0.004762,1
0.0047621,1
0.0047622,1
0.0047623,1
0.0047624,1
0.0047625,1
0.0047626,1
0.0047627,1
0.0047628,1
0.0047629,1
0.004763,1
0.0047631,1
0.0047632,1
0.0047633,1
0.0047634,1
0.0047635,1
0.0047636,1
0.0047637,1
0.0047638,1
0.0047639,1
0.004764,1
0.0047641,1
0.0047642,1
0.0047643,1
0.0047644,1
0.0047645,1
0.0047646,1
0.0047647,2
0.0047648,2
0.0047649,2
0.004765,2
0.0047651,2
0.0047652,2
0.0047653,2
0.0047654,2
0.0047655,2
0.0047656,2
0.0047657,2
0.0047658,2
0.0047659,2
0.004766,2
0.0047661,2
0.0047662,2
0.0047663,2
0.0047664,2
0.0047665,2
0.0047666,2
0.0047667,2
0.0047668,2
0.0047669,2
0.004767,2
0.0047671,2
0.0047672,2
0.0047673,2
0.0047674,2
0.0047675,2
0.0047676,2
0.0047677,2
0.0047678,2
0.0047679,2
0.004768,2
0.0047681,2
0.0047682,2
0.0047683,2
0.0047684,2
0.0047685,2
0.0047686,2
0.0047687,2
0.0047688,2
0.0047689,2
0.004769,2
0.0047691,2
0.0047692,2
0.0047693,2
0.0047694,2
0.0047695,2
0.0047696,2
0.0047697,2
0.0047698,2
0.0047699,2
0.00477,2
0.0047701,2
0.0047702,2
0.0047703,2
0.0047704,2
0.0047705,2
0.0047706,2
0.0047707,2
0.0047708,2
0.0047709,2
0.004771,2
0.0047711,2
0.0047712,2
0.0047713,2
0.0047714,2
0.0047715,2
0.0047716,2
0.0047717,2
0.0047718,2
0.0047719,2
0.004772,2
0.0047721,2
0.0047722,2
0.0047723,2
0.0047724,2
0.0047725,2
0.0047726,2
0.0047727,2
0.0047728,2
0.0047729,2
0.004773,2
0.0047731,2
0.0047732,2
0.0047733,2
0.0047734,2
0.0047735,2
0.0047736,2
0.0047737,2
0.0047738,2
0.0047739,2
0.004774,2
0.0047741,2
0.0047742,2
0.0047743,2
0.0047744,2
0.0047745,2
0.0047746,2
0.0047747,2
0.0047748,2
0.0047749,2
0.004775,2
0.0047751,2
0.0047752,2
0.0047753,2
0.0047754,3
0.0047755,3
0.0047756,3
0.0047757,3
0.0047758,3
0.0047759,3
0.004776,3
0.0047761,3
0.0047762,3
0.0047763,3
0.0047764,3
0.0047765,3
0.0047766,3
0.0047767,3
0.0047768,3
0.0047769,3
0.004777,3
0.0047771,3
0.0047772,3
0.0047773,3
0.0047774,3
0.0047775,3
0.0047776,3
0.0047777,3
0.0047778,3
0.0047779,3
0.004778,3
0.0047781,3
0.0047782,3
0.0047783,3
0.0047784,3
0.0047785,3
0.0047786,3
0.0047787,3
0.0047788,3
0.0047789,3
0.004779,3
0.0047791,3
0.0047792,3
0.0047793,3
0.0047794,3
0.0047795,3
0.0047796,3
0.0047797,3
0.0047798,3
0.0047799,3
0.00478,3
0.0047801,3
0.0047802,3
0.0047803,3
0.0047804,3
0.0047805,3
0.0047806,3
0.0047807,3
0.0047808,3
0.0047809,3
0.004781,3
0.0047811,3
0.0047812,3
0.0047813,3
0.0047814,3
0.0047815,3
0.0047816,3
0.0047817,3
0.0047818,3
0.0047819,3
0.004782,3
0.0047821,3
0.0047822,3
0.0047823,4
0.0047824,4
0.0047825,4
0.0047826,4
0.0047827,4
0.0047828,4
0.0047829,4
0.004783,4
0.0047831,4
0.0047832,4
0.0047833,4
0.0047834,4
0.0047835,4
0.0047836,4
0.0047837,4
0.0047838,4
0.0047839,4
0.004784,4
0.0047841,4
0.0047842,4
0.0047843,4
0.0047844,4
0.0047845,4
0.0047846,4
0.0047847,4
0.0047848,4
0.0047849,4
0.004785,4
0.0047851,4
0.0047852,4
0.0047853,4
0.0047854,4
0.0047855,4
0.0047856,4
0.0047857,4
0.0047858,4
0.0047859,4
0.004786,4
0.0047861,4
0.0047862,4
0.0047863,4
0.0047864,4
0.0047865,4
0.0047866,4
0.0047867,4
0.0047868,4
0.0047869,4
0.004787,4
0.0047871,4
0.0047872,4
0.0047873,4
0.0047874,4
0.0047875,4
0.0047876,4
0.0047877,4
0.0047878,4
0.0047879,4
0.004788,4
0.0047881,5
0.0047882,5
0.0047883,5
0.0047884,5
0.0047885,5
0.0047886,5
0.0047887,5
0.0047888,5
0.0047889,5
0.004789,5
0.0047891,5
0.0047892,5
0.0047893,5
0.0047894,5
0.0047895,5
0.0047896,5
0.0047897,5
0.0047898,5
0.0047899,5
0.00479,5
0.0047901,5
0.0047902,5
0.0047903,5
0.0047904,5
0.0047905,5
0.0047906,5
0.0047907,5
0.0047908,5
0.0047909,5
0.004791,5
0.0047911,5
0.0047912,5
0.0047913,5
0.0047914,5
0.0047915,5
0.0047916,5
0.0047917,5
0.0047918,5
0.0047919,5
0.004792,5
0.0047921,5
0.0047922,5
0.0047923,5
0.0047924,5
0.0047925,5
0.0047926,5
0.0047927,5
0.0047928,5
0.0047929,5
0.004793,6
0.0047931,6
0.0047932,6
0.0047933,6
0.0047934,6
0.0047935,6
0.0047936,6
0.0047937,6
0.0047938,6
0.0047939,6
0.004794,6
0.0047941,6
0.0047942,6
0.0047943,6
0.0047944,6
0.0047945,6
0.0047946,6
0.0047947,6
0.0047948,6
0.0047949,6
0.004795,6
0.0047951,6
0.0047952,6
0.0047953,6
0.0047954,6
0.0047955,6
0.0047956,6
0.0047957,6
0.0047958,6
0.0047959,6
0.004796,6
0.0047961,6
0.0047962,6
0.0047963,6
0.0047964,6
0.0047965,6
0.0047966,6
0.0047967,6
0.0047968,6
0.0047969,6
0.004797,6
0.0047971,6
0.0047972,6
0.0047973,6
0.0047974,6
0.0047975,6
0.0047976,6
0.0047977,6
0.0047978,6
0.0047979,7
0.004798,7
0.0047981,7
0.0047982,7
0.0047983,7
0.0047984,7
0.0047985,7
0.0047986,7
0.0047987,7
0.0047988,7
0.0047989,7
0.004799,7
0.0047991,7
0.0047992,7
0.0047993,7
0.0047994,7
0.0047995,7
0.0047996,7
0.0047997,7
0.0047998,7
0.0047999,7
0.0048,7
0.0048001,7
0.0048002,7
0.0048003,7
0.0048004,7
0.0048005,7
0.0048006,7
0.0048007,7
0.0048008,7
0.0048009,7
0.004801,7
0.0048011,7
0.0048012,7
0.0048013,7
0.0048014,7
0.0048015,7
0.0048016,7
0.0048017,7
0.0048018,8
0.0048019,8
0.004802,8
0.0048021,8
0.0048022,8
0.0048023,8
0.0048024,8
0.0048025,8
0.0048026,8
0.0048027,8
0.0048028,8
0.0048029,8
0.004803,8
0.0048031,8
0.0048032,8
0.0048033,8
0.0048034,8
0.0048035,8
0.0048036,8
0.0048037,8
0.0048038,8
0.0048039,8
0.004804,8
0.0048041,8
0.0048042,8
0.0048043,8
0.0048044,8
0.0048045,8
0.0048046,8
0.0048047,8
0.0048048,8
0.0048049,8
0.004805,8
0.0048051,8
0.0048052,8
0.0048053,8
0.0048054,8
0.0048055,8
0.0048056,8
0.0048057,9
0.0048058,9
0.0048059,9
0.004806,9
0.0048061,9
0.0048062,9
0.0048063,9
0.0048064,9
0.0048065,9
0.0048066,9
0.0048067,9
0.0048068,9
0.0048069,9
0.004807,9
0.0048071,9
0.0048072,9
0.0048073,9
0.0048074,9
0.0048075,9
0.0048076,9
0.0048077,9
0.0048078,9
0.0048079,9
0.004808,9
0.0048081,9
0.0048082,9
0.0048083,9
0.0048084,9
0.0048085,9
0.0048086,9
0.0048087,10
0.0048088,10
0.0048089,10
0.004809,10
0.0048091,10
0.0048092,10
0.0048093,10
0.0048094,10
0.0048095,10
0.0048096,10
0.0048097,10
0.0048098,10
0.0048099,10
0.00481,10
0.0048101,10
0.0048102,10
0.0048103,10
0.0048104,10
0.0048105,10
0.0048106,10
0.0048107,10
0.0048108,10
0.0048109,10
0.004811,10
0.0048111,10
0.0048112,10
0.0048113,10
0.0048114,10
0.0048115,10
0.0048116,10
0.0048117,10
0.0048118,10
0.0048119,10
0.004812,10
0.0048121,10
0.0048122,10
0.0048123,10
0.0048124,10
0.0048125,10
0.0048126,11
0.0048127,11
0.0048128,11
0.0048129,11
0.004813,11
0.0048131,11
0.0048132,11
0.0048133,11
0.0048134,11
0.0048135,11
0.0048136,11
0.0048137,11
0.0048138,11
0.0048139,11
0.004814,11
0.0048141,11
0.0048142,11
0.0048143,11
0.0048144,11
0.0048145,11
0.0048146,11
0.0048147,11
0.0048148,11
0.0048149,11
0.004815,11
0.0048151,11
0.0048152,11
0.0048153,11
0.0048154,11
0.0048155,12
0.0048156,12
0.0048157,12
0.0048158,12
0.0048159,12
0.004816,12
0.0048161,12
0.0048162,12
0.0048163,12
0.0048164,12
0.0048165,12
0.0048166,12
0.0048167,12
0.0048168,12
0.0048169,12
0.004817,12
0.0048171,12
0.0048172,12
0.0048173,12
0.0048174,12
0.0048175,12
0.0048176,12
0.0048177,12
0.0048178,12
0.0048179,12
0.004818,12
0.0048181,12
0.0048182,12
0.0048183,12
0.0048184,13
0.0048185,13
0.0048186,13
0.0048187,13
0.0048188,13
0.0048189,13
0.004819,13
0.0048191,13
0.0048192,13
0.0048193,13
0.0048194,13
0.0048195,13
0.0048196,13
0.0048197,13
0.0048198,13
0.0048199,13
0.00482,13
0.0048201,13
0.0048202,13
0.0048203,13
0.0048204,13
0.0048205,13
0.0048206,13
0.0048207,13
0.0048208,13
0.0048209,13
0.004821,13
0.0048211,13
0.0048212,13
0.0048213,14
0.0048214,14
0.0048215,14
0.0048216,14
0.0048217,14
0.0048218,14
0.0048219,14
0.004822,14
0.0048221,14
0.0048222,14
0.0048223,14
0.0048224,14
0.0048225,14
0.0048226,14
0.0048227,14
0.0048228,14
0.0048229,14
0.004823,14
0.0048231,14
0.0048232,14
0.0048233,14
0.0048234,14
0.0048235,14
0.0048236,14
0.0048237,14
0.0048238,14
0.0048239,14
0.004824,14
0.0048241,14
0.0048242,14
0.0048243,15
0.0048244,15
0.0048245,15
0.0048246,15
0.0048247,15
0.0048248,15
0.0048249,15
0.004825,15
0.0048251,15
0.0048252,15
0.0048253,15
0.0048254,15
0.0048255,15
0.0048256,15
0.0048257,15
0.0048258,15
0.0048259,15
0.004826,15
0.0048261,15
0.0048262,15
0.0048263,15
0.0048264,15
0.0048265,15
0.0048266,15
0.0048267,15
0.0048268,15
0.0048269,15
0.004827,15
0.0048271,15
0.0048272,16
0.0048273,16
0.0048274,16
0.0048275,16
0.0048276,16
0.0048277,16
0.0048278,16
0.0048279,16
0.004828,16
0.0048281,16
0.0048282,16
0.0048283,16
0.0048284,16
0.0048285,16
0.0048286,16
0.0048287,16
0.0048288,16
0.0048289,16
0.004829,16
0.0048291,16
0.0048292,16
0.0048293,16
0.0048294,16
0.0048295,16
0.0048296,16
0.0048297,16
0.0048298,16
0.0048299,16
0.00483,16
0.0048301,17
0.0048302,17
0.0048303,17
0.0048304,17
0.0048305,17
0.0048306,17
0.0048307,17
0.0048308,17
0.0048309,17
0.004831,17
0.0048311,17
0.0048312,17
0.0048313,17
0.0048314,17
0.0048315,17
0.0048316,17
0.0048317,17
0.0048318,17
0.0048319,17
0.004832,17
0.0048321,17
0.0048322,17
0.0048323,17
0.0048324,17
0.0048325,17
0.0048326,17
0.0048327,17
0.0048328,17
0.0048329,17
0.004833,17
0.0048331,18
0.0048332,18
0.0048333,18
0.0048334,18
0.0048335,18
0.0048336,18
0.0048337,18
0.0048338,18
0.0048339,18
0.004834,18
0.0048341,18
0.0048342,18
0.0048343,18
0.0048344,18
0.0048345,18
0.0048346,18
0.0048347,18
0.0048348,18
0.0048349,18
0.004835,19
0.0048351,19
0.0048352,19
0.0048353,19
0.0048354,19
0.0048355,19
0.0048356,19
0.0048357,19
0.0048358,19
0.0048359,19
0.004836,19
0.0048361,19
0.0048362,19
0.0048363,19
0.0048364,19
0.0048365,19
0.0048366,19
0.0048367,19
0.0048368,19
0.0048369,19
0.004837,19
0.0048371,19
0.0048372,19
0.0048373,19
0.0048374,19
0.0048375,19
0.0048376,19
0.0048377,19
0.0048378,19
0.0048379,20
0.004838,20
0.0048381,20
0.0048382,20
0.0048383,20
0.0048384,20
0.0048385,20
0.0048386,20
0.0048387,20
0.0048388,20
0.0048389,20
0.004839,20
0.0048391,20
0.0048392,20
0.0048393,20
0.0048394,20
0.0048395,20
0.0048396,20
0.0048397,20
0.0048398,20
0.0048399,21
0.00484,21
0.0048401,21
0.0048402,21
0.0048403,21
0.0048404,21
0.0048405,21
0.0048406,21
0.0048407,21
0.0048408,21
0.0048409,21
0.004841,21
0.0048411,21
0.0048412,21
0.0048413,21
0.0048414,21
0.0048415,21
0.0048416,21
0.0048417,21
0.0048418,21
0.0048419,22
0.004842,22
0.0048421,22
0.0048422,22
0.0048423,22
0.0048424,22
0.0048425,22
0.0048426,22
0.0048427,22
0.0048428,22
0.0048429,22
0.004843,22
0.0048431,22
0.0048432,22
0.0048433,22
0.0048434,22
0.0048435,22
0.0048436,22
0.0048437,22
0.0048438,22
0.0048439,22
0.004844,22
0.0048441,22
0.0048442,22
0.0048443,22
0.0048444,22
0.0048445,22
0.0048446,22
0.0048447,22
0.0048448,23
0.0048449,23
0.004845,23
0.0048451,23
0.0048452,23
0.0048453,23
0.0048454,23
0.0048455,23
0.0048456,23
0.0048457,23
0.0048458,23
0.0048459,23
0.004846,23
0.0048461,23
0.0048462,23
0.0048463,23
0.0048464,23
0.0048465,23
0.0048466,23
0.0048467,24
0.0048468,24
0.0048469,24
0.004847,24
0.0048471,24
0.0048472,24
0.0048473,24
0.0048474,24
0.0048475,24
0.0048476,24
0.0048477,24
0.0048478,24
0.0048479,24
0.004848,24
0.0048481,24
0.0048482,24
0.0048483,24
0.0048484,24
0.0048485,24
0.0048486,24
0.0048487,25
0.0048488,25
0.0048489,25
0.004849,25
0.0048491,25
0.0048492,25
0.0048493,25
0.0048494,25
0.0048495,25
0.0048496,25
0.0048497,25
0.0048498,25
0.0048499,25
0.00485,25
0.0048501,25
0.0048502,25
0.0048503,25
0.0048504,25
0.0048505,25
0.0048506,26
0.0048507,26
0.0048508,26
0.0048509,26
0.004851,26
0.0048511,26
0.0048512,26
0.0048513,26
0.0048514,26
0.0048515,26
0.0048516,26
0.0048517,26
0.0048518,26
0.0048519,26
0.004852,26
0.0048521,26
0.0048522,26
0.0048523,26
0.0048524,26
0.0048525,26
0.0048526,26
0.0048527,26
0.0048528,26
0.0048529,26
0.004853,26
0.0048531,26
0.0048532,26
0.0048533,26
0.0048534,26
0.0048535,26
0.0048536,27
0.0048537,27
0.0048538,27
0.0048539,27
0.004854,27
0.0048541,27
0.0048542,27
0.0048543,27
0.0048544,27
0.0048545,27
0.0048546,27
0.0048547,27
0.0048548,27
0.0048549,27
0.004855,27
0.0048551,27
0.0048552,27
0.0048553,27
0.0048554,27
0.0048555,28
0.0048556,28
0.0048557,28
0.0048558,28
0.0048559,28
0.004856,28
0.0048561,28
0.0048562,28
0.0048563,28
0.0048564,28
0.0048565,28
0.0048566,28
0.0048567,28
0.0048568,28
0.0048569,28
0.004857,28
0.0048571,28
0.0048572,28
0.0048573,28
0.0048574,28
0.0048575,29
0.0048576,29
0.0048577,29
0.0048578,29
0.0048579,29
0.004858,29
0.0048581,29
0.0048582,29
0.0048583,29
0.0048584,29
0.0048585,29
0.0048586,29
0.0048587,29
0.0048588,29
0.0048589,29
0.004859,29
0.0048591,29
0.0048592,29
0.0048593,29
0.0048594,30
0.0048595,30
0.0048596,30
0.0048597,30
0.0048598,30
0.0048599,30
0.00486,30
0.0048601,30
0.0048602,30
0.0048603,30
0.0048604,30
0.0048605,30
0.0048606,30
0.0048607,30
0.0048608,30
0.0048609,30
0.004861,30
0.0048611,30
0.0048612,30
0.0048613,30
0.0048614,31
0.0048615,31
0.0048616,31
0.0048617,31
0.0048618,31
0.0048619,31
0.004862,31
0.0048621,31
0.0048622,31
0.0048623,31
0.0048624,31
0.0048625,31
0.0048626,31
0.0048627,31
0.0048628,31
0.0048629,31
0.004863,31
0.0048631,31
0.0048632,31
0.0048633,32
0.0048634,32
0.0048635,32
0.0048636,32
0.0048637,32
0.0048638,32
0.0048639,32
0.004864,32
0.0048641,32
0.0048642,32
0.0048643,32
0.0048644,32
0.0048645,32
0.0048646,32
0.0048647,32
0.0048648,32
0.0048649,32
0.004865,32
0.0048651,32
0.0048652,32
0.0048653,33
0.0048654,33
0.0048655,33
0.0048656,33
0.0048657,33
0.0048658,33
0.0048659,33
0.004866,33
0.0048661,33
0.0048662,33
0.0048663,33
0.0048664,33
0.0048665,33
0.0048666,33
0.0048667,33
0.0048668,33
0.0048669,33
0.004867,33
0.0048671,33
0.0048672,34
0.0048673,34
0.0048674,34
0.0048675,34
0.0048676,34
0.0048677,34
0.0048678,34
0.0048679,34
0.004868,34
0.0048681,34
0.0048682,34
0.0048683,34
0.0048684,34
0.0048685,34
0.0048686,34
0.0048687,34
0.0048688,34
0.0048689,34
0.004869,34
0.0048691,34
0.0048692,35
0.0048693,35
0.0048694,35
0.0048695,35
0.0048696,35
0.0048697,35
0.0048698,35
0.0048699,35
0.00487,35
0.0048701,35
0.0048702,35
0.0048703,35
0.0048704,35
0.0048705,35
0.0048706,35
0.0048707,35
0.0048708,35
0.0048709,35
0.004871,35
0.0048711,35
0.0048712,36
0.0048713,36
0.0048714,36
0.0048715,36
0.0048716,36
0.0048717,36
0.0048718,36
0.0048719,36
0.004872,36
0.0048721,37
0.0048722,37
0.0048723,37
0.0048724,37
0.0048725,37
0.0048726,37
0.0048727,37
0.0048728,37
0.0048729,37
0.004873,37
0.0048731,37
0.0048732,37
0.0048733,37
0.0048734,37
0.0048735,37
0.0048736,37
0.0048737,37
0.0048738,37
0.0048739,37
0.004874,37
0.0048741,38
0.0048742,38
0.0048743,38
0.0048744,38
0.0048745,38
0.0048746,38
0.0048747,38
0.0048748,38
0.0048749,38
0.004875,38
0.0048751,38
0.0048752,38
0.0048753,38
0.0048754,38
0.0048755,38
0.0048756,38
0.0048757,38
0.0048758,38
0.0048759,38
0.004876,39
0.0048761,39
0.0048762,39
0.0048763,39
0.0048764,39
0.0048765,39
0.0048766,39
0.0048767,39
0.0048768,39
0.0048769,39
0.004877,39
0.0048771,39
0.0048772,39
0.0048773,39
0.0048774,39
0.0048775,39
0.0048776,39
0.0048777,39
0.0048778,39
0.0048779,39
0.004878,40
0.0048781,40
0.0048782,40
0.0048783,40
0.0048784,40
0.0048785,40
0.0048786,40
0.0048787,40
0.0048788,40
0.0048789,40
0.004879,40
0.0048791,40
0.0048792,40
0.0048793,40
0.0048794,40
0.0048795,40
0.0048796,40
0.0048797,40
0.0048798,40
0.0048799,41
0.00488,41
0.0048801,41
0.0048802,41
0.0048803,41
0.0048804,41
0.0048805,41
0.0048806,41
0.0048807,41
0.0048808,41
0.0048809,42
0.004881,42
0.0048811,42
0.0048812,42
0.0048813,42
0.0048814,42
0.0048815,42
0.0048816,42
0.0048817,42
0.0048818,42
0.0048819,42
0.004882,42
0.0048821,42
0.0048822,42
0.0048823,42
0.0048824,42
0.0048825,42
0.0048826,42
0.0048827,42
0.0048828,42
0.0048829,43
0.004883,43
0.0048831,43
0.0048832,43
0.0048833,43
0.0048834,43
0.0048835,43
0.0048836,43
0.0048837,43
0.0048838,43
0.0048839,43
0.004884,43
0.0048841,43
0.0048842,43
0.0048843,43
0.0048844,43
0.0048845,43
0.0048846,43
0.0048847,43
0.0048848,44
0.0048849,44
0.004885,44
0.0048851,44
0.0048852,44
0.0048853,44
0.0048854,44
0.0048855,44
0.0048856,44
0.0048857,44
0.0048858,44
0.0048859,44
0.004886,44
0.0048861,44
0.0048862,44
0.0048863,44
0.0048864,44
0.0048865,44
0.0048866,44
0.0048867,44
0.0048868,45
0.0048869,45
0.004887,45
0.0048871,45
0.0048872,45
0.0048873,45
0.0048874,45
0.0048875,45
0.0048876,45
0.0048877,45
0.0048878,46
0.0048879,46
0.004888,46
0.0048881,46
0.0048882,46
0.0048883,46
0.0048884,46
0.0048885,46
0.0048886,46
0.0048887,46
0.0048888,46
0.0048889,46
0.004889,46
0.0048891,46
0.0048892,46
0.0048893,46
0.0048894,46
0.0048895,46
0.0048896,46
0.0048897,47
0.0048898,47
0.0048899,47
0.00489,47
0.0048901,47
0.0048902,47
0.0048903,47
0.0048904,47
0.0048905,47
0.0048906,47
0.0048907,47
0.0048908,47
0.0048909,47
0.004891,47
0.0048911,47
0.0048912,47
0.0048913,47
0.0048914,47
0.0048915,47
0.0048916,47
0.0048917,48
0.0048918,48
0.0048919,48
0.004892,48
0.0048921,48
0.0048922,48
0.0048923,48
0.0048924,48
0.0048925,48
0.0048926,49
0.0048927,49
0.0048928,49
0.0048929,49
0.004893,49
0.0048931,49
0.0048932,49
0.0048933,49
0.0048934,49
0.0048935,49
0.0048936,49
0.0048937,49
0.0048938,49
0.0048939,49
0.004894,49
0.0048941,49
0.0048942,49
0.0048943,49
0.0048944,49
0.0048945,49
0.0048946,50
0.0048947,50
0.0048948,50
0.0048949,50
0.004895,50
0.0048951,50
0.0048952,50
0.0048953,50
0.0048954,50
0.0048955,50
0.0048956,50
0.0048957,50
0.0048958,50
0.0048959,50
0.004896,50
0.0048961,50
0.0048962,50
0.0048963,50
0.0048964,50
0.0048965,51
0.0048966,51
0.0048967,51
0.0048968,51
0.0048969,51
0.004897,51
0.0048971,51
0.0048972,51
0.0048973,51
0.0048974,51
0.0048975,52
0.0048976,52
0.0048977,52
0.0048978,52
0.0048979,52
0.004898,52
0.0048981,52
0.0048982,52
0.0048983,52
0.0048984,52
0.0048985,52
0.0048986,52
0.0048987,52
0.0048988,52
0.0048989,52
0.004899,52
0.0048991,52
0.0048992,52
0.0048993,52
0.0048994,52
0.0048995,53
0.0048996,53
0.0048997,53
0.0048998,53
0.0048999,53
0.0049,53
0.0049001,53
0.0049002,53
0.0049003,53
0.0049004,54
0.0049005,54
0.0049006,54
0.0049007,54
0.0049008,54
0.0049009,54
0.004901,54
0.0049011,54
0.0049012,54
0.0049013,54
0.0049014,54
0.0049015,54
0.0049016,54
0.0049017,54
0.0049018,54
0.0049019,54
0.004902,54
0.0049021,54
0.0049022,54
0.0049023,54
0.0049024,55
0.0049025,55
0.0049026,55
0.0049027,55
0.0049028,55
0.0049029,55
0.004903,55
0.0049031,55
0.0049032,55
0.0049033,55
0.0049034,56
0.0049035,56
0.0049036,56
0.0049037,56
0.0049038,56
0.0049039,56
0.004904,56
0.0049041,56
0.0049042,56
0.0049043,56
0.0049044,56
0.0049045,56
0.0049046,56
0.0049047,56
0.0049048,56
0.0049049,56
0.004905,56
0.0049051,56
0.0049052,56
0.0049053,57
0.0049054,57
0.0049055,57
0.0049056,57
0.0049057,57
0.0049058,57
0.0049059,57
0.004906,57
0.0049061,57
0.0049062,57
0.0049063,57
0.0049064,57
0.0049065,57
0.0049066,57
0.0049067,57
0.0049068,57
0.0049069,57
0.004907,57
0.0049071,57
0.0049072,57
0.0049073,58
0.0049074,58
0.0049075,58
0.0049076,58
0.0049077,58
0.0049078,58
0.0049079,58
0.004908,58
0.0049081,58
0.0049082,58
0.0049083,59
0.0049084,59
0.0049085,59
0.0049086,59
0.0049087,59
0.0049088,59
0.0049089,59
0.004909,59
0.0049091,59
0.0049092,59
0.0049093,59
0.0049094,59
0.0049095,59
0.0049096,59
0.0049097,59
0.0049098,59
0.0049099,59
0.00491,59
0.0049101,59
0.0049102,60
0.0049103,60
0.0049104,60
0.0049105,60
0.0049106,60
0.0049107,60
0.0049108,60
0.0049109,60
0.004911,60
0.0049111,60
0.0049112,61
0.0049113,61
0.0049114,61
0.0049115,61
0.0049116,61
0.0049117,61
0.0049118,61
0.0049119,61
0.004912,61
0.0049121,61
0.0049122,61
0.0049123,61
0.0049124,61
0.0049125,61
0.0049126,61
0.0049127,61
0.0049128,61
0.0049129,61
0.004913,61
0.0049131,62
0.0049132,62
0.0049133,62
0.0049134,62
0.0049135,62
0.0049136,62
0.0049137,62
0.0049138,62
0.0049139,62
0.004914,62
0.0049141,63
0.0049142,63
0.0049143,63
0.0049144,63
0.0049145,63
0.0049146,63
0.0049147,63
0.0049148,63
0.0049149,63
0.004915,63
0.0049151,63
0.0049152,63
0.0049153,63
0.0049154,63
0.0049155,63
0.0049156,63
0.0049157,63
0.0049158,63
0.0049159,63
0.004916,63
0.0049161,64
0.0049162,64
0.0049163,64
0.0049164,64
0.0049165,64
0.0049166,64
0.0049167,64
0.0049168,64
0.0049169,64
0.004917,64
0.0049171,65
0.0049172,65
0.0049173,65
0.0049174,65
0.0049175,65
0.0049176,65
0.0049177,65
0.0049178,65
0.0049179,65
0.004918,65
0.0049181,65
0.0049182,65
0.0049183,65
0.0049184,65
0.0049185,65
0.0049186,65
0.0049187,65
0.0049188,65
0.0049189,65
0.004919,66
0.0049191,66
0.0049192,66
0.0049193,66
0.0049194,66
0.0049195,66
0.0049196,66
0.0049197,66
0.0049198,66
0.0049199,66
0.00492,67
0.0049201,67
0.0049202,67
0.0049203,67
0.0049204,67
0.0049205,67
0.0049206,67
0.0049207,67
0.0049208,67
0.0049209,67
0.004921,67
0.0049211,67
0.0049212,67
0.0049213,67
0.0049214,67
0.0049215,67
0.0049216,67
0.0049217,67
0.0049218,67
0.0049219,68
0.004922,68
0.0049221,68
0.0049222,68
0.0049223,68
0.0049224,68
0.0049225,68
0.0049226,68
0.0049227,68
0.0049228,68
0.0049229,69
0.004923,69
0.0049231,69
0.0049232,69
0.0049233,69
0.0049234,69
0.0049235,69
0.0049236,69
0.0049237,69
0.0049238,69
0.0049239,70
0.004924,70
0.0049241,70
0.0049242,70
0.0049243,70
0.0049244,70
0.0049245,70
0.0049246,70
0.0049247,70
0.0049248,70
0.0049249,70
0.004925,70
0.0049251,70
0.0049252,70
0.0049253,70
0.0049254,70
0.0049255,70
0.0049256,70
0.0049257,70
0.0049258,71
0.0049259,71
0.004926,71
0.0049261,71
0.0049262,71
0.0049263,71
0.0049264,71
0.0049265,71
0.0049266,71
0.0049267,71
0.0049268,72
0.0049269,72
0.004927,72
0.0049271,72
0.0049272,72
0.0049273,72
0.0049274,72
0.0049275,72
0.0049276,72
0.0049277,72
0.0049278,72
0.0049279,72
0.004928,72
0.0049281,72
0.0049282,72
0.0049283,72
0.0049284,72
0.0049285,72
0.0049286,72
0.0049287,72
0.0049288,73
0.0049289,73
0.004929,73
0.0049291,73
0.0049292,73
0.0049293,73
0.0049294,73
0.0049295,73
0.0049296,73
0.0049297,74
0.0049298,74
0.0049299,74
0.00493,74
0.0049301,74
0.0049302,74
0.0049303,74
0.0049304,74
0.0049305,74
0.0049306,74
0.0049307,74
0.0049308,74
0.0049309,74
0.004931,74
0.0049311,74
0.0049312,74
0.0049313,74
0.0049314,74
0.0049315,74
0.0049316,74
0.0049317,75
0.0049318,75
0.0049319,75
0.004932,75
0.0049321,75
0.0049322,75
0.0049323,75
0.0049324,75
0.0049325,75
0.0049326,75
0.0049327,76
0.0049328,76
0.0049329,76
0.004933,76
0.0049331,76
0.0049332,76
0.0049333,76
0.0049334,76
0.0049335,76
0.0049336,76
0.0049337,77
0.0049338,77
0.0049339,77
0.004934,77
0.0049341,77
0.0049342,77
0.0049343,77
0.0049344,77
0.0049345,77
0.0049346,77
0.0049347,77
0.0049348,77
0.0049349,77
0.004935,77
0.0049351,77
0.0049352,77
0.0049353,77
0.0049354,77
0.0049355,77
0.0049356,78
0.0049357,78
0.0049358,78
0.0049359,78
0.004936,78
0.0049361,78
0.0049362,78
0.0049363,78
0.0049364,78
0.0049365,78
0.0049366,79
0.0049367,79
0.0049368,79
0.0049369,79
0.004937,79
0.0049371,79
0.0049372,79
0.0049373,79
0.0049374,79
0.0049375,79
0.0049376,79
0.0049377,79
0.0049378,79
0.0049379,79
0.004938,79
0.0049381,79
0.0049382,79
0.0049383,79
0.0049384,79
0.0049385,80
0.0049386,80
0.0049387,80
0.0049388,80
0.0049389,80
0.004939,80
0.0049391,80
0.0049392,80
0.0049393,80
0.0049394,80
0.0049395,81
0.0049396,81
0.0049397,81
0.0049398,81
0.0049399,81
0.00494,81
0.0049401,81
0.0049402,81
0.0049403,81
0.0049404,81
0.0049405,82
0.0049406,82
0.0049407,82
0.0049408,82
0.0049409,82
0.004941,82
0.0049411,82
0.0049412,82
0.0049413,82
0.0049414,82
0.0049415,82
0.0049416,82
0.0049417,82
0.0049418,82
0.0049419,82
0.004942,82
0.0049421,82
0.0049422,82
0.0049423,82
0.0049424,83
0.0049425,83
0.0049426,83
0.0049427,83
0.0049428,83
0.0049429,83
0.004943,83
0.0049431,83
0.0049432,83
0.0049433,83
0.0049434,84
0.0049435,84
0.0049436,84
0.0049437,84
0.0049438,84
0.0049439,84
0.004944,84
0.0049441,84
0.0049442,84
0.0049443,84
0.0049444,84
0.0049445,84
0.0049446,84
0.0049447,84
0.0049448,84
0.0049449,84
0.004945,84
0.0049451,84
0.0049452,84
0.0049453,84
0.0049454,85
0.0049455,85
0.0049456,85
0.0049457,85
0.0049458,85
0.0049459,85
0.004946,85
0.0049461,85
0.0049462,85
0.0049463,86
0.0049464,86
0.0049465,86
0.0049466,86
0.0049467,86
0.0049468,86
0.0049469,86
0.004947,86
0.0049471,86
0.0049472,86
0.0049473,87
0.0049474,87
0.0049475,87
0.0049476,87
0.0049477,87
0.0049478,87
0.0049479,87
0.004948,87
0.0049481,87
0.0049482,87
0.0049483,87
0.0049484,87
0.0049485,87
0.0049486,87
0.0049487,87
0.0049488,87
0.0049489,87
0.004949,87
0.0049491,87
0.0049492,87
0.0049493,88
0.0049494,88
0.0049495,88
0.0049496,88
0.0049497,88
0.0049498,88
0.0049499,88
0.00495,88
0.0049501,88
0.0049502,88
0.0049503,89
0.0049504,89
0.0049505,89
0.0049506,89
0.0049507,89
0.0049508,89
0.0049509,89
0.004951,89
0.0049511,89
0.0049512,90
0.0049513,90
0.0049514,90
0.0049515,90
0.0049516,90
0.0049517,90
0.0049518,90
0.0049519,90
0.004952,90
0.0049521,90
0.0049522,90
0.0049523,90
0.0049524,90
0.0049525,90
0.0049526,90
0.0049527,90
0.0049528,90
0.0049529,90
0.004953,90
0.0049531,90
0.0049532,91
0.0049533,91
0.0049534,91
0.0049535,91
0.0049536,91
0.0049537,91
0.0049538,91
0.0049539,91
0.004954,91
0.0049541,91
0.0049542,92
0.0049543,92
0.0049544,92
0.0049545,92
0.0049546,92
0.0049547,92
0.0049548,92
0.0049549,92
0.004955,92
0.0049551,93
0.0049552,93
0.0049553,93
0.0049554,93
0.0049555,93
0.0049556,93
0.0049557,93
0.0049558,93
0.0049559,93
0.004956,93
0.0049561,93
0.0049562,93
0.0049563,93
0.0049564,93
0.0049565,93
0.0049566,93
0.0049567,93
0.0049568,93
0.0049569,93
0.004957,93
0.0049571,94
0.0049572,94
0.0049573,94
0.0049574,94
0.0049575,94
0.0049576,94
0.0049577,94
0.0049578,94
0.0049579,94
0.004958,94
0.0049581,95
0.0049582,95
0.0049583,95
0.0049584,95
0.0049585,95
0.0049586,95
0.0049587,95
0.0049588,95
0.0049589,95
0.004959,96
0.0049591,96
0.0049592,96
0.0049593,96
0.0049594,96
0.0049595,96
0.0049596,96
0.0049597,96
0.0049598,96
0.0049599,96
0.00496,96
0.0049601,96
0.0049602,96
0.0049603,96
0.0049604,96
0.0049605,96
0.0049606,96
0.0049607,96
0.0049608,96
0.0049609,96
0.004961,97
0.0049611,97
0.0049612,97
0.0049613,97
0.0049614,97
0.0049615,97
0.0049616,97
0.0049617,97
0.0049618,97
0.0049619,97
0.004962,98
0.0049621,98
0.0049622,98
0.0049623,98
0.0049624,98
0.0049625,98
0.0049626,98
0.0049627,98
0.0049628,98
0.0049629,99
0.004963,99
0.0049631,99
0.0049632,99
0.0049633,99
0.0049634,99
0.0049635,99
0.0049636,99
0.0049637,99
0.0049638,99
0.0049639,99
0.004964,99
0.0049641,99
0.0049642,99
0.0049643,99
0.0049644,99
0.0049645,99
0.0049646,99
0.0049647,99
0.0049648,99
0.0049649,100
0.004965,100
0.0049651,100
0.0049652,100
0.0049653,100
0.0049654,100
0.0049655,100
0.0049656,100
0.0049657,100
0.0049658,100
0.0049659,101
0.004966,101
0.0049661,101
0.0049662,101
0.0049663,101
0.0049664,101
0.0049665,101
0.0049666,101
0.0049667,101
0.0049668,101
0.0049669,102
0.004967,102
0.0049671,102
0.0049672,102
0.0049673,102
0.0049674,102
0.0049675,102
0.0049676,102
0.0049677,102
0.0049678,102
0.0049679,102
0.004968,102
0.0049681,102
0.0049682,102
0.0049683,102
0.0049684,102
0.0049685,102
0.0049686,102
0.0049687,102
0.0049688,103
0.0049689,103
0.004969,103
0.0049691,103
0.0049692,103
0.0049693,103
0.0049694,103
0.0049695,103
0.0049696,103
0.0049697,103
0.0049698,104
0.0049699,104
0.00497,104
0.0049701,104
0.0049702,104
0.0049703,104
0.0049704,104
0.0049705,104
0.0049706,104
0.0049707,104
0.0049708,105
0.0049709,105
0.004971,105
0.0049711,105
0.0049712,105
0.0049713,105
0.0049714,105
0.0049715,105
0.0049716,105
0.0049717,106
0.0049718,106
0.0049719,106
0.004972,106
0.0049721,106
0.0049722,106
0.0049723,106
0.0049724,106
0.0049725,106
0.0049726,106
0.0049727,106
0.0049728,106
0.0049729,106
0.004973,106
0.0049731,106
0.0049732,106
0.0049733,106
0.0049734,106
0.0049735,106
0.0049736,106
0.0049737,107
0.0049738,107
0.0049739,107
0.004974,107
0.0049741,107
0.0049742,107
0.0049743,107
0.0049744,107
0.0049745,107
0.0049746,107
0.0049747,108
0.0049748,108
0.0049749,108
0.004975,108
0.0049751,108
0.0049752,108
0.0049753,108
0.0049754,108
0.0049755,108
0.0049756,109
0.0049757,109
0.0049758,109
0.0049759,109
0.004976,109
0.0049761,109
0.0049762,109
0.0049763,109
0.0049764,109
0.0049765,109
0.0049766,109
0.0049767,109
0.0049768,109
0.0049769,109
0.004977,109
0.0049771,109
0.0049772,109
0.0049773,109
0.0049774,109
0.0049775,109
0.0049776,110
0.0049777,110
0.0049778,110
0.0049779,110
0.004978,110
0.0049781,110
0.0049782,110
0.0049783,110
0.0049784,110
0.0049785,110
0.0049786,111
0.0049787,111
0.0049788,111
0.0049789,111
0.004979,111
0.0049791,111
0.0049792,111
0.0049793,111
0.0049794,111
0.0049795,111
0.0049796,112
0.0049797,112
0.0049798,112
0.0049799,112
0.00498,112
0.0049801,112
0.0049802,112
0.0049803,112
0.0049804,112
0.0049805,112
0.0049806,112
0.0049807,112
0.0049808,112
0.0049809,112
0.004981,112
0.0049811,112
0.0049812,112
0.0049813,112
0.0049814,112
0.0049815,113
0.0049816,113
0.0049817,113
0.0049818,113
0.0049819,113
0.004982,113
0.0049821,113
0.0049822,113
0.0049823,113
0.0049824,113
0.0049825,114
0.0049826,114
0.0049827,114
0.0049828,114
0.0049829,114
0.004983,114
0.0049831,114
0.0049832,114
0.0049833,114
0.0049834,114
0.0049835,115
0.0049836,115
0.0049837,115
0.0049838,115
0.0049839,115
0.004984,115
0.0049841,115
0.0049842,115
0.0049843,115
0.0049844,116
0.0049845,116
0.0049846,116
0.0049847,116
0.0049848,116
0.0049849,116
0.004985,116
0.0049851,116
0.0049852,116
0.0049853,116
0.0049854,116
0.0049855,116
0.0049856,116
0.0049857,116
0.0049858,116
0.0049859,116
0.004986,116
0.0049861,116
0.0049862,116
0.0049863,116
0.0049864,117
0.0049865,117
0.0049866,117
0.0049867,117
0.0049868,117
0.0049869,117
0.004987,117
0.0049871,117
0.0049872,117
0.0049873,117
0.0049874,118
0.0049875,118
0.0049876,118
0.0049877,118
0.0049878,118
0.0049879,118
0.004988,118
0.0049881,118
0.0049882,118
0.0049883,119
0.0049884,119
0.0049885,119
0.0049886,119
0.0049887,119
0.0049888,119
0.0049889,119
0.004989,119
0.0049891,119
0.0049892,119
0.0049893,119
0.0049894,119
0.0049895,119
0.0049896,119
0.0049897,119
0.0049898,119
0.0049899,119
0.00499,119
0.0049901,119
0.0049902,119
0.0049903,120
0.0049904,120
0.0049905,120
0.0049906,120
0.0049907,120
0.0049908,120
0.0049909,120
0.004991,120
0.0049911,120
0.0049912,120
0.0049913,121
0.0049914,121
0.0049915,121
0.0049916,121
0.0049917,121
0.0049918,121
0.0049919,121
0.004992,121
0.0049921,121
0.0049922,122
0.0049923,122
0.0049924,122
0.0049925,122
0.0049926,122
0.0049927,122
0.0049928,122
0.0049929,122
0.004993,122
0.0049931,122
0.0049932,123
0.0049933,123
0.0049934,123
0.0049935,123
0.0049936,123
0.0049937,123
0.0049938,123
0.0049939,123
0.004994,123
0.0049941,123
0.0049942,123
0.0049943,123
0.0049944,123
0.0049945,123
0.0049946,123
0.0049947,123
0.0049948,123
0.0049949,123
0.004995,123
0.0049951,123
0.0049952,124
0.0049953,124
0.0049954,124
0.0049955,124
0.0049956,124
0.0049957,124
0.0049958,124
0.0049959,124
0.004996,124
0.0049961,124
0.0049962,125
0.0049963,125
0.0049964,125
0.0049965,125
0.0049966,125
0.0049967,125
0.0049968,125
0.0049969,125
0.004997,125
0.0049971,126
0.0049972,126
0.0049973,126
0.0049974,126
0.0049975,126
0.0049976,126
0.0049977,126
0.0049978,126
0.0049979,126
0.004998,126
0.0049981,126
0.0049982,126
0.0049983,126
0.0049984,126
0.0049985,126
0.0049986,126
0.0049987,126
0.0049988,126
0.0049989,126
0.004999,126
0.0049991,127
0.0049992,127
0.0049993,127
0.0049994,127
0.0049995,127
0.0049996,127
0.0049997,127
0.0049998,127
0.0049999,127
0.005,127
