0 1.65
1e-06 1.65
1.002e-06 1.662891
2e-06 1.662891
2.002e-06 1.675781
4e-06 1.675781
4.002e-06 1.688672
4.9e-06 1.688672
4.902e-06 1.701562
5.9e-06 1.701562
5.902e-06 1.714453
7.9e-06 1.714453
7.902e-06 1.727344
8.8e-06 1.727344
8.802e-06 1.740234
9.8e-06 1.740234
9.802e-06 1.753125
1.08e-05 1.753125
1.0802e-05 1.766016
1.27e-05 1.766016
1.2702e-05 1.778906
1.37e-05 1.778906
1.3702e-05 1.791797
1.47e-05 1.791797
1.4702e-05 1.804688
1.67e-05 1.804688
1.6702e-05 1.817578
1.76e-05 1.817578
1.7602e-05 1.830469
1.86e-05 1.830469
1.8602e-05 1.843359
1.96e-05 1.843359
1.9602e-05 1.85625
2.15e-05 1.85625
2.1502e-05 1.869141
2.25e-05 1.869141
2.2502e-05 1.882031
2.35e-05 1.882031
2.3502e-05 1.894922
2.54e-05 1.894922
2.5402e-05 1.907812
2.64e-05 1.907812
2.6402e-05 1.920703
2.74e-05 1.920703
2.7402e-05 1.933594
2.93e-05 1.933594
2.9302e-05 1.946484
3.03e-05 1.946484
3.0302e-05 1.959375
3.13e-05 1.959375
3.1302e-05 1.972266
3.23e-05 1.972266
3.2302e-05 1.985156
3.42e-05 1.985156
3.4202e-05 1.998047
3.52e-05 1.998047
3.5202e-05 2.010937
3.62e-05 2.010937
3.6202e-05 2.023828
3.81e-05 2.023828
3.8102e-05 2.036719
3.91e-05 2.036719
3.9102e-05 2.049609
4.01e-05 2.049609
4.0102e-05 2.0625
4.2e-05 2.0625
4.2002e-05 2.075391
4.3e-05 2.075391
4.3002e-05 2.088281
4.4e-05 2.088281
4.4002e-05 2.101172
4.59e-05 2.101172
4.5902e-05 2.114062
4.69e-05 2.114062
4.6902e-05 2.126953
4.79e-05 2.126953
4.7902e-05 2.139844
4.99e-05 2.139844
4.9902e-05 2.152734
5.08e-05 2.152734
5.0802e-05 2.165625
5.18e-05 2.165625
5.1802e-05 2.178516
5.38e-05 2.178516
5.3802e-05 2.191406
5.47e-05 2.191406
5.4702e-05 2.204297
5.57e-05 2.204297
5.5702e-05 2.217188
5.77e-05 2.217188
5.7702e-05 2.230078
5.86e-05 2.230078
5.8602e-05 2.242969
6.06e-05 2.242969
6.0602e-05 2.255859
6.16e-05 2.255859
6.1602e-05 2.26875
6.26e-05 2.26875
6.2602e-05 2.281641
6.45e-05 2.281641
6.4502e-05 2.294531
6.55e-05 2.294531
6.5502e-05 2.307422
6.74e-05 2.307422
6.7402e-05 2.320312
6.84e-05 2.320312
6.8402e-05 2.333203
6.94e-05 2.333203
6.9402e-05 2.346094
7.13e-05 2.346094
7.1302e-05 2.358984
7.23e-05 2.358984
7.2302e-05 2.371875
7.43e-05 2.371875
7.4302e-05 2.384766
7.52e-05 2.384766
7.5202e-05 2.397656
7.72e-05 2.397656
7.7202e-05 2.410547
7.82e-05 2.410547
7.8202e-05 2.423437
7.92e-05 2.423437
7.9202e-05 2.436328
8.11e-05 2.436328
8.1102e-05 2.449219
8.21e-05 2.449219
8.2102e-05 2.462109
8.4e-05 2.462109
8.4002e-05 2.475
8.5e-05 2.475
8.5002e-05 2.487891
8.7e-05 2.487891
8.7002e-05 2.500781
8.79e-05 2.500781
8.7902e-05 2.513672
8.99e-05 2.513672
8.9902e-05 2.526562
9.09e-05 2.526562
9.0902e-05 2.539453
9.28e-05 2.539453
9.2802e-05 2.552344
9.38e-05 2.552344
9.3802e-05 2.565234
9.58e-05 2.565234
9.5802e-05 2.578125
9.77e-05 2.578125
9.7702e-05 2.591016
9.87e-05 2.591016
9.8702e-05 2.603906
0.0001006 2.603906
0.000100602 2.616797
0.0001016 2.616797
0.000101602 2.629687
0.0001036 2.629687
0.000103602 2.642578
0.0001045 2.642578
0.000104502 2.655469
0.0001065 2.655469
0.000106502 2.668359
0.0001084 2.668359
0.000108402 2.68125
0.0001094 2.68125
0.000109402 2.694141
0.0001114 2.694141
0.000111402 2.707031
0.0001133 2.707031
0.000113302 2.719922
0.0001143 2.719922
0.000114302 2.732812
0.0001163 2.732812
0.000116302 2.745703
0.0001182 2.745703
0.000118202 2.758594
0.0001202 2.758594
0.000120202 2.771484
0.0001211 2.771484
0.000121102 2.784375
0.0001231 2.784375
0.000123102 2.797266
0.0001251 2.797266
0.000125102 2.810156
0.000127 2.810156
0.000127002 2.823047
0.000129 2.823047
0.000129002 2.835938
0.0001299 2.835938
0.000129902 2.848828
0.0001319 2.848828
0.000131902 2.861719
0.0001338 2.861719
0.000133802 2.874609
0.0001358 2.874609
0.000135802 2.8875
0.0001377 2.8875
0.000137702 2.900391
0.0001397 2.900391
0.000139702 2.913281
0.0001417 2.913281
0.000141702 2.926172
0.0001436 2.926172
0.000143602 2.939062
0.0001456 2.939062
0.000145602 2.951953
0.0001475 2.951953
0.000147502 2.964844
0.0001504 2.964844
0.000150402 2.977734
0.0001524 2.977734
0.000152402 2.990625
0.0001543 2.990625
0.000154302 3.003516
0.0001563 3.003516
0.000156302 3.016406
0.0001592 3.016406
0.000159202 3.029297
0.0001612 3.029297
0.000161202 3.042187
0.0001631 3.042187
0.000163102 3.055078
0.0001661 3.055078
0.000166102 3.067969
0.000168 3.067969
0.000168002 3.080859
0.0001709 3.080859
0.000170902 3.09375
0.0001739 3.09375
0.000173902 3.106641
0.0001768 3.106641
0.000176802 3.119531
0.0001797 3.119531
0.000179702 3.132422
0.0001827 3.132422
0.000182702 3.145312
0.0001856 3.145312
0.000185602 3.158203
0.0001885 3.158203
0.000188502 3.171094
0.0001924 3.171094
0.000192402 3.183984
0.0001954 3.183984
0.000195402 3.196875
0.0001993 3.196875
0.000199302 3.209766
0.0002032 3.209766
0.000203202 3.222656
0.0002081 3.222656
0.000208102 3.235547
0.0002129 3.235547
0.000212902 3.248437
0.0002188 3.248437
0.000218802 3.261328
0.0002256 3.261328
0.000225602 3.274219
0.0002364 3.274219
0.000236402 3.287109
0.0002647 3.287109
0.000264702 3.274219
0.0002754 3.274219
0.000275402 3.261328
0.0002823 3.261328
0.000282302 3.248437
0.0002881 3.248437
0.000288102 3.235547
0.000293 3.235547
0.000293002 3.222656
0.0002979 3.222656
0.000297902 3.209766
0.0003018 3.209766
0.000301802 3.196875
0.0003057 3.196875
0.000305702 3.183984
0.0003086 3.183984
0.000308602 3.171094
0.0003126 3.171094
0.000312602 3.158203
0.0003155 3.158203
0.000315502 3.145312
0.0003184 3.145312
0.000318402 3.132422
0.0003213 3.132422
0.000321302 3.119531
0.0003243 3.119531
0.000324302 3.106641
0.0003272 3.106641
0.000327202 3.09375
0.0003301 3.09375
0.000330102 3.080859
0.0003331 3.080859
0.000333102 3.067969
0.000335 3.067969
0.000335002 3.055078
0.0003379 3.055078
0.000337902 3.042187
0.0003399 3.042187
0.000339902 3.029297
0.0003418 3.029297
0.000341802 3.016406
0.0003448 3.016406
0.000344802 3.003516
0.0003467 3.003516
0.000346702 2.990625
0.0003487 2.990625
0.000348702 2.977734
0.0003506 2.977734
0.000350602 2.964844
0.0003536 2.964844
0.000353602 2.951953
0.0003555 2.951953
0.000355502 2.939062
0.0003575 2.939062
0.000357502 2.926172
0.0003594 2.926172
0.000359402 2.913281
0.0003614 2.913281
0.000361402 2.900391
0.0003633 2.900391
0.000363302 2.8875
0.0003653 2.8875
0.000365302 2.874609
0.0003672 2.874609
0.000367202 2.861719
0.0003692 2.861719
0.000369202 2.848828
0.0003711 2.848828
0.000371102 2.835938
0.0003721 2.835938
0.000372102 2.823047
0.0003741 2.823047
0.000374102 2.810156
0.000376 2.810156
0.000376002 2.797266
0.000378 2.797266
0.000378002 2.784375
0.0003799 2.784375
0.000379902 2.771484
0.0003809 2.771484
0.000380902 2.758594
0.0003829 2.758594
0.000382902 2.745703
0.0003848 2.745703
0.000384802 2.732812
0.0003868 2.732812
0.000386802 2.719922
0.0003877 2.719922
0.000387702 2.707031
0.0003897 2.707031
0.000389702 2.694141
0.0003917 2.694141
0.000391702 2.68125
0.0003926 2.68125
0.000392602 2.668359
0.0003946 2.668359
0.000394602 2.655469
0.0003965 2.655469
0.000396502 2.642578
0.0003975 2.642578
0.000397502 2.629687
0.0003995 2.629687
0.000399502 2.616797
0.0004004 2.616797
0.000400402 2.603906
0.0004024 2.603906
0.000402402 2.591016
0.0004034 2.591016
0.000403402 2.578125
0.0004053 2.578125
0.000405302 2.565234
0.0004073 2.565234
0.000407302 2.552344
0.0004083 2.552344
0.000408302 2.539453
0.0004102 2.539453
0.000410202 2.526562
0.0004112 2.526562
0.000411202 2.513672
0.0004131 2.513672
0.000413102 2.500781
0.0004141 2.500781
0.000414102 2.487891
0.0004161 2.487891
0.000416102 2.475
0.000417 2.475
0.000417002 2.462109
0.000419 2.462109
0.000419002 2.449219
0.00042 2.449219
0.000420002 2.436328
0.0004219 2.436328
0.000421902 2.423437
0.0004229 2.423437
0.000422902 2.410547
0.0004239 2.410547
0.000423902 2.397656
0.0004258 2.397656
0.000425802 2.384766
0.0004268 2.384766
0.000426802 2.371875
0.0004288 2.371875
0.000428802 2.358984
0.0004297 2.358984
0.000429702 2.346094
0.0004317 2.346094
0.000431702 2.333203
0.0004327 2.333203
0.000432702 2.320312
0.0004336 2.320312
0.000433602 2.307422
0.0004356 2.307422
0.000435602 2.294531
0.0004366 2.294531
0.000436602 2.281641
0.0004385 2.281641
0.000438502 2.26875
0.0004395 2.26875
0.000439502 2.255859
0.0004405 2.255859
0.000440502 2.242969
0.0004424 2.242969
0.000442402 2.230078
0.0004434 2.230078
0.000443402 2.217188
0.0004454 2.217188
0.000445402 2.204297
0.0004463 2.204297
0.000446302 2.191406
0.0004473 2.191406
0.000447302 2.178516
0.0004493 2.178516
0.000449302 2.165625
0.0004502 2.165625
0.000450202 2.152734
0.0004512 2.152734
0.000451202 2.139844
0.0004532 2.139844
0.000453202 2.126953
0.0004542 2.126953
0.000454202 2.114062
0.0004551 2.114062
0.000455102 2.101172
0.0004571 2.101172
0.000457102 2.088281
0.0004581 2.088281
0.000458102 2.075391
0.000459 2.075391
0.000459002 2.0625
0.000461 2.0625
0.000461002 2.049609
0.000462 2.049609
0.000462002 2.036719
0.0004629 2.036719
0.000462902 2.023828
0.0004649 2.023828
0.000464902 2.010937
0.0004659 2.010937
0.000465902 1.998047
0.0004668 1.998047
0.000466802 1.985156
0.0004688 1.985156
0.000468802 1.972266
0.0004698 1.972266
0.000469802 1.959375
0.0004708 1.959375
0.000470802 1.946484
0.0004717 1.946484
0.000471702 1.933594
0.0004737 1.933594
0.000473702 1.920703
0.0004747 1.920703
0.000474702 1.907812
0.0004756 1.907812
0.000475602 1.894922
0.0004776 1.894922
0.000477602 1.882031
0.0004786 1.882031
0.000478602 1.869141
0.0004795 1.869141
0.000479502 1.85625
0.0004815 1.85625
0.000481502 1.843359
0.0004825 1.843359
0.000482502 1.830469
0.0004834 1.830469
0.000483402 1.817578
0.0004844 1.817578
0.000484402 1.804688
0.0004864 1.804688
0.000486402 1.791797
0.0004874 1.791797
0.000487402 1.778906
0.0004883 1.778906
0.000488302 1.766016
0.0004903 1.766016
0.000490302 1.753125
0.0004913 1.753125
0.000491302 1.740234
0.0004922 1.740234
0.000492202 1.727344
0.0004932 1.727344
0.000493202 1.714453
0.0004952 1.714453
0.000495202 1.701562
0.0004961 1.701562
0.000496102 1.688672
0.0004971 1.688672
0.000497102 1.675781
0.0004991 1.675781
0.000499102 1.662891
0.0005001 1.662891
0.000500102 1.65
0.000501 1.65
0.000501002 1.637109
0.000502 1.637109
0.000502002 1.624219
0.000504 1.624219
0.000504002 1.611328
0.0005049 1.611328
0.000504902 1.598437
0.0005059 1.598437
0.000505902 1.585547
0.0005079 1.585547
0.000507902 1.572656
0.0005088 1.572656
0.000508802 1.559766
0.0005098 1.559766
0.000509802 1.546875
0.0005108 1.546875
0.000510802 1.533984
0.0005127 1.533984
0.000512702 1.521094
0.0005137 1.521094
0.000513702 1.508203
0.0005147 1.508203
0.000514702 1.495312
0.0005167 1.495312
0.000516702 1.482422
0.0005176 1.482422
0.000517602 1.469531
0.0005186 1.469531
0.000518602 1.456641
0.0005196 1.456641
0.000519602 1.44375
0.0005215 1.44375
0.000521502 1.430859
0.0005225 1.430859
0.000522502 1.417969
0.0005235 1.417969
0.000523502 1.405078
0.0005254 1.405078
0.000525402 1.392187
0.0005264 1.392187
0.000526402 1.379297
0.0005274 1.379297
0.000527402 1.366406
0.0005293 1.366406
0.000529302 1.353516
0.0005303 1.353516
0.000530302 1.340625
0.0005313 1.340625
0.000531302 1.327734
0.0005323 1.327734
0.000532302 1.314844
0.0005342 1.314844
0.000534202 1.301953
0.0005352 1.301953
0.000535202 1.289062
0.0005362 1.289062
0.000536202 1.276172
0.0005381 1.276172
0.000538102 1.263281
0.0005391 1.263281
0.000539102 1.250391
0.0005401 1.250391
0.000540102 1.2375
0.000542 1.2375
0.000542002 1.224609
0.000543 1.224609
0.000543002 1.211719
0.000544 1.211719
0.000544002 1.198828
0.0005459 1.198828
0.000545902 1.185937
0.0005469 1.185937
0.000546902 1.173047
0.0005479 1.173047
0.000547902 1.160156
0.0005499 1.160156
0.000549902 1.147266
0.0005508 1.147266
0.000550802 1.134375
0.0005518 1.134375
0.000551802 1.121484
0.0005538 1.121484
0.000553802 1.108594
0.0005547 1.108594
0.000554702 1.095703
0.0005557 1.095703
0.000555702 1.082812
0.0005577 1.082812
0.000557702 1.069922
0.0005586 1.069922
0.000558602 1.057031
0.0005606 1.057031
0.000560602 1.044141
0.0005616 1.044141
0.000561602 1.03125
0.0005626 1.03125
0.000562602 1.018359
0.0005645 1.018359
0.000564502 1.005469
0.0005655 1.005469
0.000565502 0.992578
0.0005674 0.992578
0.000567402 0.979687
0.0005684 0.979687
0.000568402 0.966797
0.0005694 0.966797
0.000569402 0.953906
0.0005713 0.953906
0.000571302 0.941016
0.0005723 0.941016
0.000572302 0.928125
0.0005743 0.928125
0.000574302 0.915234
0.0005752 0.915234
0.000575202 0.902344
0.0005772 0.902344
0.000577202 0.889453
0.0005782 0.889453
0.000578202 0.876562
0.0005792 0.876562
0.000579202 0.863672
0.0005811 0.863672
0.000581102 0.850781
0.0005821 0.850781
0.000582102 0.837891
0.000584 0.837891
0.000584002 0.825
0.000585 0.825
0.000585002 0.812109
0.000587 0.812109
0.000587002 0.799219
0.0005879 0.799219
0.000587902 0.786328
0.0005899 0.786328
0.000589902 0.773438
0.0005909 0.773438
0.000590902 0.760547
0.0005928 0.760547
0.000592802 0.747656
0.0005938 0.747656
0.000593802 0.734766
0.0005958 0.734766
0.000595802 0.721875
0.0005977 0.721875
0.000597702 0.708984
0.0005987 0.708984
0.000598702 0.696094
0.0006006 0.696094
0.000600602 0.683203
0.0006016 0.683203
0.000601602 0.670312
0.0006036 0.670312
0.000603602 0.657422
0.0006045 0.657422
0.000604502 0.644531
0.0006065 0.644531
0.000606502 0.631641
0.0006084 0.631641
0.000608402 0.61875
0.0006094 0.61875
0.000609402 0.605859
0.0006114 0.605859
0.000611402 0.592969
0.0006133 0.592969
0.000613302 0.580078
0.0006143 0.580078
0.000614302 0.567187
0.0006163 0.567187
0.000616302 0.554297
0.0006182 0.554297
0.000618202 0.541406
0.0006202 0.541406
0.000620202 0.528516
0.0006211 0.528516
0.000621102 0.515625
0.0006231 0.515625
0.000623102 0.502734
0.0006251 0.502734
0.000625102 0.489844
0.000627 0.489844
0.000627002 0.476953
0.000629 0.476953
0.000629002 0.464062
0.0006299 0.464062
0.000629902 0.451172
0.0006319 0.451172
0.000631902 0.438281
0.0006338 0.438281
0.000633802 0.425391
0.0006358 0.425391
0.000635802 0.4125
0.0006377 0.4125
0.000637702 0.399609
0.0006397 0.399609
0.000639702 0.386719
0.0006417 0.386719
0.000641702 0.373828
0.0006436 0.373828
0.000643602 0.360937
0.0006456 0.360937
0.000645602 0.348047
0.0006475 0.348047
0.000647502 0.335156
0.0006504 0.335156
0.000650402 0.322266
0.0006524 0.322266
0.000652402 0.309375
0.0006543 0.309375
0.000654302 0.296484
0.0006563 0.296484
0.000656302 0.283594
0.0006592 0.283594
0.000659202 0.270703
0.0006612 0.270703
0.000661202 0.257812
0.0006631 0.257812
0.000663102 0.244922
0.0006661 0.244922
0.000666102 0.232031
0.000668 0.232031
0.000668002 0.219141
0.0006709 0.219141
0.000670902 0.20625
0.0006739 0.20625
0.000673902 0.193359
0.0006768 0.193359
0.000676802 0.180469
0.0006797 0.180469
0.000679702 0.167578
0.0006827 0.167578
0.000682702 0.154687
0.0006856 0.154687
0.000685602 0.141797
0.0006885 0.141797
0.000688502 0.128906
0.0006924 0.128906
0.000692402 0.116016
0.0006954 0.116016
0.000695402 0.103125
0.0006993 0.103125
0.000699302 0.090234
0.0007032 0.090234
0.000703202 0.077344
0.0007081 0.077344
0.000708102 0.064453
0.0007129 0.064453
0.000712902 0.051562
0.0007188 0.051562
0.000718802 0.038672
0.0007256 0.038672
0.000725602 0.025781
0.0007364 0.025781
0.000736402 0.012891
0.0007647 0.012891
0.000764702 0.025781
0.0007754 0.025781
0.000775402 0.038672
0.0007823 0.038672
0.000782302 0.051562
0.0007881 0.051562
0.000788102 0.064453
0.000793 0.064453
0.000793002 0.077344
0.0007979 0.077344
0.000797902 0.090234
0.0008018 0.090234
0.000801802 0.103125
0.0008057 0.103125
0.000805702 0.116016
0.0008086 0.116016
0.000808602 0.128906
0.0008126 0.128906
0.000812602 0.141797
0.0008155 0.141797
0.000815502 0.154687
0.0008184 0.154687
0.000818402 0.167578
0.0008213 0.167578
0.000821302 0.180469
0.0008243 0.180469
0.000824302 0.193359
0.0008272 0.193359
0.000827202 0.20625
0.0008301 0.20625
0.000830102 0.219141
0.0008331 0.219141
0.000833102 0.232031
0.000835 0.232031
0.000835002 0.244922
0.0008379 0.244922
0.000837902 0.257812
0.0008399 0.257812
0.000839902 0.270703
0.0008418 0.270703
0.000841802 0.283594
0.0008448 0.283594
0.000844802 0.296484
0.0008467 0.296484
0.000846702 0.309375
0.0008487 0.309375
0.000848702 0.322266
0.0008506 0.322266
0.000850602 0.335156
0.0008536 0.335156
0.000853602 0.348047
0.0008555 0.348047
0.000855502 0.360937
0.0008575 0.360937
0.000857502 0.373828
0.0008594 0.373828
0.000859402 0.386719
0.0008614 0.386719
0.000861402 0.399609
0.0008633 0.399609
0.000863302 0.4125
0.0008653 0.4125
0.000865302 0.425391
0.0008672 0.425391
0.000867202 0.438281
0.0008692 0.438281
0.000869202 0.451172
0.0008711 0.451172
0.000871102 0.464062
0.0008721 0.464062
0.000872102 0.476953
0.0008741 0.476953
0.000874102 0.489844
0.000876 0.489844
0.000876002 0.502734
0.000878 0.502734
0.000878002 0.515625
0.0008799 0.515625
0.000879902 0.528516
0.0008809 0.528516
0.000880902 0.541406
0.0008829 0.541406
0.000882902 0.554297
0.0008848 0.554297
0.000884802 0.567187
0.0008868 0.567187
0.000886802 0.580078
0.0008877 0.580078
0.000887702 0.592969
0.0008897 0.592969
0.000889702 0.605859
0.0008917 0.605859
0.000891702 0.61875
0.0008926 0.61875
0.000892602 0.631641
0.0008946 0.631641
0.000894602 0.644531
0.0008965 0.644531
0.000896502 0.657422
0.0008975 0.657422
0.000897502 0.670312
0.0008995 0.670312
0.000899502 0.683203
0.0009004 0.683203
0.000900402 0.696094
0.0009024 0.696094
0.000902402 0.708984
0.0009034 0.708984
0.000903402 0.721875
0.0009053 0.721875
0.000905302 0.734766
0.0009073 0.734766
0.000907302 0.747656
0.0009083 0.747656
0.000908302 0.760547
0.0009102 0.760547
0.000910202 0.773438
0.0009112 0.773438
0.000911202 0.786328
0.0009131 0.786328
0.000913102 0.799219
0.0009141 0.799219
0.000914102 0.812109
0.0009161 0.812109
0.000916102 0.825
0.000917 0.825
0.000917002 0.837891
0.000919 0.837891
0.000919002 0.850781
0.00092 0.850781
0.000920002 0.863672
0.0009219 0.863672
0.000921902 0.876562
0.0009229 0.876562
0.000922902 0.889453
0.0009239 0.889453
0.000923902 0.902344
0.0009258 0.902344
0.000925802 0.915234
0.0009268 0.915234
0.000926802 0.928125
0.0009288 0.928125
0.000928802 0.941016
0.0009297 0.941016
0.000929702 0.953906
0.0009317 0.953906
0.000931702 0.966797
0.0009327 0.966797
0.000932702 0.979687
0.0009336 0.979687
0.000933602 0.992578
0.0009356 0.992578
0.000935602 1.005469
0.0009366 1.005469
0.000936602 1.018359
0.0009385 1.018359
0.000938502 1.03125
0.0009395 1.03125
0.000939502 1.044141
0.0009405 1.044141
0.000940502 1.057031
0.0009424 1.057031
0.000942402 1.069922
0.0009434 1.069922
0.000943402 1.082812
0.0009454 1.082812
0.000945402 1.095703
0.0009463 1.095703
0.000946302 1.108594
0.0009473 1.108594
0.000947302 1.121484
0.0009493 1.121484
0.000949302 1.134375
0.0009502 1.134375
0.000950202 1.147266
0.0009512 1.147266
0.000951202 1.160156
0.0009532 1.160156
0.000953202 1.173047
0.0009542 1.173047
0.000954202 1.185937
0.0009551 1.185937
0.000955102 1.198828
0.0009571 1.198828
0.000957102 1.211719
0.0009581 1.211719
0.000958102 1.224609
0.000959 1.224609
0.000959002 1.2375
0.000961 1.2375
0.000961002 1.250391
0.000962 1.250391
0.000962002 1.263281
0.0009629 1.263281
0.000962902 1.276172
0.0009649 1.276172
0.000964902 1.289062
0.0009659 1.289062
0.000965902 1.301953
0.0009668 1.301953
0.000966802 1.314844
0.0009688 1.314844
0.000968802 1.327734
0.0009698 1.327734
0.000969802 1.340625
0.0009708 1.340625
0.000970802 1.353516
0.0009717 1.353516
0.000971702 1.366406
0.0009737 1.366406
0.000973702 1.379297
0.0009747 1.379297
0.000974702 1.392187
0.0009756 1.392187
0.000975602 1.405078
0.0009776 1.405078
0.000977602 1.417969
0.0009786 1.417969
0.000978602 1.430859
0.0009795 1.430859
0.000979502 1.44375
0.0009815 1.44375
0.000981502 1.456641
0.0009825 1.456641
0.000982502 1.469531
0.0009835 1.469531
0.000983502 1.482422
0.0009844 1.482422
0.000984402 1.495312
0.0009864 1.495312
0.000986402 1.508203
0.0009874 1.508203
0.000987402 1.521094
0.0009883 1.521094
0.000988302 1.533984
0.0009903 1.533984
0.000990302 1.546875
0.0009913 1.546875
0.000991302 1.559766
0.0009922 1.559766
0.000992202 1.572656
0.0009932 1.572656
0.000993202 1.585547
0.0009952 1.585547
0.000995202 1.598437
0.0009961 1.598437
0.000996102 1.611328
0.0009971 1.611328
0.000997102 1.624219
0.0009991 1.624219
0.000999102 1.637109
0.0010001 1.637109
0.001000102 1.65
0.001001 1.65
0.001001002 1.662891
0.001002 1.662891
0.001002002 1.675781
0.001004 1.675781
0.001004002 1.688672
0.0010049 1.688672
0.001004902 1.701562
0.0010059 1.701562
0.001005902 1.714453
0.0010079 1.714453
0.001007902 1.727344
0.0010088 1.727344
0.001008802 1.740234
0.0010098 1.740234
0.001009802 1.753125
0.0010108 1.753125
0.001010802 1.766016
0.0010127 1.766016
0.001012702 1.778906
0.0010137 1.778906
0.001013702 1.791797
0.0010147 1.791797
0.001014702 1.804688
0.0010167 1.804688
0.001016702 1.817578
0.0010176 1.817578
0.001017602 1.830469
0.0010186 1.830469
0.001018602 1.843359
0.0010196 1.843359
0.001019602 1.85625
0.0010215 1.85625
0.001021502 1.869141
0.0010225 1.869141
0.001022502 1.882031
0.0010235 1.882031
0.001023502 1.894922
0.0010254 1.894922
0.001025402 1.907812
0.0010264 1.907812
0.001026402 1.920703
0.0010274 1.920703
0.001027402 1.933594
0.0010293 1.933594
0.001029302 1.946484
0.0010303 1.946484
0.001030302 1.959375
0.0010313 1.959375
0.001031302 1.972266
0.0010323 1.972266
0.001032302 1.985156
0.0010342 1.985156
0.001034202 1.998047
0.0010352 1.998047
0.001035202 2.010937
0.0010362 2.010937
0.001036202 2.023828
0.0010381 2.023828
0.001038102 2.036719
0.0010391 2.036719
0.001039102 2.049609
0.0010401 2.049609
0.001040102 2.0625
0.001042 2.0625
0.001042002 2.075391
0.001043 2.075391
0.001043002 2.088281
0.001044 2.088281
0.001044002 2.101172
0.001046 2.101172
0.001046002 2.114062
0.0010469 2.114062
0.001046902 2.126953
0.0010479 2.126953
0.001047902 2.139844
0.0010499 2.139844
0.001049902 2.152734
0.0010508 2.152734
0.001050802 2.165625
0.0010518 2.165625
0.001051802 2.178516
0.0010538 2.178516
0.001053802 2.191406
0.0010547 2.191406
0.001054702 2.204297
0.0010557 2.204297
0.001055702 2.217188
0.0010577 2.217188
0.001057702 2.230078
0.0010586 2.230078
0.001058602 2.242969
0.0010606 2.242969
0.001060602 2.255859
0.0010616 2.255859
0.001061602 2.26875
0.0010626 2.26875
0.001062602 2.281641
0.0010645 2.281641
0.001064502 2.294531
0.0010655 2.294531
0.001065502 2.307422
0.0010674 2.307422
0.001067402 2.320312
0.0010684 2.320312
0.001068402 2.333203
0.0010694 2.333203
0.001069402 2.346094
0.0010713 2.346094
0.001071302 2.358984
0.0010723 2.358984
0.001072302 2.371875
0.0010743 2.371875
0.001074302 2.384766
0.0010752 2.384766
0.001075202 2.397656
0.0010772 2.397656
0.001077202 2.410547
0.0010782 2.410547
0.001078202 2.423437
0.0010792 2.423437
0.001079202 2.436328
0.0010811 2.436328
0.001081102 2.449219
0.0010821 2.449219
0.001082102 2.462109
0.001084 2.462109
0.001084002 2.475
0.001085 2.475
0.001085002 2.487891
0.001087 2.487891
0.001087002 2.500781
0.0010879 2.500781
0.001087902 2.513672
0.0010899 2.513672
0.001089902 2.526562
0.0010909 2.526562
0.001090902 2.539453
0.0010928 2.539453
0.001092802 2.552344
0.0010938 2.552344
0.001093802 2.565234
0.0010958 2.565234
0.001095802 2.578125
0.0010977 2.578125
0.001097702 2.591016
0.0010987 2.591016
0.001098702 2.603906
0.0011006 2.603906
0.001100602 2.616797
0.0011016 2.616797
0.001101602 2.629687
0.0011036 2.629687
0.001103602 2.642578
0.0011045 2.642578
0.001104502 2.655469
0.0011065 2.655469
0.001106502 2.668359
0.0011085 2.668359
0.001108502 2.68125
0.0011094 2.68125
0.001109402 2.694141
0.0011114 2.694141
0.001111402 2.707031
0.0011133 2.707031
0.001113302 2.719922
0.0011143 2.719922
0.001114302 2.732812
0.0011163 2.732812
0.001116302 2.745703
0.0011182 2.745703
0.001118202 2.758594
0.0011202 2.758594
0.001120202 2.771484
0.0011211 2.771484
0.001121102 2.784375
0.0011231 2.784375
0.001123102 2.797266
0.0011251 2.797266
0.001125102 2.810156
0.001127 2.810156
0.001127002 2.823047
0.001129 2.823047
0.001129002 2.835938
0.0011299 2.835938
0.001129902 2.848828
0.0011319 2.848828
0.001131902 2.861719
0.0011338 2.861719
0.001133802 2.874609
0.0011358 2.874609
0.001135802 2.8875
0.0011377 2.8875
0.001137702 2.900391
0.0011397 2.900391
0.001139702 2.913281
0.0011417 2.913281
0.001141702 2.926172
0.0011436 2.926172
0.001143602 2.939062
0.0011456 2.939062
0.001145602 2.951953
0.0011475 2.951953
0.001147502 2.964844
0.0011504 2.964844
0.001150402 2.977734
0.0011524 2.977734
0.001152402 2.990625
0.0011543 2.990625
0.001154302 3.003516
0.0011563 3.003516
0.001156302 3.016406
0.0011592 3.016406
0.001159202 3.029297
0.0011612 3.029297
0.001161202 3.042187
0.0011631 3.042187
0.001163102 3.055078
0.0011661 3.055078
0.001166102 3.067969
0.001168 3.067969
0.001168002 3.080859
0.001171 3.080859
0.001171002 3.09375
0.0011739 3.09375
0.001173902 3.106641
0.0011768 3.106641
0.001176802 3.119531
0.0011797 3.119531
0.001179702 3.132422
0.0011827 3.132422
0.001182702 3.145312
0.0011856 3.145312
0.001185602 3.158203
0.0011885 3.158203
0.001188502 3.171094
0.0011924 3.171094
0.001192402 3.183984
0.0011954 3.183984
0.001195402 3.196875
0.0011993 3.196875
0.001199302 3.209766
0.0012032 3.209766
0.001203202 3.222656
0.0012081 3.222656
0.001208102 3.235547
0.0012129 3.235547
0.001212902 3.248437
0.0012188 3.248437
0.001218802 3.261328
0.0012256 3.261328
0.001225602 3.274219
0.0012364 3.274219
0.001236402 3.287109
0.0012647 3.287109
0.001264702 3.274219
0.0012754 3.274219
0.001275402 3.261328
0.0012823 3.261328
0.001282302 3.248437
0.0012881 3.248437
0.001288102 3.235547
0.001293 3.235547
0.001293002 3.222656
0.0012979 3.222656
0.001297902 3.209766
0.0013018 3.209766
0.001301802 3.196875
0.0013057 3.196875
0.001305702 3.183984
0.0013086 3.183984
0.001308602 3.171094
0.0013126 3.171094
0.001312602 3.158203
0.0013155 3.158203
0.001315502 3.145312
0.0013184 3.145312
0.001318402 3.132422
0.0013213 3.132422
0.001321302 3.119531
0.0013243 3.119531
0.001324302 3.106641
0.0013272 3.106641
0.001327202 3.09375
0.0013301 3.09375
0.001330102 3.080859
0.0013331 3.080859
0.001333102 3.067969
0.001335 3.067969
0.001335002 3.055078
0.0013379 3.055078
0.001337902 3.042187
0.0013399 3.042187
0.001339902 3.029297
0.0013418 3.029297
0.001341802 3.016406
0.0013448 3.016406
0.001344802 3.003516
0.0013467 3.003516
0.001346702 2.990625
0.0013487 2.990625
0.001348702 2.977734
0.0013506 2.977734
0.001350602 2.964844
0.0013536 2.964844
0.001353602 2.951953
0.0013555 2.951953
0.001355502 2.939062
0.0013575 2.939062
0.001357502 2.926172
0.0013594 2.926172
0.001359402 2.913281
0.0013614 2.913281
0.001361402 2.900391
0.0013633 2.900391
0.001363302 2.8875
0.0013653 2.8875
0.001365302 2.874609
0.0013672 2.874609
0.001367202 2.861719
0.0013692 2.861719
0.001369202 2.848828
0.0013711 2.848828
0.001371102 2.835938
0.0013721 2.835938
0.001372102 2.823047
0.0013741 2.823047
0.001374102 2.810156
0.001376 2.810156
0.001376002 2.797266
0.001378 2.797266
0.001378002 2.784375
0.0013799 2.784375
0.001379902 2.771484
0.0013809 2.771484
0.001380902 2.758594
0.0013829 2.758594
0.001382902 2.745703
0.0013848 2.745703
0.001384802 2.732812
0.0013868 2.732812
0.001386802 2.719922
0.0013877 2.719922
0.001387702 2.707031
0.0013897 2.707031
0.001389702 2.694141
0.0013917 2.694141
0.001391702 2.68125
0.0013926 2.68125
0.001392602 2.668359
0.0013946 2.668359
0.001394602 2.655469
0.0013965 2.655469
0.001396502 2.642578
0.0013975 2.642578
0.001397502 2.629687
0.0013995 2.629687
0.001399502 2.616797
0.0014004 2.616797
0.001400402 2.603906
0.0014024 2.603906
0.001402402 2.591016
0.0014034 2.591016
0.001403402 2.578125
0.0014053 2.578125
0.001405302 2.565234
0.0014073 2.565234
0.001407302 2.552344
0.0014083 2.552344
0.001408302 2.539453
0.0014102 2.539453
0.001410202 2.526562
0.0014112 2.526562
0.001411202 2.513672
0.0014131 2.513672
0.001413102 2.500781
0.0014141 2.500781
0.001414102 2.487891
0.0014161 2.487891
0.001416102 2.475
0.001417 2.475
0.001417002 2.462109
0.001419 2.462109
0.001419002 2.449219
0.00142 2.449219
0.001420002 2.436328
0.0014219 2.436328
0.001421902 2.423437
0.0014229 2.423437
0.001422902 2.410547
0.0014239 2.410547
0.001423902 2.397656
0.0014258 2.397656
0.001425802 2.384766
0.0014268 2.384766
0.001426802 2.371875
0.0014288 2.371875
0.001428802 2.358984
0.0014297 2.358984
0.001429702 2.346094
0.0014317 2.346094
0.001431702 2.333203
0.0014327 2.333203
0.001432702 2.320312
0.0014336 2.320312
0.001433602 2.307422
0.0014356 2.307422
0.001435602 2.294531
0.0014366 2.294531
0.001436602 2.281641
0.0014385 2.281641
0.001438502 2.26875
0.0014395 2.26875
0.001439502 2.255859
0.0014405 2.255859
0.001440502 2.242969
0.0014424 2.242969
0.001442402 2.230078
0.0014434 2.230078
0.001443402 2.217188
0.0014454 2.217188
0.001445402 2.204297
0.0014463 2.204297
0.001446302 2.191406
0.0014473 2.191406
0.001447302 2.178516
0.0014493 2.178516
0.001449302 2.165625
0.0014502 2.165625
0.001450202 2.152734
0.0014512 2.152734
0.001451202 2.139844
0.0014532 2.139844
0.001453202 2.126953
0.0014542 2.126953
0.001454202 2.114062
0.0014551 2.114062
0.001455102 2.101172
0.0014571 2.101172
0.001457102 2.088281
0.0014581 2.088281
0.001458102 2.075391
0.001459 2.075391
0.001459002 2.0625
0.001461 2.0625
0.001461002 2.049609
0.001462 2.049609
0.001462002 2.036719
0.0014629 2.036719
0.001462902 2.023828
0.0014649 2.023828
0.001464902 2.010937
0.0014659 2.010937
0.001465902 1.998047
0.0014668 1.998047
0.001466802 1.985156
0.0014688 1.985156
0.001468802 1.972266
0.0014698 1.972266
0.001469802 1.959375
0.0014708 1.959375
0.001470802 1.946484
0.0014717 1.946484
0.001471702 1.933594
0.0014737 1.933594
0.001473702 1.920703
0.0014747 1.920703
0.001474702 1.907812
0.0014756 1.907812
0.001475602 1.894922
0.0014776 1.894922
0.001477602 1.882031
0.0014786 1.882031
0.001478602 1.869141
0.0014795 1.869141
0.001479502 1.85625
0.0014815 1.85625
0.001481502 1.843359
0.0014825 1.843359
0.001482502 1.830469
0.0014835 1.830469
0.001483502 1.817578
0.0014844 1.817578
0.001484402 1.804688
0.0014864 1.804688
0.001486402 1.791797
0.0014874 1.791797
0.001487402 1.778906
0.0014883 1.778906
0.001488302 1.766016
0.0014903 1.766016
0.001490302 1.753125
0.0014913 1.753125
0.001491302 1.740234
0.0014922 1.740234
0.001492202 1.727344
0.0014932 1.727344
0.001493202 1.714453
0.0014952 1.714453
0.001495202 1.701562
0.0014961 1.701562
0.001496102 1.688672
0.0014971 1.688672
0.001497102 1.675781
0.0014991 1.675781
0.001499102 1.662891
0.0015001 1.662891
0.001500102 1.65
0.001501 1.65
0.001501002 1.637109
0.001502 1.637109
0.001502002 1.624219
0.001504 1.624219
0.001504002 1.611328
0.0015049 1.611328
0.001504902 1.598437
0.0015059 1.598437
0.001505902 1.585547
0.0015079 1.585547
0.001507902 1.572656
0.0015088 1.572656
0.001508802 1.559766
0.0015098 1.559766
0.001509802 1.546875
0.0015108 1.546875
0.001510802 1.533984
0.0015127 1.533984
0.001512702 1.521094
0.0015137 1.521094
0.001513702 1.508203
0.0015147 1.508203
0.001514702 1.495312
0.0015167 1.495312
0.001516702 1.482422
0.0015176 1.482422
0.001517602 1.469531
0.0015186 1.469531
0.001518602 1.456641
0.0015196 1.456641
0.001519602 1.44375
0.0015215 1.44375
0.001521502 1.430859
0.0015225 1.430859
0.001522502 1.417969
0.0015235 1.417969
0.001523502 1.405078
0.0015254 1.405078
0.001525402 1.392187
0.0015264 1.392187
0.001526402 1.379297
0.0015274 1.379297
0.001527402 1.366406
0.0015293 1.366406
0.001529302 1.353516
0.0015303 1.353516
0.001530302 1.340625
0.0015313 1.340625
0.001531302 1.327734
0.0015323 1.327734
0.001532302 1.314844
0.0015342 1.314844
0.001534202 1.301953
0.0015352 1.301953
0.001535202 1.289062
0.0015362 1.289062
0.001536202 1.276172
0.0015381 1.276172
0.001538102 1.263281
0.0015391 1.263281
0.001539102 1.250391
0.0015401 1.250391
0.001540102 1.2375
0.001542 1.2375
0.001542002 1.224609
0.001543 1.224609
0.001543002 1.211719
0.001544 1.211719
0.001544002 1.198828
0.001546 1.198828
0.001546002 1.185937
0.0015469 1.185937
0.001546902 1.173047
0.0015479 1.173047
0.001547902 1.160156
0.0015499 1.160156
0.001549902 1.147266
0.0015508 1.147266
0.001550802 1.134375
0.0015518 1.134375
0.001551802 1.121484
0.0015538 1.121484
0.001553802 1.108594
0.0015547 1.108594
0.001554702 1.095703
0.0015557 1.095703
0.001555702 1.082812
0.0015577 1.082812
0.001557702 1.069922
0.0015586 1.069922
0.001558602 1.057031
0.0015606 1.057031
0.001560602 1.044141
0.0015616 1.044141
0.001561602 1.03125
0.0015626 1.03125
0.001562602 1.018359
0.0015645 1.018359
0.001564502 1.005469
0.0015655 1.005469
0.001565502 0.992578
0.0015674 0.992578
0.001567402 0.979687
0.0015684 0.979687
0.001568402 0.966797
0.0015694 0.966797
0.001569402 0.953906
0.0015713 0.953906
0.001571302 0.941016
0.0015723 0.941016
0.001572302 0.928125
0.0015743 0.928125
0.001574302 0.915234
0.0015752 0.915234
0.001575202 0.902344
0.0015772 0.902344
0.001577202 0.889453
0.0015782 0.889453
0.001578202 0.876562
0.0015792 0.876562
0.001579202 0.863672
0.0015811 0.863672
0.001581102 0.850781
0.0015821 0.850781
0.001582102 0.837891
0.001584 0.837891
0.001584002 0.825
0.001585 0.825
0.001585002 0.812109
0.001587 0.812109
0.001587002 0.799219
0.0015879 0.799219
0.001587902 0.786328
0.0015899 0.786328
0.001589902 0.773438
0.0015909 0.773438
0.001590902 0.760547
0.0015928 0.760547
0.001592802 0.747656
0.0015938 0.747656
0.001593802 0.734766
0.0015958 0.734766
0.001595802 0.721875
0.0015977 0.721875
0.001597702 0.708984
0.0015987 0.708984
0.001598702 0.696094
0.0016006 0.696094
0.001600602 0.683203
0.0016016 0.683203
0.001601602 0.670312
0.0016036 0.670312
0.001603602 0.657422
0.0016045 0.657422
0.001604502 0.644531
0.0016065 0.644531
0.001606502 0.631641
0.0016085 0.631641
0.001608502 0.61875
0.0016094 0.61875
0.001609402 0.605859
0.0016114 0.605859
0.001611402 0.592969
0.0016133 0.592969
0.001613302 0.580078
0.0016143 0.580078
0.001614302 0.567187
0.0016163 0.567187
0.001616302 0.554297
0.0016182 0.554297
0.001618202 0.541406
0.0016202 0.541406
0.001620202 0.528516
0.0016211 0.528516
0.001621102 0.515625
0.0016231 0.515625
0.001623102 0.502734
0.0016251 0.502734
0.001625102 0.489844
0.001627 0.489844
0.001627002 0.476953
0.001629 0.476953
0.001629002 0.464062
0.0016299 0.464062
0.001629902 0.451172
0.0016319 0.451172
0.001631902 0.438281
0.0016338 0.438281
0.001633802 0.425391
0.0016358 0.425391
0.001635802 0.4125
0.0016377 0.4125
0.001637702 0.399609
0.0016397 0.399609
0.001639702 0.386719
0.0016417 0.386719
0.001641702 0.373828
0.0016436 0.373828
0.001643602 0.360937
0.0016456 0.360937
0.001645602 0.348047
0.0016475 0.348047
0.001647502 0.335156
0.0016504 0.335156
0.001650402 0.322266
0.0016524 0.322266
0.001652402 0.309375
0.0016543 0.309375
0.001654302 0.296484
0.0016563 0.296484
0.001656302 0.283594
0.0016592 0.283594
0.001659202 0.270703
0.0016612 0.270703
0.001661202 0.257812
0.0016631 0.257812
0.001663102 0.244922
0.0016661 0.244922
0.001666102 0.232031
0.001668 0.232031
0.001668002 0.219141
0.001671 0.219141
0.001671002 0.20625
0.0016739 0.20625
0.001673902 0.193359
0.0016768 0.193359
0.001676802 0.180469
0.0016797 0.180469
0.001679702 0.167578
0.0016827 0.167578
0.001682702 0.154687
0.0016856 0.154687
0.001685602 0.141797
0.0016885 0.141797
0.001688502 0.128906
0.0016924 0.128906
0.001692402 0.116016
0.0016954 0.116016
0.001695402 0.103125
0.0016993 0.103125
0.001699302 0.090234
0.0017032 0.090234
0.001703202 0.077344
0.0017081 0.077344
0.001708102 0.064453
0.0017129 0.064453
0.001712902 0.051562
0.0017188 0.051562
0.001718802 0.038672
0.0017256 0.038672
0.001725602 0.025781
0.0017364 0.025781
0.001736402 0.012891
0.0017647 0.012891
0.001764702 0.025781
0.0017754 0.025781
0.001775402 0.038672
0.0017823 0.038672
0.001782302 0.051562
0.0017881 0.051562
0.001788102 0.064453
0.001793 0.064453
0.001793002 0.077344
0.0017979 0.077344
0.001797902 0.090234
0.0018018 0.090234
0.001801802 0.103125
0.0018057 0.103125
0.001805702 0.116016
0.0018086 0.116016
0.001808602 0.128906
0.0018126 0.128906
0.001812602 0.141797
0.0018155 0.141797
0.001815502 0.154687
0.0018184 0.154687
0.001818402 0.167578
0.0018213 0.167578
0.001821302 0.180469
0.0018243 0.180469
0.001824302 0.193359
0.0018272 0.193359
0.001827202 0.20625
0.0018301 0.20625
0.001830102 0.219141
0.0018331 0.219141
0.001833102 0.232031
0.001835 0.232031
0.001835002 0.244922
0.0018379 0.244922
0.001837902 0.257812
0.0018399 0.257812
0.001839902 0.270703
0.0018419 0.270703
0.001841902 0.283594
0.0018448 0.283594
0.001844802 0.296484
0.0018467 0.296484
0.001846702 0.309375
0.0018487 0.309375
0.001848702 0.322266
0.0018506 0.322266
0.001850602 0.335156
0.0018536 0.335156
0.001853602 0.348047
0.0018555 0.348047
0.001855502 0.360937
0.0018575 0.360937
0.001857502 0.373828
0.0018594 0.373828
0.001859402 0.386719
0.0018614 0.386719
0.001861402 0.399609
0.0018633 0.399609
0.001863302 0.4125
0.0018653 0.4125
0.001865302 0.425391
0.0018672 0.425391
0.001867202 0.438281
0.0018692 0.438281
0.001869202 0.451172
0.0018711 0.451172
0.001871102 0.464062
0.0018721 0.464062
0.001872102 0.476953
0.0018741 0.476953
0.001874102 0.489844
0.001876 0.489844
0.001876002 0.502734
0.001878 0.502734
0.001878002 0.515625
0.0018799 0.515625
0.001879902 0.528516
0.0018809 0.528516
0.001880902 0.541406
0.0018829 0.541406
0.001882902 0.554297
0.0018848 0.554297
0.001884802 0.567187
0.0018868 0.567187
0.001886802 0.580078
0.0018877 0.580078
0.001887702 0.592969
0.0018897 0.592969
0.001889702 0.605859
0.0018917 0.605859
0.001891702 0.61875
0.0018926 0.61875
0.001892602 0.631641
0.0018946 0.631641
0.001894602 0.644531
0.0018965 0.644531
0.001896502 0.657422
0.0018975 0.657422
0.001897502 0.670312
0.0018995 0.670312
0.001899502 0.683203
0.0019004 0.683203
0.001900402 0.696094
0.0019024 0.696094
0.001902402 0.708984
0.0019034 0.708984
0.001903402 0.721875
0.0019053 0.721875
0.001905302 0.734766
0.0019073 0.734766
0.001907302 0.747656
0.0019083 0.747656
0.001908302 0.760547
0.0019102 0.760547
0.001910202 0.773438
0.0019112 0.773438
0.001911202 0.786328
0.0019131 0.786328
0.001913102 0.799219
0.0019141 0.799219
0.001914102 0.812109
0.0019161 0.812109
0.001916102 0.825
0.001917 0.825
0.001917002 0.837891
0.001919 0.837891
0.001919002 0.850781
0.00192 0.850781
0.001920002 0.863672
0.0019219 0.863672
0.001921902 0.876562
0.0019229 0.876562
0.001922902 0.889453
0.0019239 0.889453
0.001923902 0.902344
0.0019258 0.902344
0.001925802 0.915234
0.0019268 0.915234
0.001926802 0.928125
0.0019288 0.928125
0.001928802 0.941016
0.0019297 0.941016
0.001929702 0.953906
0.0019317 0.953906
0.001931702 0.966797
0.0019327 0.966797
0.001932702 0.979687
0.0019336 0.979687
0.001933602 0.992578
0.0019356 0.992578
0.001935602 1.005469
0.0019366 1.005469
0.001936602 1.018359
0.0019385 1.018359
0.001938502 1.03125
0.0019395 1.03125
0.001939502 1.044141
0.0019405 1.044141
0.001940502 1.057031
0.0019424 1.057031
0.001942402 1.069922
0.0019434 1.069922
0.001943402 1.082812
0.0019454 1.082812
0.001945402 1.095703
0.0019463 1.095703
0.001946302 1.108594
0.0019473 1.108594
0.001947302 1.121484
0.0019493 1.121484
0.001949302 1.134375
0.0019502 1.134375
0.001950202 1.147266
0.0019512 1.147266
0.001951202 1.160156
0.0019532 1.160156
0.001953202 1.173047
0.0019542 1.173047
0.001954202 1.185937
0.0019551 1.185937
0.001955102 1.198828
0.0019571 1.198828
0.001957102 1.211719
0.0019581 1.211719
0.001958102 1.224609
0.001959 1.224609
0.001959002 1.2375
0.001961 1.2375
0.001961002 1.250391
0.001962 1.250391
0.001962002 1.263281
0.0019629 1.263281
0.001962902 1.276172
0.0019649 1.276172
0.001964902 1.289062
0.0019659 1.289062
0.001965902 1.301953
0.0019669 1.301953
0.001966902 1.314844
0.0019688 1.314844
0.001968802 1.327734
0.0019698 1.327734
0.001969802 1.340625
0.0019708 1.340625
0.001970802 1.353516
0.0019717 1.353516
0.001971702 1.366406
0.0019737 1.366406
0.001973702 1.379297
0.0019747 1.379297
0.001974702 1.392187
0.0019756 1.392187
0.001975602 1.405078
0.0019776 1.405078
0.001977602 1.417969
0.0019786 1.417969
0.001978602 1.430859
0.0019795 1.430859
0.001979502 1.44375
0.0019815 1.44375
0.001981502 1.456641
0.0019825 1.456641
0.001982502 1.469531
0.0019835 1.469531
0.001983502 1.482422
0.0019844 1.482422
0.001984402 1.495312
0.0019864 1.495312
0.001986402 1.508203
0.0019874 1.508203
0.001987402 1.521094
0.0019883 1.521094
0.001988302 1.533984
0.0019903 1.533984
0.001990302 1.546875
0.0019913 1.546875
0.001991302 1.559766
0.0019922 1.559766
0.001992202 1.572656
0.0019932 1.572656
0.001993202 1.585547
0.0019952 1.585547
0.001995202 1.598437
0.0019961 1.598437
0.001996102 1.611328
0.0019971 1.611328
0.001997102 1.624219
0.0019991 1.624219
0.001999102 1.637109
0.0020001 1.637109
0.002000102 1.65
0.002001 1.65
0.002001002 1.662891
0.002002 1.662891
0.002002002 1.675781
0.002004 1.675781
0.002004002 1.688672
0.0020049 1.688672
0.002004902 1.701562
0.0020059 1.701562
0.002005902 1.714453
0.0020079 1.714453
0.002007902 1.727344
0.0020088 1.727344
0.002008802 1.740234
0.0020098 1.740234
0.002009802 1.753125
0.0020108 1.753125
0.002010802 1.766016
0.0020127 1.766016
0.002012702 1.778906
0.0020137 1.778906
0.002013702 1.791797
0.0020147 1.791797
0.002014702 1.804688
0.0020167 1.804688
0.002016702 1.817578
0.0020176 1.817578
0.002017602 1.830469
0.0020186 1.830469
0.002018602 1.843359
0.0020196 1.843359
0.002019602 1.85625
0.0020215 1.85625
0.002021502 1.869141
0.0020225 1.869141
0.002022502 1.882031
0.0020235 1.882031
0.002023502 1.894922
0.0020254 1.894922
0.002025402 1.907812
0.0020264 1.907812
0.002026402 1.920703
0.0020274 1.920703
0.002027402 1.933594
0.0020294 1.933594
0.002029402 1.946484
0.0020303 1.946484
0.002030302 1.959375
0.0020313 1.959375
0.002031302 1.972266
0.0020323 1.972266
0.002032302 1.985156
0.0020342 1.985156
0.002034202 1.998047
0.0020352 1.998047
0.002035202 2.010937
0.0020362 2.010937
0.002036202 2.023828
0.0020381 2.023828
0.002038102 2.036719
0.0020391 2.036719
0.002039102 2.049609
0.0020401 2.049609
0.002040102 2.0625
0.002042 2.0625
0.002042002 2.075391
0.002043 2.075391
0.002043002 2.088281
0.002044 2.088281
0.002044002 2.101172
0.002046 2.101172
0.002046002 2.114062
0.0020469 2.114062
0.002046902 2.126953
0.0020479 2.126953
0.002047902 2.139844
0.0020499 2.139844
0.002049902 2.152734
0.0020508 2.152734
0.002050802 2.165625
0.0020518 2.165625
0.002051802 2.178516
0.0020538 2.178516
0.002053802 2.191406
0.0020547 2.191406
0.002054702 2.204297
0.0020557 2.204297
0.002055702 2.217188
0.0020577 2.217188
0.002057702 2.230078
0.0020586 2.230078
0.002058602 2.242969
0.0020606 2.242969
0.002060602 2.255859
0.0020616 2.255859
0.002061602 2.26875
0.0020626 2.26875
0.002062602 2.281641
0.0020645 2.281641
0.002064502 2.294531
0.0020655 2.294531
0.002065502 2.307422
0.0020674 2.307422
0.002067402 2.320312
0.0020684 2.320312
0.002068402 2.333203
0.0020694 2.333203
0.002069402 2.346094
0.0020713 2.346094
0.002071302 2.358984
0.0020723 2.358984
0.002072302 2.371875
0.0020743 2.371875
0.002074302 2.384766
0.0020752 2.384766
0.002075202 2.397656
0.0020772 2.397656
0.002077202 2.410547
0.0020782 2.410547
0.002078202 2.423437
0.0020792 2.423437
0.002079202 2.436328
0.0020811 2.436328
0.002081102 2.449219
0.0020821 2.449219
0.002082102 2.462109
0.002084 2.462109
0.002084002 2.475
0.002085 2.475
0.002085002 2.487891
0.002087 2.487891
0.002087002 2.500781
0.0020879 2.500781
0.002087902 2.513672
0.0020899 2.513672
0.002089902 2.526562
0.0020909 2.526562
0.002090902 2.539453
0.0020928 2.539453
0.002092802 2.552344
0.0020938 2.552344
0.002093802 2.565234
0.0020958 2.565234
0.002095802 2.578125
0.0020977 2.578125
0.002097702 2.591016
0.0020987 2.591016
0.002098702 2.603906
0.0021006 2.603906
0.002100602 2.616797
0.0021016 2.616797
0.002101602 2.629687
0.0021036 2.629687
0.002103602 2.642578
0.0021045 2.642578
0.002104502 2.655469
0.0021065 2.655469
0.002106502 2.668359
0.0021085 2.668359
0.002108502 2.68125
0.0021094 2.68125
0.002109402 2.694141
0.0021114 2.694141
0.002111402 2.707031
0.0021133 2.707031
0.002113302 2.719922
0.0021143 2.719922
0.002114302 2.732812
0.0021163 2.732812
0.002116302 2.745703
0.0021182 2.745703
0.002118202 2.758594
0.0021202 2.758594
0.002120202 2.771484
0.0021211 2.771484
0.002121102 2.784375
0.0021231 2.784375
0.002123102 2.797266
0.0021251 2.797266
0.002125102 2.810156
0.002127 2.810156
0.002127002 2.823047
0.002129 2.823047
0.002129002 2.835938
0.0021299 2.835938
0.002129902 2.848828
0.0021319 2.848828
0.002131902 2.861719
0.0021338 2.861719
0.002133802 2.874609
0.0021358 2.874609
0.002135802 2.8875
0.0021377 2.8875
0.002137702 2.900391
0.0021397 2.900391
0.002139702 2.913281
0.0021417 2.913281
0.002141702 2.926172
0.0021436 2.926172
0.002143602 2.939062
0.0021456 2.939062
0.002145602 2.951953
0.0021475 2.951953
0.002147502 2.964844
0.0021504 2.964844
0.002150402 2.977734
0.0021524 2.977734
0.002152402 2.990625
0.0021544 2.990625
0.002154402 3.003516
0.0021563 3.003516
0.002156302 3.016406
0.0021592 3.016406
0.002159202 3.029297
0.0021612 3.029297
0.002161202 3.042187
0.0021631 3.042187
0.002163102 3.055078
0.0021661 3.055078
0.002166102 3.067969
0.002168 3.067969
0.002168002 3.080859
0.002171 3.080859
0.002171002 3.09375
0.0021739 3.09375
0.002173902 3.106641
0.0021768 3.106641
0.002176802 3.119531
0.0021797 3.119531
0.002179702 3.132422
0.0021827 3.132422
0.002182702 3.145312
0.0021856 3.145312
0.002185602 3.158203
0.0021885 3.158203
0.002188502 3.171094
0.0021924 3.171094
0.002192402 3.183984
0.0021954 3.183984
0.002195402 3.196875
0.0021993 3.196875
0.002199302 3.209766
0.0022032 3.209766
0.002203202 3.222656
0.0022081 3.222656
0.002208102 3.235547
0.0022129 3.235547
0.002212902 3.248437
0.0022188 3.248437
0.002218802 3.261328
0.0022256 3.261328
0.002225602 3.274219
0.0022364 3.274219
0.002236402 3.287109
0.0022647 3.287109
0.002264702 3.274219
0.0022754 3.274219
0.002275402 3.261328
0.0022823 3.261328
0.002282302 3.248437
0.0022881 3.248437
0.002288102 3.235547
0.002293 3.235547
0.002293002 3.222656
0.0022979 3.222656
0.002297902 3.209766
0.0023018 3.209766
0.002301802 3.196875
0.0023057 3.196875
0.002305702 3.183984
0.0023086 3.183984
0.002308602 3.171094
0.0023126 3.171094
0.002312602 3.158203
0.0023155 3.158203
0.002315502 3.145312
0.0023184 3.145312
0.002318402 3.132422
0.0023213 3.132422
0.002321302 3.119531
0.0023243 3.119531
0.002324302 3.106641
0.0023272 3.106641
0.002327202 3.09375
0.0023301 3.09375
0.002330102 3.080859
0.0023331 3.080859
0.002333102 3.067969
0.002335 3.067969
0.002335002 3.055078
0.0023379 3.055078
0.002337902 3.042187
0.0023399 3.042187
0.002339902 3.029297
0.0023419 3.029297
0.002341902 3.016406
0.0023448 3.016406
0.002344802 3.003516
0.0023467 3.003516
0.002346702 2.990625
0.0023487 2.990625
0.002348702 2.977734
0.0023506 2.977734
0.002350602 2.964844
0.0023536 2.964844
0.002353602 2.951953
0.0023555 2.951953
0.002355502 2.939062
0.0023575 2.939062
0.002357502 2.926172
0.0023594 2.926172
0.002359402 2.913281
0.0023614 2.913281
0.002361402 2.900391
0.0023633 2.900391
0.002363302 2.8875
0.0023653 2.8875
0.002365302 2.874609
0.0023672 2.874609
0.002367202 2.861719
0.0023692 2.861719
0.002369202 2.848828
0.0023711 2.848828
0.002371102 2.835938
0.0023721 2.835938
0.002372102 2.823047
0.0023741 2.823047
0.002374102 2.810156
0.002376 2.810156
0.002376002 2.797266
0.002378 2.797266
0.002378002 2.784375
0.0023799 2.784375
0.002379902 2.771484
0.0023809 2.771484
0.002380902 2.758594
0.0023829 2.758594
0.002382902 2.745703
0.0023848 2.745703
0.002384802 2.732812
0.0023868 2.732812
0.002386802 2.719922
0.0023877 2.719922
0.002387702 2.707031
0.0023897 2.707031
0.002389702 2.694141
0.0023917 2.694141
0.002391702 2.68125
0.0023926 2.68125
0.002392602 2.668359
0.0023946 2.668359
0.002394602 2.655469
0.0023965 2.655469
0.002396502 2.642578
0.0023975 2.642578
0.002397502 2.629687
0.0023995 2.629687
0.002399502 2.616797
0.0024004 2.616797
0.002400402 2.603906
0.0024024 2.603906
0.002402402 2.591016
0.0024034 2.591016
0.002403402 2.578125
0.0024053 2.578125
0.002405302 2.565234
0.0024073 2.565234
0.002407302 2.552344
0.0024083 2.552344
0.002408302 2.539453
0.0024102 2.539453
0.002410202 2.526562
0.0024112 2.526562
0.002411202 2.513672
0.0024131 2.513672
0.002413102 2.500781
0.0024141 2.500781
0.002414102 2.487891
0.0024161 2.487891
0.002416102 2.475
0.002417 2.475
0.002417002 2.462109
0.002419 2.462109
0.002419002 2.449219
0.00242 2.449219
0.002420002 2.436328
0.0024219 2.436328
0.002421902 2.423437
0.0024229 2.423437
0.002422902 2.410547
0.0024239 2.410547
0.002423902 2.397656
0.0024258 2.397656
0.002425802 2.384766
0.0024268 2.384766
0.002426802 2.371875
0.0024288 2.371875
0.002428802 2.358984
0.0024297 2.358984
0.002429702 2.346094
0.0024317 2.346094
0.002431702 2.333203
0.0024327 2.333203
0.002432702 2.320312
0.0024336 2.320312
0.002433602 2.307422
0.0024356 2.307422
0.002435602 2.294531
0.0024366 2.294531
0.002436602 2.281641
0.0024385 2.281641
0.002438502 2.26875
0.0024395 2.26875
0.002439502 2.255859
0.0024405 2.255859
0.002440502 2.242969
0.0024424 2.242969
0.002442402 2.230078
0.0024434 2.230078
0.002443402 2.217188
0.0024454 2.217188
0.002445402 2.204297
0.0024463 2.204297
0.002446302 2.191406
0.0024473 2.191406
0.002447302 2.178516
0.0024493 2.178516
0.002449302 2.165625
0.0024502 2.165625
0.002450202 2.152734
0.0024512 2.152734
0.002451202 2.139844
0.0024532 2.139844
0.002453202 2.126953
0.0024542 2.126953
0.002454202 2.114062
0.0024551 2.114062
0.002455102 2.101172
0.0024571 2.101172
0.002457102 2.088281
0.0024581 2.088281
0.002458102 2.075391
0.002459 2.075391
0.002459002 2.0625
0.002461 2.0625
0.002461002 2.049609
0.002462 2.049609
0.002462002 2.036719
0.0024629 2.036719
0.002462902 2.023828
0.0024649 2.023828
0.002464902 2.010937
0.0024659 2.010937
0.002465902 1.998047
0.0024669 1.998047
0.002466902 1.985156
0.0024688 1.985156
0.002468802 1.972266
0.0024698 1.972266
0.002469802 1.959375
0.0024708 1.959375
0.002470802 1.946484
0.0024717 1.946484
0.002471702 1.933594
0.0024737 1.933594
0.002473702 1.920703
0.0024747 1.920703
0.002474702 1.907812
0.0024756 1.907812
0.002475602 1.894922
0.0024776 1.894922
0.002477602 1.882031
0.0024786 1.882031
0.002478602 1.869141
0.0024795 1.869141
0.002479502 1.85625
0.0024815 1.85625
0.002481502 1.843359
0.0024825 1.843359
0.002482502 1.830469
0.0024835 1.830469
0.002483502 1.817578
0.0024844 1.817578
0.002484402 1.804688
0.0024864 1.804688
0.002486402 1.791797
0.0024874 1.791797
0.002487402 1.778906
0.0024883 1.778906
0.002488302 1.766016
0.0024903 1.766016
0.002490302 1.753125
0.0024913 1.753125
0.002491302 1.740234
0.0024922 1.740234
0.002492202 1.727344
0.0024932 1.727344
0.002493202 1.714453
0.0024952 1.714453
0.002495202 1.701562
0.0024961 1.701562
0.002496102 1.688672
0.0024971 1.688672
0.002497102 1.675781
0.0024991 1.675781
0.002499102 1.662891
0.0025001 1.662891
0.002500102 1.65
0.002501 1.65
0.002501002 1.637109
0.002502 1.637109
0.002502002 1.624219
0.002504 1.624219
0.002504002 1.611328
0.0025049 1.611328
0.002504902 1.598437
0.0025059 1.598437
0.002505902 1.585547
0.0025079 1.585547
0.002507902 1.572656
0.0025088 1.572656
0.002508802 1.559766
0.0025098 1.559766
0.002509802 1.546875
0.0025108 1.546875
0.002510802 1.533984
0.0025127 1.533984
0.002512702 1.521094
0.0025137 1.521094
0.002513702 1.508203
0.0025147 1.508203
0.002514702 1.495312
0.0025167 1.495312
0.002516702 1.482422
0.0025176 1.482422
0.002517602 1.469531
0.0025186 1.469531
0.002518602 1.456641
0.0025196 1.456641
0.002519602 1.44375
0.0025215 1.44375
0.002521502 1.430859
0.0025225 1.430859
0.002522502 1.417969
0.0025235 1.417969
0.002523502 1.405078
0.0025254 1.405078
0.002525402 1.392187
0.0025264 1.392187
0.002526402 1.379297
0.0025274 1.379297
0.002527402 1.366406
0.0025294 1.366406
0.002529402 1.353516
0.0025303 1.353516
0.002530302 1.340625
0.0025313 1.340625
0.002531302 1.327734
0.0025323 1.327734
0.002532302 1.314844
0.0025342 1.314844
0.002534202 1.301953
0.0025352 1.301953
0.002535202 1.289062
0.0025362 1.289062
0.002536202 1.276172
0.0025381 1.276172
0.002538102 1.263281
0.0025391 1.263281
0.002539102 1.250391
0.0025401 1.250391
0.002540102 1.2375
0.002542 1.2375
0.002542002 1.224609
0.002543 1.224609
0.002543002 1.211719
0.002544 1.211719
0.002544002 1.198828
0.002546 1.198828
0.002546002 1.185937
0.0025469 1.185937
0.002546902 1.173047
0.0025479 1.173047
0.002547902 1.160156
0.0025499 1.160156
0.002549902 1.147266
0.0025508 1.147266
0.002550802 1.134375
0.0025518 1.134375
0.002551802 1.121484
0.0025538 1.121484
0.002553802 1.108594
0.0025547 1.108594
0.002554702 1.095703
0.0025557 1.095703
0.002555702 1.082812
0.0025577 1.082812
0.002557702 1.069922
0.0025586 1.069922
0.002558602 1.057031
0.0025606 1.057031
0.002560602 1.044141
0.0025616 1.044141
0.002561602 1.03125
0.0025626 1.03125
0.002562602 1.018359
0.0025645 1.018359
0.002564502 1.005469
0.0025655 1.005469
0.002565502 0.992578
0.0025674 0.992578
0.002567402 0.979687
0.0025684 0.979687
0.002568402 0.966797
0.0025694 0.966797
0.002569402 0.953906
0.0025713 0.953906
0.002571302 0.941016
0.0025723 0.941016
0.002572302 0.928125
0.0025743 0.928125
0.002574302 0.915234
0.0025752 0.915234
0.002575202 0.902344
0.0025772 0.902344
0.002577202 0.889453
0.0025782 0.889453
0.002578202 0.876562
0.0025792 0.876562
0.002579202 0.863672
0.0025811 0.863672
0.002581102 0.850781
0.0025821 0.850781
0.002582102 0.837891
0.002584 0.837891
0.002584002 0.825
0.002585 0.825
0.002585002 0.812109
0.002587 0.812109
0.002587002 0.799219
0.0025879 0.799219
0.002587902 0.786328
0.0025899 0.786328
0.002589902 0.773438
0.0025909 0.773438
0.002590902 0.760547
0.0025928 0.760547
0.002592802 0.747656
0.0025938 0.747656
0.002593802 0.734766
0.0025958 0.734766
0.002595802 0.721875
0.0025977 0.721875
0.002597702 0.708984
0.0025987 0.708984
0.002598702 0.696094
0.0026006 0.696094
0.002600602 0.683203
0.0026016 0.683203
0.002601602 0.670312
0.0026036 0.670312
0.002603602 0.657422
0.0026045 0.657422
0.002604502 0.644531
0.0026065 0.644531
0.002606502 0.631641
0.0026085 0.631641
0.002608502 0.61875
0.0026094 0.61875
0.002609402 0.605859
0.0026114 0.605859
0.002611402 0.592969
0.0026133 0.592969
0.002613302 0.580078
0.0026143 0.580078
0.002614302 0.567187
0.0026163 0.567187
0.002616302 0.554297
0.0026182 0.554297
0.002618202 0.541406
0.0026202 0.541406
0.002620202 0.528516
0.0026211 0.528516
0.002621102 0.515625
0.0026231 0.515625
0.002623102 0.502734
0.0026251 0.502734
0.002625102 0.489844
0.002627 0.489844
0.002627002 0.476953
0.002629 0.476953
0.002629002 0.464062
0.0026299 0.464062
0.002629902 0.451172
0.0026319 0.451172
0.002631902 0.438281
0.0026338 0.438281
0.002633802 0.425391
0.0026358 0.425391
0.002635802 0.4125
0.0026377 0.4125
0.002637702 0.399609
0.0026397 0.399609
0.002639702 0.386719
0.0026417 0.386719
0.002641702 0.373828
0.0026436 0.373828
0.002643602 0.360937
0.0026456 0.360937
0.002645602 0.348047
0.0026475 0.348047
0.002647502 0.335156
0.0026504 0.335156
0.002650402 0.322266
0.0026524 0.322266
0.002652402 0.309375
0.0026544 0.309375
0.002654402 0.296484
0.0026563 0.296484
0.002656302 0.283594
0.0026592 0.283594
0.002659202 0.270703
0.0026612 0.270703
0.002661202 0.257812
0.0026631 0.257812
0.002663102 0.244922
0.0026661 0.244922
0.002666102 0.232031
0.002668 0.232031
0.002668002 0.219141
0.002671 0.219141
0.002671002 0.20625
0.0026739 0.20625
0.002673902 0.193359
0.0026768 0.193359
0.002676802 0.180469
0.0026797 0.180469
0.002679702 0.167578
0.0026827 0.167578
0.002682702 0.154687
0.0026856 0.154687
0.002685602 0.141797
0.0026885 0.141797
0.002688502 0.128906
0.0026924 0.128906
0.002692402 0.116016
0.0026954 0.116016
0.002695402 0.103125
0.0026993 0.103125
0.002699302 0.090234
0.0027032 0.090234
0.002703202 0.077344
0.0027081 0.077344
0.002708102 0.064453
0.0027129 0.064453
0.002712902 0.051562
0.0027188 0.051562
0.002718802 0.038672
0.0027256 0.038672
0.002725602 0.025781
0.0027364 0.025781
0.002736402 0.012891
0.0027647 0.012891
0.002764702 0.025781
0.0027754 0.025781
0.002775402 0.038672
0.0027823 0.038672
0.002782302 0.051562
0.0027881 0.051562
0.002788102 0.064453
0.002793 0.064453
0.002793002 0.077344
0.0027979 0.077344
0.002797902 0.090234
0.0028018 0.090234
0.002801802 0.103125
0.0028057 0.103125
0.002805702 0.116016
0.0028086 0.116016
0.002808602 0.128906
0.0028126 0.128906
0.002812602 0.141797
0.0028155 0.141797
0.002815502 0.154687
0.0028184 0.154687
0.002818402 0.167578
0.0028213 0.167578
0.002821302 0.180469
0.0028243 0.180469
0.002824302 0.193359
0.0028272 0.193359
0.002827202 0.20625
0.0028301 0.20625
0.002830102 0.219141
0.0028331 0.219141
0.002833102 0.232031
0.002835 0.232031
0.002835002 0.244922
0.0028379 0.244922
0.002837902 0.257812
0.0028399 0.257812
0.002839902 0.270703
0.0028419 0.270703
0.002841902 0.283594
0.0028448 0.283594
0.002844802 0.296484
0.0028467 0.296484
0.002846702 0.309375
0.0028487 0.309375
0.002848702 0.322266
0.0028506 0.322266
0.002850602 0.335156
0.0028536 0.335156
0.002853602 0.348047
0.0028555 0.348047
0.002855502 0.360937
0.0028575 0.360937
0.002857502 0.373828
0.0028594 0.373828
0.002859402 0.386719
0.0028614 0.386719
0.002861402 0.399609
0.0028633 0.399609
0.002863302 0.4125
0.0028653 0.4125
0.002865302 0.425391
0.0028672 0.425391
0.002867202 0.438281
0.0028692 0.438281
0.002869202 0.451172
0.0028711 0.451172
0.002871102 0.464062
0.0028721 0.464062
0.002872102 0.476953
0.0028741 0.476953
0.002874102 0.489844
0.002876 0.489844
0.002876002 0.502734
0.002878 0.502734
0.002878002 0.515625
0.0028799 0.515625
0.002879902 0.528516
0.0028809 0.528516
0.002880902 0.541406
0.0028829 0.541406
0.002882902 0.554297
0.0028848 0.554297
0.002884802 0.567187
0.0028868 0.567187
0.002886802 0.580078
0.0028878 0.580078
0.002887802 0.592969
0.0028897 0.592969
0.002889702 0.605859
0.0028917 0.605859
0.002891702 0.61875
0.0028926 0.61875
0.002892602 0.631641
0.0028946 0.631641
0.002894602 0.644531
0.0028965 0.644531
0.002896502 0.657422
0.0028975 0.657422
0.002897502 0.670312
0.0028995 0.670312
0.002899502 0.683203
0.0029004 0.683203
0.002900402 0.696094
0.0029024 0.696094
0.002902402 0.708984
0.0029034 0.708984
0.002903402 0.721875
0.0029053 0.721875
0.002905302 0.734766
0.0029073 0.734766
0.002907302 0.747656
0.0029083 0.747656
0.002908302 0.760547
0.0029102 0.760547
0.002910202 0.773438
0.0029112 0.773438
0.002911202 0.786328
0.0029131 0.786328
0.002913102 0.799219
0.0029141 0.799219
0.002914102 0.812109
0.0029161 0.812109
0.002916102 0.825
0.002917 0.825
0.002917002 0.837891
0.002919 0.837891
0.002919002 0.850781
0.00292 0.850781
0.002920002 0.863672
0.0029219 0.863672
0.002921902 0.876562
0.0029229 0.876562
0.002922902 0.889453
0.0029239 0.889453
0.002923902 0.902344
0.0029258 0.902344
0.002925802 0.915234
0.0029268 0.915234
0.002926802 0.928125
0.0029288 0.928125
0.002928802 0.941016
0.0029297 0.941016
0.002929702 0.953906
0.0029317 0.953906
0.002931702 0.966797
0.0029327 0.966797
0.002932702 0.979687
0.0029336 0.979687
0.002933602 0.992578
0.0029356 0.992578
0.002935602 1.005469
0.0029366 1.005469
0.002936602 1.018359
0.0029385 1.018359
0.002938502 1.03125
0.0029395 1.03125
0.002939502 1.044141
0.0029405 1.044141
0.002940502 1.057031
0.0029424 1.057031
0.002942402 1.069922
0.0029434 1.069922
0.002943402 1.082812
0.0029454 1.082812
0.002945402 1.095703
0.0029463 1.095703
0.002946302 1.108594
0.0029473 1.108594
0.002947302 1.121484
0.0029493 1.121484
0.002949302 1.134375
0.0029503 1.134375
0.002950302 1.147266
0.0029512 1.147266
0.002951202 1.160156
0.0029532 1.160156
0.002953202 1.173047
0.0029542 1.173047
0.002954202 1.185937
0.0029551 1.185937
0.002955102 1.198828
0.0029571 1.198828
0.002957102 1.211719
0.0029581 1.211719
0.002958102 1.224609
0.002959 1.224609
0.002959002 1.2375
0.002961 1.2375
0.002961002 1.250391
0.002962 1.250391
0.002962002 1.263281
0.0029629 1.263281
0.002962902 1.276172
0.0029649 1.276172
0.002964902 1.289062
0.0029659 1.289062
0.002965902 1.301953
0.0029669 1.301953
0.002966902 1.314844
0.0029688 1.314844
0.002968802 1.327734
0.0029698 1.327734
0.002969802 1.340625
0.0029708 1.340625
0.002970802 1.353516
0.0029717 1.353516
0.002971702 1.366406
0.0029737 1.366406
0.002973702 1.379297
0.0029747 1.379297
0.002974702 1.392187
0.0029756 1.392187
0.002975602 1.405078
0.0029776 1.405078
0.002977602 1.417969
0.0029786 1.417969
0.002978602 1.430859
0.0029795 1.430859
0.002979502 1.44375
0.0029815 1.44375
0.002981502 1.456641
0.0029825 1.456641
0.002982502 1.469531
0.0029835 1.469531
0.002983502 1.482422
0.0029844 1.482422
0.002984402 1.495312
0.0029864 1.495312
0.002986402 1.508203
0.0029874 1.508203
0.002987402 1.521094
0.0029883 1.521094
0.002988302 1.533984
0.0029903 1.533984
0.002990302 1.546875
0.0029913 1.546875
0.002991302 1.559766
0.0029922 1.559766
0.002992202 1.572656
0.0029932 1.572656
0.002993202 1.585547
0.0029952 1.585547
0.002995202 1.598437
0.0029961 1.598437
0.002996102 1.611328
0.0029971 1.611328
0.002997102 1.624219
0.0029991 1.624219
0.002999102 1.637109
0.0030001 1.637109
0.003000102 1.65
0.003001 1.65
0.003001002 1.662891
0.003002 1.662891
0.003002002 1.675781
0.003004 1.675781
0.003004002 1.688672
0.0030049 1.688672
0.003004902 1.701562
0.0030059 1.701562
0.003005902 1.714453
0.0030079 1.714453
0.003007902 1.727344
0.0030088 1.727344
0.003008802 1.740234
0.0030098 1.740234
0.003009802 1.753125
0.0030108 1.753125
0.003010802 1.766016
0.0030128 1.766016
0.003012802 1.778906
0.0030137 1.778906
0.003013702 1.791797
0.0030147 1.791797
0.003014702 1.804688
0.0030167 1.804688
0.003016702 1.817578
0.0030176 1.817578
0.003017602 1.830469
0.0030186 1.830469
0.003018602 1.843359
0.0030196 1.843359
0.003019602 1.85625
0.0030215 1.85625
0.003021502 1.869141
0.0030225 1.869141
0.003022502 1.882031
0.0030235 1.882031
0.003023502 1.894922
0.0030254 1.894922
0.003025402 1.907812
0.0030264 1.907812
0.003026402 1.920703
0.0030274 1.920703
0.003027402 1.933594
0.0030294 1.933594
0.003029402 1.946484
0.0030303 1.946484
0.003030302 1.959375
0.0030313 1.959375
0.003031302 1.972266
0.0030323 1.972266
0.003032302 1.985156
0.0030342 1.985156
0.003034202 1.998047
0.0030352 1.998047
0.003035202 2.010937
0.0030362 2.010937
0.003036202 2.023828
0.0030381 2.023828
0.003038102 2.036719
0.0030391 2.036719
0.003039102 2.049609
0.0030401 2.049609
0.003040102 2.0625
0.003042 2.0625
0.003042002 2.075391
0.003043 2.075391
0.003043002 2.088281
0.003044 2.088281
0.003044002 2.101172
0.003046 2.101172
0.003046002 2.114062
0.0030469 2.114062
0.003046902 2.126953
0.0030479 2.126953
0.003047902 2.139844
0.0030499 2.139844
0.003049902 2.152734
0.0030508 2.152734
0.003050802 2.165625
0.0030518 2.165625
0.003051802 2.178516
0.0030538 2.178516
0.003053802 2.191406
0.0030547 2.191406
0.003054702 2.204297
0.0030557 2.204297
0.003055702 2.217188
0.0030577 2.217188
0.003057702 2.230078
0.0030586 2.230078
0.003058602 2.242969
0.0030606 2.242969
0.003060602 2.255859
0.0030616 2.255859
0.003061602 2.26875
0.0030626 2.26875
0.003062602 2.281641
0.0030645 2.281641
0.003064502 2.294531
0.0030655 2.294531
0.003065502 2.307422
0.0030674 2.307422
0.003067402 2.320312
0.0030684 2.320312
0.003068402 2.333203
0.0030694 2.333203
0.003069402 2.346094
0.0030713 2.346094
0.003071302 2.358984
0.0030723 2.358984
0.003072302 2.371875
0.0030743 2.371875
0.003074302 2.384766
0.0030753 2.384766
0.003075302 2.397656
0.0030772 2.397656
0.003077202 2.410547
0.0030782 2.410547
0.003078202 2.423437
0.0030792 2.423437
0.003079202 2.436328
0.0030811 2.436328
0.003081102 2.449219
0.0030821 2.449219
0.003082102 2.462109
0.003084 2.462109
0.003084002 2.475
0.003085 2.475
0.003085002 2.487891
0.003087 2.487891
0.003087002 2.500781
0.0030879 2.500781
0.003087902 2.513672
0.0030899 2.513672
0.003089902 2.526562
0.0030909 2.526562
0.003090902 2.539453
0.0030928 2.539453
0.003092802 2.552344
0.0030938 2.552344
0.003093802 2.565234
0.0030958 2.565234
0.003095802 2.578125
0.0030977 2.578125
0.003097702 2.591016
0.0030987 2.591016
0.003098702 2.603906
0.0031006 2.603906
0.003100602 2.616797
0.0031016 2.616797
0.003101602 2.629687
0.0031036 2.629687
0.003103602 2.642578
0.0031045 2.642578
0.003104502 2.655469
0.0031065 2.655469
0.003106502 2.668359
0.0031085 2.668359
0.003108502 2.68125
0.0031094 2.68125
0.003109402 2.694141
0.0031114 2.694141
0.003111402 2.707031
0.0031133 2.707031
0.003113302 2.719922
0.0031143 2.719922
0.003114302 2.732812
0.0031163 2.732812
0.003116302 2.745703
0.0031182 2.745703
0.003118202 2.758594
0.0031202 2.758594
0.003120202 2.771484
0.0031211 2.771484
0.003121102 2.784375
0.0031231 2.784375
0.003123102 2.797266
0.0031251 2.797266
0.003125102 2.810156
0.003127 2.810156
0.003127002 2.823047
0.003129 2.823047
0.003129002 2.835938
0.0031299 2.835938
0.003129902 2.848828
0.0031319 2.848828
0.003131902 2.861719
0.0031338 2.861719
0.003133802 2.874609
0.0031358 2.874609
0.003135802 2.8875
0.0031378 2.8875
0.003137802 2.900391
0.0031397 2.900391
0.003139702 2.913281
0.0031417 2.913281
0.003141702 2.926172
0.0031436 2.926172
0.003143602 2.939062
0.0031456 2.939062
0.003145602 2.951953
0.0031475 2.951953
0.003147502 2.964844
0.0031504 2.964844
0.003150402 2.977734
0.0031524 2.977734
0.003152402 2.990625
0.0031544 2.990625
0.003154402 3.003516
0.0031563 3.003516
0.003156302 3.016406
0.0031592 3.016406
0.003159202 3.029297
0.0031612 3.029297
0.003161202 3.042187
0.0031631 3.042187
0.003163102 3.055078
0.0031661 3.055078
0.003166102 3.067969
0.003168 3.067969
0.003168002 3.080859
0.003171 3.080859
0.003171002 3.09375
0.0031739 3.09375
0.003173902 3.106641
0.0031768 3.106641
0.003176802 3.119531
0.0031797 3.119531
0.003179702 3.132422
0.0031827 3.132422
0.003182702 3.145312
0.0031856 3.145312
0.003185602 3.158203
0.0031885 3.158203
0.003188502 3.171094
0.0031924 3.171094
0.003192402 3.183984
0.0031954 3.183984
0.003195402 3.196875
0.0031993 3.196875
0.003199302 3.209766
0.0032032 3.209766
0.003203202 3.222656
0.0032081 3.222656
0.003208102 3.235547
0.0032129 3.235547
0.003212902 3.248437
0.0032188 3.248437
0.003218802 3.261328
0.0032256 3.261328
0.003225602 3.274219
0.0032364 3.274219
0.003236402 3.287109
0.0032647 3.287109
0.003264702 3.274219
0.0032754 3.274219
0.003275402 3.261328
0.0032823 3.261328
0.003282302 3.248437
0.0032881 3.248437
0.003288102 3.235547
0.003293 3.235547
0.003293002 3.222656
0.0032979 3.222656
0.003297902 3.209766
0.0033018 3.209766
0.003301802 3.196875
0.0033057 3.196875
0.003305702 3.183984
0.0033086 3.183984
0.003308602 3.171094
0.0033126 3.171094
0.003312602 3.158203
0.0033155 3.158203
0.003315502 3.145312
0.0033184 3.145312
0.003318402 3.132422
0.0033213 3.132422
0.003321302 3.119531
0.0033243 3.119531
0.003324302 3.106641
0.0033272 3.106641
0.003327202 3.09375
0.0033301 3.09375
0.003330102 3.080859
0.0033331 3.080859
0.003333102 3.067969
0.003335 3.067969
0.003335002 3.055078
0.0033379 3.055078
0.003337902 3.042187
0.0033399 3.042187
0.003339902 3.029297
0.0033419 3.029297
0.003341902 3.016406
0.0033448 3.016406
0.003344802 3.003516
0.0033467 3.003516
0.003346702 2.990625
0.0033487 2.990625
0.003348702 2.977734
0.0033506 2.977734
0.003350602 2.964844
0.0033536 2.964844
0.003353602 2.951953
0.0033555 2.951953
0.003355502 2.939062
0.0033575 2.939062
0.003357502 2.926172
0.0033594 2.926172
0.003359402 2.913281
0.0033614 2.913281
0.003361402 2.900391
0.0033633 2.900391
0.003363302 2.8875
0.0033653 2.8875
0.003365302 2.874609
0.0033672 2.874609
0.003367202 2.861719
0.0033692 2.861719
0.003369202 2.848828
0.0033711 2.848828
0.003371102 2.835938
0.0033721 2.835938
0.003372102 2.823047
0.0033741 2.823047
0.003374102 2.810156
0.003376 2.810156
0.003376002 2.797266
0.003378 2.797266
0.003378002 2.784375
0.0033799 2.784375
0.003379902 2.771484
0.0033809 2.771484
0.003380902 2.758594
0.0033829 2.758594
0.003382902 2.745703
0.0033848 2.745703
0.003384802 2.732812
0.0033868 2.732812
0.003386802 2.719922
0.0033878 2.719922
0.003387802 2.707031
0.0033897 2.707031
0.003389702 2.694141
0.0033917 2.694141
0.003391702 2.68125
0.0033926 2.68125
0.003392602 2.668359
0.0033946 2.668359
0.003394602 2.655469
0.0033965 2.655469
0.003396502 2.642578
0.0033975 2.642578
0.003397502 2.629687
0.0033995 2.629687
0.003399502 2.616797
0.0034004 2.616797
0.003400402 2.603906
0.0034024 2.603906
0.003402402 2.591016
0.0034034 2.591016
0.003403402 2.578125
0.0034053 2.578125
0.003405302 2.565234
0.0034073 2.565234
0.003407302 2.552344
0.0034083 2.552344
0.003408302 2.539453
0.0034102 2.539453
0.003410202 2.526562
0.0034112 2.526562
0.003411202 2.513672
0.0034131 2.513672
0.003413102 2.500781
0.0034141 2.500781
0.003414102 2.487891
0.0034161 2.487891
0.003416102 2.475
0.003417 2.475
0.003417002 2.462109
0.003419 2.462109
0.003419002 2.449219
0.00342 2.449219
0.003420002 2.436328
0.0034219 2.436328
0.003421902 2.423437
0.0034229 2.423437
0.003422902 2.410547
0.0034239 2.410547
0.003423902 2.397656
0.0034258 2.397656
0.003425802 2.384766
0.0034268 2.384766
0.003426802 2.371875
0.0034288 2.371875
0.003428802 2.358984
0.0034297 2.358984
0.003429702 2.346094
0.0034317 2.346094
0.003431702 2.333203
0.0034327 2.333203
0.003432702 2.320312
0.0034336 2.320312
0.003433602 2.307422
0.0034356 2.307422
0.003435602 2.294531
0.0034366 2.294531
0.003436602 2.281641
0.0034385 2.281641
0.003438502 2.26875
0.0034395 2.26875
0.003439502 2.255859
0.0034405 2.255859
0.003440502 2.242969
0.0034424 2.242969
0.003442402 2.230078
0.0034434 2.230078
0.003443402 2.217188
0.0034454 2.217188
0.003445402 2.204297
0.0034463 2.204297
0.003446302 2.191406
0.0034473 2.191406
0.003447302 2.178516
0.0034493 2.178516
0.003449302 2.165625
0.0034503 2.165625
0.003450302 2.152734
0.0034512 2.152734
0.003451202 2.139844
0.0034532 2.139844
0.003453202 2.126953
0.0034542 2.126953
0.003454202 2.114062
0.0034551 2.114062
0.003455102 2.101172
0.0034571 2.101172
0.003457102 2.088281
0.0034581 2.088281
0.003458102 2.075391
0.003459 2.075391
0.003459002 2.0625
0.003461 2.0625
0.003461002 2.049609
0.003462 2.049609
0.003462002 2.036719
0.0034629 2.036719
0.003462902 2.023828
0.0034649 2.023828
0.003464902 2.010937
0.0034659 2.010937
0.003465902 1.998047
0.0034669 1.998047
0.003466902 1.985156
0.0034688 1.985156
0.003468802 1.972266
0.0034698 1.972266
0.003469802 1.959375
0.0034708 1.959375
0.003470802 1.946484
0.0034717 1.946484
0.003471702 1.933594
0.0034737 1.933594
0.003473702 1.920703
0.0034747 1.920703
0.003474702 1.907812
0.0034756 1.907812
0.003475602 1.894922
0.0034776 1.894922
0.003477602 1.882031
0.0034786 1.882031
0.003478602 1.869141
0.0034795 1.869141
0.003479502 1.85625
0.0034815 1.85625
0.003481502 1.843359
0.0034825 1.843359
0.003482502 1.830469
0.0034835 1.830469
0.003483502 1.817578
0.0034844 1.817578
0.003484402 1.804688
0.0034864 1.804688
0.003486402 1.791797
0.0034874 1.791797
0.003487402 1.778906
0.0034883 1.778906
0.003488302 1.766016
0.0034903 1.766016
0.003490302 1.753125
0.0034913 1.753125
0.003491302 1.740234
0.0034922 1.740234
0.003492202 1.727344
0.0034932 1.727344
0.003493202 1.714453
0.0034952 1.714453
0.003495202 1.701562
0.0034961 1.701562
0.003496102 1.688672
0.0034971 1.688672
0.003497102 1.675781
0.0034991 1.675781
0.003499102 1.662891
0.0035001 1.662891
0.003500102 1.65
0.003501 1.65
0.003501002 1.637109
0.003502 1.637109
0.003502002 1.624219
0.003504 1.624219
0.003504002 1.611328
0.0035049 1.611328
0.003504902 1.598437
0.0035059 1.598437
0.003505902 1.585547
0.0035079 1.585547
0.003507902 1.572656
0.0035088 1.572656
0.003508802 1.559766
0.0035098 1.559766
0.003509802 1.546875
0.0035108 1.546875
0.003510802 1.533984
0.0035128 1.533984
0.003512802 1.521094
0.0035137 1.521094
0.003513702 1.508203
0.0035147 1.508203
0.003514702 1.495312
0.0035167 1.495312
0.003516702 1.482422
0.0035176 1.482422
0.003517602 1.469531
0.0035186 1.469531
0.003518602 1.456641
0.0035196 1.456641
0.003519602 1.44375
0.0035215 1.44375
0.003521502 1.430859
0.0035225 1.430859
0.003522502 1.417969
0.0035235 1.417969
0.003523502 1.405078
0.0035254 1.405078
0.003525402 1.392187
0.0035264 1.392187
0.003526402 1.379297
0.0035274 1.379297
0.003527402 1.366406
0.0035294 1.366406
0.003529402 1.353516
0.0035303 1.353516
0.003530302 1.340625
0.0035313 1.340625
0.003531302 1.327734
0.0035323 1.327734
0.003532302 1.314844
0.0035342 1.314844
0.003534202 1.301953
0.0035352 1.301953
0.003535202 1.289062
0.0035362 1.289062
0.003536202 1.276172
0.0035381 1.276172
0.003538102 1.263281
0.0035391 1.263281
0.003539102 1.250391
0.0035401 1.250391
0.003540102 1.2375
0.003542 1.2375
0.003542002 1.224609
0.003543 1.224609
0.003543002 1.211719
0.003544 1.211719
0.003544002 1.198828
0.003546 1.198828
0.003546002 1.185937
0.0035469 1.185937
0.003546902 1.173047
0.0035479 1.173047
0.003547902 1.160156
0.0035499 1.160156
0.003549902 1.147266
0.0035508 1.147266
0.003550802 1.134375
0.0035518 1.134375
0.003551802 1.121484
0.0035538 1.121484
0.003553802 1.108594
0.0035547 1.108594
0.003554702 1.095703
0.0035557 1.095703
0.003555702 1.082812
0.0035577 1.082812
0.003557702 1.069922
0.0035586 1.069922
0.003558602 1.057031
0.0035606 1.057031
0.003560602 1.044141
0.0035616 1.044141
0.003561602 1.03125
0.0035626 1.03125
0.003562602 1.018359
0.0035645 1.018359
0.003564502 1.005469
0.0035655 1.005469
0.003565502 0.992578
0.0035674 0.992578
0.003567402 0.979687
0.0035684 0.979687
0.003568402 0.966797
0.0035694 0.966797
0.003569402 0.953906
0.0035713 0.953906
0.003571302 0.941016
0.0035723 0.941016
0.003572302 0.928125
0.0035743 0.928125
0.003574302 0.915234
0.0035753 0.915234
0.003575302 0.902344
0.0035772 0.902344
0.003577202 0.889453
0.0035782 0.889453
0.003578202 0.876562
0.0035792 0.876562
0.003579202 0.863672
0.0035811 0.863672
0.003581102 0.850781
0.0035821 0.850781
0.003582102 0.837891
0.003584 0.837891
0.003584002 0.825
0.003585 0.825
0.003585002 0.812109
0.003587 0.812109
0.003587002 0.799219
0.0035879 0.799219
0.003587902 0.786328
0.0035899 0.786328
0.003589902 0.773438
0.0035909 0.773438
0.003590902 0.760547
0.0035928 0.760547
0.003592802 0.747656
0.0035938 0.747656
0.003593802 0.734766
0.0035958 0.734766
0.003595802 0.721875
0.0035977 0.721875
0.003597702 0.708984
0.0035987 0.708984
0.003598702 0.696094
0.0036006 0.696094
0.003600602 0.683203
0.0036016 0.683203
0.003601602 0.670312
0.0036036 0.670312
0.003603602 0.657422
0.0036045 0.657422
0.003604502 0.644531
0.0036065 0.644531
0.003606502 0.631641
0.0036085 0.631641
0.003608502 0.61875
0.0036094 0.61875
0.003609402 0.605859
0.0036114 0.605859
0.003611402 0.592969
0.0036133 0.592969
0.003613302 0.580078
0.0036143 0.580078
0.003614302 0.567187
0.0036163 0.567187
0.003616302 0.554297
0.0036182 0.554297
0.003618202 0.541406
0.0036202 0.541406
0.003620202 0.528516
0.0036211 0.528516
0.003621102 0.515625
0.0036231 0.515625
0.003623102 0.502734
0.0036251 0.502734
0.003625102 0.489844
0.003627 0.489844
0.003627002 0.476953
0.003629 0.476953
0.003629002 0.464062
0.0036299 0.464062
0.003629902 0.451172
0.0036319 0.451172
0.003631902 0.438281
0.0036338 0.438281
0.003633802 0.425391
0.0036358 0.425391
0.003635802 0.4125
0.0036378 0.4125
0.003637802 0.399609
0.0036397 0.399609
0.003639702 0.386719
0.0036417 0.386719
0.003641702 0.373828
0.0036436 0.373828
0.003643602 0.360937
0.0036456 0.360937
0.003645602 0.348047
0.0036475 0.348047
0.003647502 0.335156
0.0036504 0.335156
0.003650402 0.322266
0.0036524 0.322266
0.003652402 0.309375
0.0036544 0.309375
0.003654402 0.296484
0.0036563 0.296484
0.003656302 0.283594
0.0036592 0.283594
0.003659202 0.270703
0.0036612 0.270703
0.003661202 0.257812
0.0036631 0.257812
0.003663102 0.244922
0.0036661 0.244922
0.003666102 0.232031
0.003668 0.232031
0.003668002 0.219141
0.003671 0.219141
0.003671002 0.20625
0.0036739 0.20625
0.003673902 0.193359
0.0036768 0.193359
0.003676802 0.180469
0.0036797 0.180469
0.003679702 0.167578
0.0036827 0.167578
0.003682702 0.154687
0.0036856 0.154687
0.003685602 0.141797
0.0036885 0.141797
0.003688502 0.128906
0.0036924 0.128906
0.003692402 0.116016
0.0036954 0.116016
0.003695402 0.103125
0.0036993 0.103125
0.003699302 0.090234
0.0037032 0.090234
0.003703202 0.077344
0.0037081 0.077344
0.003708102 0.064453
0.0037129 0.064453
0.003712902 0.051562
0.0037188 0.051562
0.003718802 0.038672
0.0037256 0.038672
0.003725602 0.025781
0.0037364 0.025781
0.003736402 0.012891
0.0037647 0.012891
0.003764702 0.025781
0.0037754 0.025781
0.003775402 0.038672
0.0037823 0.038672
0.003782302 0.051562
0.0037881 0.051562
0.003788102 0.064453
0.003793 0.064453
0.003793002 0.077344
0.0037979 0.077344
0.003797902 0.090234
0.0038018 0.090234
0.003801802 0.103125
0.0038057 0.103125
0.003805702 0.116016
0.0038087 0.116016
0.003808702 0.128906
0.0038126 0.128906
0.003812602 0.141797
0.0038155 0.141797
0.003815502 0.154687
0.0038184 0.154687
0.003818402 0.167578
0.0038213 0.167578
0.003821302 0.180469
0.0038243 0.180469
0.003824302 0.193359
0.0038272 0.193359
0.003827202 0.20625
0.0038301 0.20625
0.003830102 0.219141
0.0038331 0.219141
0.003833102 0.232031
0.003835 0.232031
0.003835002 0.244922
0.0038379 0.244922
0.003837902 0.257812
0.0038399 0.257812
0.003839902 0.270703
0.0038419 0.270703
0.003841902 0.283594
0.0038448 0.283594
0.003844802 0.296484
0.0038467 0.296484
0.003846702 0.309375
0.0038487 0.309375
0.003848702 0.322266
0.0038506 0.322266
0.003850602 0.335156
0.0038536 0.335156
0.003853602 0.348047
0.0038555 0.348047
0.003855502 0.360937
0.0038575 0.360937
0.003857502 0.373828
0.0038594 0.373828
0.003859402 0.386719
0.0038614 0.386719
0.003861402 0.399609
0.0038633 0.399609
0.003863302 0.4125
0.0038653 0.4125
0.003865302 0.425391
0.0038672 0.425391
0.003867202 0.438281
0.0038692 0.438281
0.003869202 0.451172
0.0038712 0.451172
0.003871202 0.464062
0.0038721 0.464062
0.003872102 0.476953
0.0038741 0.476953
0.003874102 0.489844
0.003876 0.489844
0.003876002 0.502734
0.003878 0.502734
0.003878002 0.515625
0.0038799 0.515625
0.003879902 0.528516
0.0038809 0.528516
0.003880902 0.541406
0.0038829 0.541406
0.003882902 0.554297
0.0038848 0.554297
0.003884802 0.567187
0.0038868 0.567187
0.003886802 0.580078
0.0038878 0.580078
0.003887802 0.592969
0.0038897 0.592969
0.003889702 0.605859
0.0038917 0.605859
0.003891702 0.61875
0.0038926 0.61875
0.003892602 0.631641
0.0038946 0.631641
0.003894602 0.644531
0.0038965 0.644531
0.003896502 0.657422
0.0038975 0.657422
0.003897502 0.670312
0.0038995 0.670312
0.003899502 0.683203
0.0039004 0.683203
0.003900402 0.696094
0.0039024 0.696094
0.003902402 0.708984
0.0039034 0.708984
0.003903402 0.721875
0.0039053 0.721875
0.003905302 0.734766
0.0039073 0.734766
0.003907302 0.747656
0.0039083 0.747656
0.003908302 0.760547
0.0039102 0.760547
0.003910202 0.773438
0.0039112 0.773438
0.003911202 0.786328
0.0039131 0.786328
0.003913102 0.799219
0.0039141 0.799219
0.003914102 0.812109
0.0039161 0.812109
0.003916102 0.825
0.003917 0.825
0.003917002 0.837891
0.003919 0.837891
0.003919002 0.850781
0.00392 0.850781
0.003920002 0.863672
0.0039219 0.863672
0.003921902 0.876562
0.0039229 0.876562
0.003922902 0.889453
0.0039239 0.889453
0.003923902 0.902344
0.0039258 0.902344
0.003925802 0.915234
0.0039268 0.915234
0.003926802 0.928125
0.0039288 0.928125
0.003928802 0.941016
0.0039297 0.941016
0.003929702 0.953906
0.0039317 0.953906
0.003931702 0.966797
0.0039327 0.966797
0.003932702 0.979687
0.0039337 0.979687
0.003933702 0.992578
0.0039356 0.992578
0.003935602 1.005469
0.0039366 1.005469
0.003936602 1.018359
0.0039385 1.018359
0.003938502 1.03125
0.0039395 1.03125
0.003939502 1.044141
0.0039405 1.044141
0.003940502 1.057031
0.0039424 1.057031
0.003942402 1.069922
0.0039434 1.069922
0.003943402 1.082812
0.0039454 1.082812
0.003945402 1.095703
0.0039463 1.095703
0.003946302 1.108594
0.0039473 1.108594
0.003947302 1.121484
0.0039493 1.121484
0.003949302 1.134375
0.0039503 1.134375
0.003950302 1.147266
0.0039512 1.147266
0.003951202 1.160156
0.0039532 1.160156
0.003953202 1.173047
0.0039542 1.173047
0.003954202 1.185937
0.0039551 1.185937
0.003955102 1.198828
0.0039571 1.198828
0.003957102 1.211719
0.0039581 1.211719
0.003958102 1.224609
0.003959 1.224609
0.003959002 1.2375
0.003961 1.2375
0.003961002 1.250391
0.003962 1.250391
0.003962002 1.263281
0.0039629 1.263281
0.003962902 1.276172
0.0039649 1.276172
0.003964902 1.289062
0.0039659 1.289062
0.003965902 1.301953
0.0039669 1.301953
0.003966902 1.314844
0.0039688 1.314844
0.003968802 1.327734
0.0039698 1.327734
0.003969802 1.340625
0.0039708 1.340625
0.003970802 1.353516
0.0039717 1.353516
0.003971702 1.366406
0.0039737 1.366406
0.003973702 1.379297
0.0039747 1.379297
0.003974702 1.392187
0.0039756 1.392187
0.003975602 1.405078
0.0039776 1.405078
0.003977602 1.417969
0.0039786 1.417969
0.003978602 1.430859
0.0039795 1.430859
0.003979502 1.44375
0.0039815 1.44375
0.003981502 1.456641
0.0039825 1.456641
0.003982502 1.469531
0.0039835 1.469531
0.003983502 1.482422
0.0039844 1.482422
0.003984402 1.495312
0.0039864 1.495312
0.003986402 1.508203
0.0039874 1.508203
0.003987402 1.521094
0.0039883 1.521094
0.003988302 1.533984
0.0039903 1.533984
0.003990302 1.546875
0.0039913 1.546875
0.003991302 1.559766
0.0039922 1.559766
0.003992202 1.572656
0.0039932 1.572656
0.003993202 1.585547
0.0039952 1.585547
0.003995202 1.598437
0.0039962 1.598437
0.003996202 1.611328
0.0039971 1.611328
0.003997102 1.624219
0.0039991 1.624219
0.003999102 1.637109
0.0040001 1.637109
0.004000102 1.65
0.004001 1.65
0.004001002 1.662891
0.004002 1.662891
0.004002002 1.675781
0.004004 1.675781
0.004004002 1.688672
0.0040049 1.688672
0.004004902 1.701562
0.0040059 1.701562
0.004005902 1.714453
0.0040079 1.714453
0.004007902 1.727344
0.0040088 1.727344
0.004008802 1.740234
0.0040098 1.740234
0.004009802 1.753125
0.0040108 1.753125
0.004010802 1.766016
0.0040128 1.766016
0.004012802 1.778906
0.0040137 1.778906
0.004013702 1.791797
0.0040147 1.791797
0.004014702 1.804688
0.0040167 1.804688
0.004016702 1.817578
0.0040176 1.817578
0.004017602 1.830469
0.0040186 1.830469
0.004018602 1.843359
0.0040196 1.843359
0.004019602 1.85625
0.0040215 1.85625
0.004021502 1.869141
0.0040225 1.869141
0.004022502 1.882031
0.0040235 1.882031
0.004023502 1.894922
0.0040254 1.894922
0.004025402 1.907812
0.0040264 1.907812
0.004026402 1.920703
0.0040274 1.920703
0.004027402 1.933594
0.0040294 1.933594
0.004029402 1.946484
0.0040303 1.946484
0.004030302 1.959375
0.0040313 1.959375
0.004031302 1.972266
0.0040323 1.972266
0.004032302 1.985156
0.0040342 1.985156
0.004034202 1.998047
0.0040352 1.998047
0.004035202 2.010937
0.0040362 2.010937
0.004036202 2.023828
0.0040381 2.023828
0.004038102 2.036719
0.0040391 2.036719
0.004039102 2.049609
0.0040401 2.049609
0.004040102 2.0625
0.004042 2.0625
0.004042002 2.075391
0.004043 2.075391
0.004043002 2.088281
0.004044 2.088281
0.004044002 2.101172
0.004046 2.101172
0.004046002 2.114062
0.0040469 2.114062
0.004046902 2.126953
0.0040479 2.126953
0.004047902 2.139844
0.0040499 2.139844
0.004049902 2.152734
0.0040508 2.152734
0.004050802 2.165625
0.0040518 2.165625
0.004051802 2.178516
0.0040538 2.178516
0.004053802 2.191406
0.0040547 2.191406
0.004054702 2.204297
0.0040557 2.204297
0.004055702 2.217188
0.0040577 2.217188
0.004057702 2.230078
0.0040587 2.230078
0.004058702 2.242969
0.0040606 2.242969
0.004060602 2.255859
0.0040616 2.255859
0.004061602 2.26875
0.0040626 2.26875
0.004062602 2.281641
0.0040645 2.281641
0.004064502 2.294531
0.0040655 2.294531
0.004065502 2.307422
0.0040674 2.307422
0.004067402 2.320312
0.0040684 2.320312
0.004068402 2.333203
0.0040694 2.333203
0.004069402 2.346094
0.0040713 2.346094
0.004071302 2.358984
0.0040723 2.358984
0.004072302 2.371875
0.0040743 2.371875
0.004074302 2.384766
0.0040753 2.384766
0.004075302 2.397656
0.0040772 2.397656
0.004077202 2.410547
0.0040782 2.410547
0.004078202 2.423437
0.0040792 2.423437
0.004079202 2.436328
0.0040811 2.436328
0.004081102 2.449219
0.0040821 2.449219
0.004082102 2.462109
0.004084 2.462109
0.004084002 2.475
0.004085 2.475
0.004085002 2.487891
0.004087 2.487891
0.004087002 2.500781
0.0040879 2.500781
0.004087902 2.513672
0.0040899 2.513672
0.004089902 2.526562
0.0040909 2.526562
0.004090902 2.539453
0.0040928 2.539453
0.004092802 2.552344
0.0040938 2.552344
0.004093802 2.565234
0.0040958 2.565234
0.004095802 2.578125
0.0040977 2.578125
0.004097702 2.591016
0.0040987 2.591016
0.004098702 2.603906
0.0041006 2.603906
0.004100602 2.616797
0.0041016 2.616797
0.004101602 2.629687
0.0041036 2.629687
0.004103602 2.642578
0.0041045 2.642578
0.004104502 2.655469
0.0041065 2.655469
0.004106502 2.668359
0.0041085 2.668359
0.004108502 2.68125
0.0041094 2.68125
0.004109402 2.694141
0.0041114 2.694141
0.004111402 2.707031
0.0041133 2.707031
0.004113302 2.719922
0.0041143 2.719922
0.004114302 2.732812
0.0041163 2.732812
0.004116302 2.745703
0.0041182 2.745703
0.004118202 2.758594
0.0041202 2.758594
0.004120202 2.771484
0.0041212 2.771484
0.004121202 2.784375
0.0041231 2.784375
0.004123102 2.797266
0.0041251 2.797266
0.004125102 2.810156
0.004127 2.810156
0.004127002 2.823047
0.004129 2.823047
0.004129002 2.835938
0.0041299 2.835938
0.004129902 2.848828
0.0041319 2.848828
0.004131902 2.861719
0.0041338 2.861719
0.004133802 2.874609
0.0041358 2.874609
0.004135802 2.8875
0.0041378 2.8875
0.004137802 2.900391
0.0041397 2.900391
0.004139702 2.913281
0.0041417 2.913281
0.004141702 2.926172
0.0041436 2.926172
0.004143602 2.939062
0.0041456 2.939062
0.004145602 2.951953
0.0041475 2.951953
0.004147502 2.964844
0.0041504 2.964844
0.004150402 2.977734
0.0041524 2.977734
0.004152402 2.990625
0.0041544 2.990625
0.004154402 3.003516
0.0041563 3.003516
0.004156302 3.016406
0.0041592 3.016406
0.004159202 3.029297
0.0041612 3.029297
0.004161202 3.042187
0.0041631 3.042187
0.004163102 3.055078
0.0041661 3.055078
0.004166102 3.067969
0.004168 3.067969
0.004168002 3.080859
0.004171 3.080859
0.004171002 3.09375
0.0041739 3.09375
0.004173902 3.106641
0.0041768 3.106641
0.004176802 3.119531
0.0041797 3.119531
0.004179702 3.132422
0.0041827 3.132422
0.004182702 3.145312
0.0041856 3.145312
0.004185602 3.158203
0.0041885 3.158203
0.004188502 3.171094
0.0041924 3.171094
0.004192402 3.183984
0.0041954 3.183984
0.004195402 3.196875
0.0041993 3.196875
0.004199302 3.209766
0.0042032 3.209766
0.004203202 3.222656
0.0042081 3.222656
0.004208102 3.235547
0.0042129 3.235547
0.004212902 3.248437
0.0042188 3.248437
0.004218802 3.261328
0.0042256 3.261328
0.004225602 3.274219
0.0042364 3.274219
0.004236402 3.287109
0.0042647 3.287109
0.004264702 3.274219
0.0042754 3.274219
0.004275402 3.261328
0.0042823 3.261328
0.004282302 3.248437
0.0042881 3.248437
0.004288102 3.235547
0.004293 3.235547
0.004293002 3.222656
0.0042979 3.222656
0.004297902 3.209766
0.0043018 3.209766
0.004301802 3.196875
0.0043057 3.196875
0.004305702 3.183984
0.0043087 3.183984
0.004308702 3.171094
0.0043126 3.171094
0.004312602 3.158203
0.0043155 3.158203
0.004315502 3.145312
0.0043184 3.145312
0.004318402 3.132422
0.0043213 3.132422
0.004321302 3.119531
0.0043243 3.119531
0.004324302 3.106641
0.0043272 3.106641
0.004327202 3.09375
0.0043301 3.09375
0.004330102 3.080859
0.0043331 3.080859
0.004333102 3.067969
0.004335 3.067969
0.004335002 3.055078
0.0043379 3.055078
0.004337902 3.042187
0.0043399 3.042187
0.004339902 3.029297
0.0043419 3.029297
0.004341902 3.016406
0.0043448 3.016406
0.004344802 3.003516
0.0043467 3.003516
0.004346702 2.990625
0.0043487 2.990625
0.004348702 2.977734
0.0043506 2.977734
0.004350602 2.964844
0.0043536 2.964844
0.004353602 2.951953
0.0043555 2.951953
0.004355502 2.939062
0.0043575 2.939062
0.004357502 2.926172
0.0043594 2.926172
0.004359402 2.913281
0.0043614 2.913281
0.004361402 2.900391
0.0043633 2.900391
0.004363302 2.8875
0.0043653 2.8875
0.004365302 2.874609
0.0043672 2.874609
0.004367202 2.861719
0.0043692 2.861719
0.004369202 2.848828
0.0043712 2.848828
0.004371202 2.835938
0.0043721 2.835938
0.004372102 2.823047
0.0043741 2.823047
0.004374102 2.810156
0.004376 2.810156
0.004376002 2.797266
0.004378 2.797266
0.004378002 2.784375
0.0043799 2.784375
0.004379902 2.771484
0.0043809 2.771484
0.004380902 2.758594
0.0043829 2.758594
0.004382902 2.745703
0.0043848 2.745703
0.004384802 2.732812
0.0043868 2.732812
0.004386802 2.719922
0.0043878 2.719922
0.004387802 2.707031
0.0043897 2.707031
0.004389702 2.694141
0.0043917 2.694141
0.004391702 2.68125
0.0043926 2.68125
0.004392602 2.668359
0.0043946 2.668359
0.004394602 2.655469
0.0043965 2.655469
0.004396502 2.642578
0.0043975 2.642578
0.004397502 2.629687
0.0043995 2.629687
0.004399502 2.616797
0.0044004 2.616797
0.004400402 2.603906
0.0044024 2.603906
0.004402402 2.591016
0.0044034 2.591016
0.004403402 2.578125
0.0044053 2.578125
0.004405302 2.565234
0.0044073 2.565234
0.004407302 2.552344
0.0044083 2.552344
0.004408302 2.539453
0.0044102 2.539453
0.004410202 2.526562
0.0044112 2.526562
0.004411202 2.513672
0.0044131 2.513672
0.004413102 2.500781
0.0044141 2.500781
0.004414102 2.487891
0.0044161 2.487891
0.004416102 2.475
0.004417 2.475
0.004417002 2.462109
0.004419 2.462109
0.004419002 2.449219
0.00442 2.449219
0.004420002 2.436328
0.0044219 2.436328
0.004421902 2.423437
0.0044229 2.423437
0.004422902 2.410547
0.0044239 2.410547
0.004423902 2.397656
0.0044258 2.397656
0.004425802 2.384766
0.0044268 2.384766
0.004426802 2.371875
0.0044288 2.371875
0.004428802 2.358984
0.0044297 2.358984
0.004429702 2.346094
0.0044317 2.346094
0.004431702 2.333203
0.0044327 2.333203
0.004432702 2.320312
0.0044337 2.320312
0.004433702 2.307422
0.0044356 2.307422
0.004435602 2.294531
0.0044366 2.294531
0.004436602 2.281641
0.0044385 2.281641
0.004438502 2.26875
0.0044395 2.26875
0.004439502 2.255859
0.0044405 2.255859
0.004440502 2.242969
0.0044424 2.242969
0.004442402 2.230078
0.0044434 2.230078
0.004443402 2.217188
0.0044454 2.217188
0.004445402 2.204297
0.0044463 2.204297
0.004446302 2.191406
0.0044473 2.191406
0.004447302 2.178516
0.0044493 2.178516
0.004449302 2.165625
0.0044503 2.165625
0.004450302 2.152734
0.0044512 2.152734
0.004451202 2.139844
0.0044532 2.139844
0.004453202 2.126953
0.0044542 2.126953
0.004454202 2.114062
0.0044551 2.114062
0.004455102 2.101172
0.0044571 2.101172
0.004457102 2.088281
0.0044581 2.088281
0.004458102 2.075391
0.004459 2.075391
0.004459002 2.0625
0.004461 2.0625
0.004461002 2.049609
0.004462 2.049609
0.004462002 2.036719
0.0044629 2.036719
0.004462902 2.023828
0.0044649 2.023828
0.004464902 2.010937
0.0044659 2.010937
0.004465902 1.998047
0.0044669 1.998047
0.004466902 1.985156
0.0044688 1.985156
0.004468802 1.972266
0.0044698 1.972266
0.004469802 1.959375
0.0044708 1.959375
0.004470802 1.946484
0.0044717 1.946484
0.004471702 1.933594
0.0044737 1.933594
0.004473702 1.920703
0.0044747 1.920703
0.004474702 1.907812
0.0044756 1.907812
0.004475602 1.894922
0.0044776 1.894922
0.004477602 1.882031
0.0044786 1.882031
0.004478602 1.869141
0.0044795 1.869141
0.004479502 1.85625
0.0044815 1.85625
0.004481502 1.843359
0.0044825 1.843359
0.004482502 1.830469
0.0044835 1.830469
0.004483502 1.817578
0.0044844 1.817578
0.004484402 1.804688
0.0044864 1.804688
0.004486402 1.791797
0.0044874 1.791797
0.004487402 1.778906
0.0044883 1.778906
0.004488302 1.766016
0.0044903 1.766016
0.004490302 1.753125
0.0044913 1.753125
0.004491302 1.740234
0.0044922 1.740234
0.004492202 1.727344
0.0044932 1.727344
0.004493202 1.714453
0.0044952 1.714453
0.004495202 1.701562
0.0044962 1.701562
0.004496202 1.688672
0.0044971 1.688672
0.004497102 1.675781
0.0044991 1.675781
0.004499102 1.662891
0.0045001 1.662891
0.004500102 1.65
0.004501 1.65
0.004501002 1.637109
0.004502 1.637109
0.004502002 1.624219
0.004504 1.624219
0.004504002 1.611328
0.0045049 1.611328
0.004504902 1.598437
0.0045059 1.598437
0.004505902 1.585547
0.0045079 1.585547
0.004507902 1.572656
0.0045088 1.572656
0.004508802 1.559766
0.0045098 1.559766
0.004509802 1.546875
0.0045108 1.546875
0.004510802 1.533984
0.0045128 1.533984
0.004512802 1.521094
0.0045137 1.521094
0.004513702 1.508203
0.0045147 1.508203
0.004514702 1.495312
0.0045167 1.495312
0.004516702 1.482422
0.0045176 1.482422
0.004517602 1.469531
0.0045186 1.469531
0.004518602 1.456641
0.0045196 1.456641
0.004519602 1.44375
0.0045215 1.44375
0.004521502 1.430859
0.0045225 1.430859
0.004522502 1.417969
0.0045235 1.417969
0.004523502 1.405078
0.0045254 1.405078
0.004525402 1.392187
0.0045264 1.392187
0.004526402 1.379297
0.0045274 1.379297
0.004527402 1.366406
0.0045294 1.366406
0.004529402 1.353516
0.0045303 1.353516
0.004530302 1.340625
0.0045313 1.340625
0.004531302 1.327734
0.0045323 1.327734
0.004532302 1.314844
0.0045342 1.314844
0.004534202 1.301953
0.0045352 1.301953
0.004535202 1.289062
0.0045362 1.289062
0.004536202 1.276172
0.0045381 1.276172
0.004538102 1.263281
0.0045391 1.263281
0.004539102 1.250391
0.0045401 1.250391
0.004540102 1.2375
0.004542 1.2375
0.004542002 1.224609
0.004543 1.224609
0.004543002 1.211719
0.004544 1.211719
0.004544002 1.198828
0.004546 1.198828
0.004546002 1.185937
0.0045469 1.185937
0.004546902 1.173047
0.0045479 1.173047
0.004547902 1.160156
0.0045499 1.160156
0.004549902 1.147266
0.0045508 1.147266
0.004550802 1.134375
0.0045518 1.134375
0.004551802 1.121484
0.0045538 1.121484
0.004553802 1.108594
0.0045547 1.108594
0.004554702 1.095703
0.0045557 1.095703
0.004555702 1.082812
0.0045577 1.082812
0.004557702 1.069922
0.0045587 1.069922
0.004558702 1.057031
0.0045606 1.057031
0.004560602 1.044141
0.0045616 1.044141
0.004561602 1.03125
0.0045626 1.03125
0.004562602 1.018359
0.0045645 1.018359
0.004564502 1.005469
0.0045655 1.005469
0.004565502 0.992578
0.0045674 0.992578
0.004567402 0.979687
0.0045684 0.979687
0.004568402 0.966797
0.0045694 0.966797
0.004569402 0.953906
0.0045713 0.953906
0.004571302 0.941016
0.0045723 0.941016
0.004572302 0.928125
0.0045743 0.928125
0.004574302 0.915234
0.0045753 0.915234
0.004575302 0.902344
0.0045772 0.902344
0.004577202 0.889453
0.0045782 0.889453
0.004578202 0.876562
0.0045792 0.876562
0.004579202 0.863672
0.0045811 0.863672
0.004581102 0.850781
0.0045821 0.850781
0.004582102 0.837891
0.004584 0.837891
0.004584002 0.825
0.004585 0.825
0.004585002 0.812109
0.004587 0.812109
0.004587002 0.799219
0.0045879 0.799219
0.004587902 0.786328
0.0045899 0.786328
0.004589902 0.773438
0.0045909 0.773438
0.004590902 0.760547
0.0045928 0.760547
0.004592802 0.747656
0.0045938 0.747656
0.004593802 0.734766
0.0045958 0.734766
0.004595802 0.721875
0.0045977 0.721875
0.004597702 0.708984
0.0045987 0.708984
0.004598702 0.696094
0.0046006 0.696094
0.004600602 0.683203
0.0046016 0.683203
0.004601602 0.670312
0.0046036 0.670312
0.004603602 0.657422
0.0046046 0.657422
0.004604602 0.644531
0.0046065 0.644531
0.004606502 0.631641
0.0046085 0.631641
0.004608502 0.61875
0.0046094 0.61875
0.004609402 0.605859
0.0046114 0.605859
0.004611402 0.592969
0.0046133 0.592969
0.004613302 0.580078
0.0046143 0.580078
0.004614302 0.567187
0.0046163 0.567187
0.004616302 0.554297
0.0046182 0.554297
0.004618202 0.541406
0.0046202 0.541406
0.004620202 0.528516
0.0046212 0.528516
0.004621202 0.515625
0.0046231 0.515625
0.004623102 0.502734
0.0046251 0.502734
0.004625102 0.489844
0.004627 0.489844
0.004627002 0.476953
0.004629 0.476953
0.004629002 0.464062
0.0046299 0.464062
0.004629902 0.451172
0.0046319 0.451172
0.004631902 0.438281
0.0046338 0.438281
0.004633802 0.425391
0.0046358 0.425391
0.004635802 0.4125
0.0046378 0.4125
0.004637802 0.399609
0.0046397 0.399609
0.004639702 0.386719
0.0046417 0.386719
0.004641702 0.373828
0.0046436 0.373828
0.004643602 0.360937
0.0046456 0.360937
0.004645602 0.348047
0.0046475 0.348047
0.004647502 0.335156
0.0046504 0.335156
0.004650402 0.322266
0.0046524 0.322266
0.004652402 0.309375
0.0046544 0.309375
0.004654402 0.296484
0.0046563 0.296484
0.004656302 0.283594
0.0046592 0.283594
0.004659202 0.270703
0.0046612 0.270703
0.004661202 0.257812
0.0046631 0.257812
0.004663102 0.244922
0.0046661 0.244922
0.004666102 0.232031
0.004668 0.232031
0.004668002 0.219141
0.004671 0.219141
0.004671002 0.20625
0.0046739 0.20625
0.004673902 0.193359
0.0046768 0.193359
0.004676802 0.180469
0.0046797 0.180469
0.004679702 0.167578
0.0046827 0.167578
0.004682702 0.154687
0.0046856 0.154687
0.004685602 0.141797
0.0046885 0.141797
0.004688502 0.128906
0.0046924 0.128906
0.004692402 0.116016
0.0046954 0.116016
0.004695402 0.103125
0.0046993 0.103125
0.004699302 0.090234
0.0047032 0.090234
0.004703202 0.077344
0.0047081 0.077344
0.004708102 0.064453
0.0047129 0.064453
0.004712902 0.051562
0.0047188 0.051562
0.004718802 0.038672
0.0047256 0.038672
0.004725602 0.025781
0.0047364 0.025781
0.004736402 0.012891
0.0047647 0.012891
0.004764702 0.025781
0.0047754 0.025781
0.004775402 0.038672
0.0047823 0.038672
0.004782302 0.051562
0.0047881 0.051562
0.004788102 0.064453
0.004793 0.064453
0.004793002 0.077344
0.0047979 0.077344
0.004797902 0.090234
0.0048018 0.090234
0.004801802 0.103125
0.0048057 0.103125
0.004805702 0.116016
0.0048087 0.116016
0.004808702 0.128906
0.0048126 0.128906
0.004812602 0.141797
0.0048155 0.141797
0.004815502 0.154687
0.0048184 0.154687
0.004818402 0.167578
0.0048213 0.167578
0.004821302 0.180469
0.0048243 0.180469
0.004824302 0.193359
0.0048272 0.193359
0.004827202 0.20625
0.0048301 0.20625
0.004830102 0.219141
0.0048331 0.219141
0.004833102 0.232031
0.004835 0.232031
0.004835002 0.244922
0.0048379 0.244922
0.004837902 0.257812
0.0048399 0.257812
0.004839902 0.270703
0.0048419 0.270703
0.004841902 0.283594
0.0048448 0.283594
0.004844802 0.296484
0.0048467 0.296484
0.004846702 0.309375
0.0048487 0.309375
0.004848702 0.322266
0.0048506 0.322266
0.004850602 0.335156
0.0048536 0.335156
0.004853602 0.348047
0.0048555 0.348047
0.004855502 0.360937
0.0048575 0.360937
0.004857502 0.373828
0.0048594 0.373828
0.004859402 0.386719
0.0048614 0.386719
0.004861402 0.399609
0.0048633 0.399609
0.004863302 0.4125
0.0048653 0.4125
0.004865302 0.425391
0.0048672 0.425391
0.004867202 0.438281
0.0048692 0.438281
0.004869202 0.451172
0.0048712 0.451172
0.004871202 0.464062
0.0048721 0.464062
0.004872102 0.476953
0.0048741 0.476953
0.004874102 0.489844
0.004876 0.489844
0.004876002 0.502734
0.004878 0.502734
0.004878002 0.515625
0.0048799 0.515625
0.004879902 0.528516
0.0048809 0.528516
0.004880902 0.541406
0.0048829 0.541406
0.004882902 0.554297
0.0048848 0.554297
0.004884802 0.567187
0.0048868 0.567187
0.004886802 0.580078
0.0048878 0.580078
0.004887802 0.592969
0.0048897 0.592969
0.004889702 0.605859
0.0048917 0.605859
0.004891702 0.61875
0.0048926 0.61875
0.004892602 0.631641
0.0048946 0.631641
0.004894602 0.644531
0.0048965 0.644531
0.004896502 0.657422
0.0048975 0.657422
0.004897502 0.670312
0.0048995 0.670312
0.004899502 0.683203
0.0049004 0.683203
0.004900402 0.696094
0.0049024 0.696094
0.004902402 0.708984
0.0049034 0.708984
0.004903402 0.721875
0.0049053 0.721875
0.004905302 0.734766
0.0049073 0.734766
0.004907302 0.747656
0.0049083 0.747656
0.004908302 0.760547
0.0049102 0.760547
0.004910202 0.773438
0.0049112 0.773438
0.004911202 0.786328
0.0049131 0.786328
0.004913102 0.799219
0.0049141 0.799219
0.004914102 0.812109
0.0049161 0.812109
0.004916102 0.825
0.0049171 0.825
0.004917102 0.837891
0.004919 0.837891
0.004919002 0.850781
0.00492 0.850781
0.004920002 0.863672
0.0049219 0.863672
0.004921902 0.876562
0.0049229 0.876562
0.004922902 0.889453
0.0049239 0.889453
0.004923902 0.902344
0.0049258 0.902344
0.004925802 0.915234
0.0049268 0.915234
0.004926802 0.928125
0.0049288 0.928125
0.004928802 0.941016
0.0049297 0.941016
0.004929702 0.953906
0.0049317 0.953906
0.004931702 0.966797
0.0049327 0.966797
0.004932702 0.979687
0.0049337 0.979687
0.004933702 0.992578
0.0049356 0.992578
0.004935602 1.005469
0.0049366 1.005469
0.004936602 1.018359
0.0049385 1.018359
0.004938502 1.03125
0.0049395 1.03125
0.004939502 1.044141
0.0049405 1.044141
0.004940502 1.057031
0.0049424 1.057031
0.004942402 1.069922
0.0049434 1.069922
0.004943402 1.082812
0.0049454 1.082812
0.004945402 1.095703
0.0049463 1.095703
0.004946302 1.108594
0.0049473 1.108594
0.004947302 1.121484
0.0049493 1.121484
0.004949302 1.134375
0.0049503 1.134375
0.004950302 1.147266
0.0049512 1.147266
0.004951202 1.160156
0.0049532 1.160156
0.004953202 1.173047
0.0049542 1.173047
0.004954202 1.185937
0.0049551 1.185937
0.004955102 1.198828
0.0049571 1.198828
0.004957102 1.211719
0.0049581 1.211719
0.004958102 1.224609
0.004959 1.224609
0.004959002 1.2375
0.004961 1.2375
0.004961002 1.250391
0.004962 1.250391
0.004962002 1.263281
0.0049629 1.263281
0.004962902 1.276172
0.0049649 1.276172
0.004964902 1.289062
0.0049659 1.289062
0.004965902 1.301953
0.0049669 1.301953
0.004966902 1.314844
0.0049688 1.314844
0.004968802 1.327734
0.0049698 1.327734
0.004969802 1.340625
0.0049708 1.340625
0.004970802 1.353516
0.0049717 1.353516
0.004971702 1.366406
0.0049737 1.366406
0.004973702 1.379297
0.0049747 1.379297
0.004974702 1.392187
0.0049756 1.392187
0.004975602 1.405078
0.0049776 1.405078
0.004977602 1.417969
0.0049786 1.417969
0.004978602 1.430859
0.0049796 1.430859
0.004979602 1.44375
0.0049815 1.44375
0.004981502 1.456641
0.0049825 1.456641
0.004982502 1.469531
0.0049835 1.469531
0.004983502 1.482422
0.0049844 1.482422
0.004984402 1.495312
0.0049864 1.495312
0.004986402 1.508203
0.0049874 1.508203
0.004987402 1.521094
0.0049883 1.521094
0.004988302 1.533984
0.0049903 1.533984
0.004990302 1.546875
0.0049913 1.546875
0.004991302 1.559766
0.0049922 1.559766
0.004992202 1.572656
0.0049932 1.572656
0.004993202 1.585547
0.0049952 1.585547
0.004995202 1.598437
0.0049962 1.598437
0.004996202 1.611328
0.0049971 1.611328
0.004997102 1.624219
0.0049991 1.624219
0.004999102 1.637109
0.0050001 1.637109
