Added Component: Designator=C1(CAPC1608X90X35LL15T15)
Add component (AddParameter): Name = "Manufacturer"; Value = "AVX Interconnect / Elco"; VariantName = "[No Variations]"
Add component (AddParameter): Name = "Part Number"; Value = "06031C472KAZ2A"; VariantName = "[No Variations]"
Added Component: Designator=C2(CAPC1608X90X35LL15T15)
Add component (AddParameter): Name = "Manufacturer"; Value = "AVX Interconnect / Elco"; VariantName = "[No Variations]"
Add component (AddParameter): Name = "Part Number"; Value = "06031C472KAZ2A"; VariantName = "[No Variations]"
Added Component: Designator=C3(CAPC0805(2012)145_N)
Add component (AddParameter): Name = "Case-EIA"; Value = "0805"; VariantName = "[No Variations]"
Add component (AddParameter): Name = "Case-Metric"; Value = "2012"; VariantName = "[No Variations]"
Add component (AddParameter): Name = "Max Thickness"; Value = "1.45 mm"; VariantName = "[No Variations]"
Add component (AddParameter): Name = "Rated Voltage"; Value = "50 V"; VariantName = "[No Variations]"
Add component (AddParameter): Name = "Technology"; Value = "SMT"; VariantName = "[No Variations]"
Add component (AddParameter): Name = "Tolerance"; Value = "Â±5%"; VariantName = "[No Variations]"
Add component (AddParameter): Name = "Value"; Value = "100nF"; VariantName = "[No Variations]"
Added Component: Designator=C4(CAPC0805(2012)145_N)
Add component (AddParameter): Name = "Case-EIA"; Value = "0805"; VariantName = "[No Variations]"
Add component (AddParameter): Name = "Case-Metric"; Value = "2012"; VariantName = "[No Variations]"
Add component (AddParameter): Name = "Max Thickness"; Value = "1.45 mm"; VariantName = "[No Variations]"
Add component (AddParameter): Name = "Rated Voltage"; Value = "50 V"; VariantName = "[No Variations]"
Add component (AddParameter): Name = "Technology"; Value = "SMT"; VariantName = "[No Variations]"
Add component (AddParameter): Name = "Tolerance"; Value = "Â±5%"; VariantName = "[No Variations]"
Add component (AddParameter): Name = "Value"; Value = "100nF"; VariantName = "[No Variations]"
Added Component: Designator=C5(CAPC2013X145X50ML20T25)
Add component (AddParameter): Name = "Manufacturer"; Value = "Kemet"; VariantName = "[No Variations]"
Add component (AddParameter): Name = "Part Number"; Value = "C0805C105M3VACTU"; VariantName = "[No Variations]"
Added Component: Designator=C6(CAPC0805(2012)145_N)
Add component (AddParameter): Name = "Case-EIA"; Value = "0805"; VariantName = "[No Variations]"
Add component (AddParameter): Name = "Case-Metric"; Value = "2012"; VariantName = "[No Variations]"
Add component (AddParameter): Name = "Max Thickness"; Value = "1.45 mm"; VariantName = "[No Variations]"
Add component (AddParameter): Name = "Rated Voltage"; Value = "50 V"; VariantName = "[No Variations]"
Add component (AddParameter): Name = "Technology"; Value = "SMT"; VariantName = "[No Variations]"
Add component (AddParameter): Name = "Tolerance"; Value = "Â±5%"; VariantName = "[No Variations]"
Add component (AddParameter): Name = "Value"; Value = "100nF"; VariantName = "[No Variations]"
Added Component: Designator=C7(CAPC0805(2012)145_N)
Add component (AddParameter): Name = "Case-EIA"; Value = "0805"; VariantName = "[No Variations]"
Add component (AddParameter): Name = "Case-Metric"; Value = "2012"; VariantName = "[No Variations]"
Add component (AddParameter): Name = "Max Thickness"; Value = "1.45 mm"; VariantName = "[No Variations]"
Add component (AddParameter): Name = "Rated Voltage"; Value = "50 V"; VariantName = "[No Variations]"
Add component (AddParameter): Name = "Technology"; Value = "SMT"; VariantName = "[No Variations]"
Add component (AddParameter): Name = "Tolerance"; Value = "Â±5%"; VariantName = "[No Variations]"
Add component (AddParameter): Name = "Value"; Value = "100nF"; VariantName = "[No Variations]"
Added Component: Designator=C8(CAPC2013X145X50ML20T25)
Add component (AddParameter): Name = "Manufacturer"; Value = "Kemet"; VariantName = "[No Variations]"
Add component (AddParameter): Name = "Part Number"; Value = "C0805C105M3VACTU"; VariantName = "[No Variations]"
Added Component: Designator=C9(CAPC2013X94X50LL20T25)
Add component (AddParameter): Name = "Manufacturer"; Value = "AVX Interconnect / Elco"; VariantName = "[No Variations]"
Add component (AddParameter): Name = "Part Number"; Value = "08055A201JAT2A"; VariantName = "[No Variations]"
Added Component: Designator=C10(CAPC2013X127X50NL20T25)
Add component (AddParameter): Name = "Manufacturer"; Value = "AVX Interconnect / Elco"; VariantName = "[No Variations]"
Add component (AddParameter): Name = "Part Number"; Value = "08052C101KAT2A"; VariantName = "[No Variations]"
Added Component: Designator=C?(CAPC0805(2012)145_N)
Add component (AddParameter): Name = "Case-EIA"; Value = "0805"; VariantName = "[No Variations]"
Add component (AddParameter): Name = "Case-Metric"; Value = "2012"; VariantName = "[No Variations]"
Add component (AddParameter): Name = "Max Thickness"; Value = "1.45 mm"; VariantName = "[No Variations]"
Add component (AddParameter): Name = "Rated Voltage"; Value = "50 V"; VariantName = "[No Variations]"
Add component (AddParameter): Name = "Technology"; Value = "SMT"; VariantName = "[No Variations]"
Add component (AddParameter): Name = "Tolerance"; Value = "Â±5%"; VariantName = "[No Variations]"
Add component (AddParameter): Name = "Value"; Value = "100nF"; VariantName = "[No Variations]"
Added Component: Designator=C?(CAPC0805(2012)145_N)
Add component (AddParameter): Name = "Case-EIA"; Value = "0805"; VariantName = "[No Variations]"
Add component (AddParameter): Name = "Case-Metric"; Value = "2012"; VariantName = "[No Variations]"
Add component (AddParameter): Name = "Max Thickness"; Value = "1.45 mm"; VariantName = "[No Variations]"
Add component (AddParameter): Name = "Rated Voltage"; Value = "50 V"; VariantName = "[No Variations]"
Add component (AddParameter): Name = "Technology"; Value = "SMT"; VariantName = "[No Variations]"
Add component (AddParameter): Name = "Tolerance"; Value = "Â±5%"; VariantName = "[No Variations]"
Add component (AddParameter): Name = "Value"; Value = "100nF"; VariantName = "[No Variations]"
Added Component: Designator=C?(CAPC0805(2012)145_N)
Add component (AddParameter): Name = "Case-EIA"; Value = "0805"; VariantName = "[No Variations]"
Add component (AddParameter): Name = "Case-Metric"; Value = "2012"; VariantName = "[No Variations]"
Add component (AddParameter): Name = "Max Thickness"; Value = "1.45 mm"; VariantName = "[No Variations]"
Add component (AddParameter): Name = "Rated Voltage"; Value = "50 V"; VariantName = "[No Variations]"
Add component (AddParameter): Name = "Technology"; Value = "SMT"; VariantName = "[No Variations]"
Add component (AddParameter): Name = "Tolerance"; Value = "Â±5%"; VariantName = "[No Variations]"
Add component (AddParameter): Name = "Value"; Value = "100nF"; VariantName = "[No Variations]"
Added Component: Designator=C?(CAPC0805(2012)145_N)
Add component (AddParameter): Name = "Case-EIA"; Value = "0805"; VariantName = "[No Variations]"
Add component (AddParameter): Name = "Case-Metric"; Value = "2012"; VariantName = "[No Variations]"
Add component (AddParameter): Name = "Max Thickness"; Value = "1.45 mm"; VariantName = "[No Variations]"
Add component (AddParameter): Name = "Rated Voltage"; Value = "50 V"; VariantName = "[No Variations]"
Add component (AddParameter): Name = "Technology"; Value = "SMT"; VariantName = "[No Variations]"
Add component (AddParameter): Name = "Tolerance"; Value = "Â±5%"; VariantName = "[No Variations]"
Add component (AddParameter): Name = "Value"; Value = "100nF"; VariantName = "[No Variations]"
Added Component: Designator=C?(CAPC0805(2012)145_N)
Add component (AddParameter): Name = "Case-EIA"; Value = "0805"; VariantName = "[No Variations]"
Add component (AddParameter): Name = "Case-Metric"; Value = "2012"; VariantName = "[No Variations]"
Add component (AddParameter): Name = "Max Thickness"; Value = "1.45 mm"; VariantName = "[No Variations]"
Add component (AddParameter): Name = "Rated Voltage"; Value = "50 V"; VariantName = "[No Variations]"
Add component (AddParameter): Name = "Technology"; Value = "SMT"; VariantName = "[No Variations]"
Add component (AddParameter): Name = "Tolerance"; Value = "Â±5%"; VariantName = "[No Variations]"
Add component (AddParameter): Name = "Value"; Value = "100nF"; VariantName = "[No Variations]"
Added Component: Designator=C?(CAPC0805(2012)145_N)
Add component (AddParameter): Name = "Case-EIA"; Value = "0805"; VariantName = "[No Variations]"
Add component (AddParameter): Name = "Case-Metric"; Value = "2012"; VariantName = "[No Variations]"
Add component (AddParameter): Name = "Max Thickness"; Value = "1.45 mm"; VariantName = "[No Variations]"
Add component (AddParameter): Name = "Rated Voltage"; Value = "50 V"; VariantName = "[No Variations]"
Add component (AddParameter): Name = "Technology"; Value = "SMT"; VariantName = "[No Variations]"
Add component (AddParameter): Name = "Tolerance"; Value = "Â±5%"; VariantName = "[No Variations]"
Add component (AddParameter): Name = "Value"; Value = "100nF"; VariantName = "[No Variations]"
Added Component: Designator=C?(CAPC0805(2012)145_N)
Add component (AddParameter): Name = "Case-EIA"; Value = "0805"; VariantName = "[No Variations]"
Add component (AddParameter): Name = "Case-Metric"; Value = "2012"; VariantName = "[No Variations]"
Add component (AddParameter): Name = "Max Thickness"; Value = "1.45 mm"; VariantName = "[No Variations]"
Add component (AddParameter): Name = "Rated Voltage"; Value = "50 V"; VariantName = "[No Variations]"
Add component (AddParameter): Name = "Technology"; Value = "SMT"; VariantName = "[No Variations]"
Add component (AddParameter): Name = "Tolerance"; Value = "Â±5%"; VariantName = "[No Variations]"
Add component (AddParameter): Name = "Value"; Value = "100nF"; VariantName = "[No Variations]"
Added Component: Designator=C?(CAPC0805(2012)145_N)
Add component (AddParameter): Name = "Case-EIA"; Value = "0805"; VariantName = "[No Variations]"
Add component (AddParameter): Name = "Case-Metric"; Value = "2012"; VariantName = "[No Variations]"
Add component (AddParameter): Name = "Max Thickness"; Value = "1.45 mm"; VariantName = "[No Variations]"
Add component (AddParameter): Name = "Rated Voltage"; Value = "50 V"; VariantName = "[No Variations]"
Add component (AddParameter): Name = "Technology"; Value = "SMT"; VariantName = "[No Variations]"
Add component (AddParameter): Name = "Tolerance"; Value = "Â±5%"; VariantName = "[No Variations]"
Add component (AddParameter): Name = "Value"; Value = "100nF"; VariantName = "[No Variations]"
Added Component: Designator=C?(CAPC0805(2012)145_N)
Add component (AddParameter): Name = "Case-EIA"; Value = "0805"; VariantName = "[No Variations]"
Add component (AddParameter): Name = "Case-Metric"; Value = "2012"; VariantName = "[No Variations]"
Add component (AddParameter): Name = "Max Thickness"; Value = "1.45 mm"; VariantName = "[No Variations]"
Add component (AddParameter): Name = "Rated Voltage"; Value = "50 V"; VariantName = "[No Variations]"
Add component (AddParameter): Name = "Technology"; Value = "SMT"; VariantName = "[No Variations]"
Add component (AddParameter): Name = "Tolerance"; Value = "Â±5%"; VariantName = "[No Variations]"
Add component (AddParameter): Name = "Value"; Value = "100nF"; VariantName = "[No Variations]"
Added Component: Designator=C?(CAPC0805(2012)145_N)
Add component (AddParameter): Name = "Case-EIA"; Value = "0805"; VariantName = "[No Variations]"
Add component (AddParameter): Name = "Case-Metric"; Value = "2012"; VariantName = "[No Variations]"
Add component (AddParameter): Name = "Max Thickness"; Value = "1.45 mm"; VariantName = "[No Variations]"
Add component (AddParameter): Name = "Rated Voltage"; Value = "50 V"; VariantName = "[No Variations]"
Add component (AddParameter): Name = "Technology"; Value = "SMT"; VariantName = "[No Variations]"
Add component (AddParameter): Name = "Tolerance"; Value = "Â±5%"; VariantName = "[No Variations]"
Add component (AddParameter): Name = "Value"; Value = "100nF"; VariantName = "[No Variations]"
Added Component: Designator=C?(CAPC0805(2012)145_N)
Add component (AddParameter): Name = "Case-EIA"; Value = "0805"; VariantName = "[No Variations]"
Add component (AddParameter): Name = "Case-Metric"; Value = "2012"; VariantName = "[No Variations]"
Add component (AddParameter): Name = "Max Thickness"; Value = "1.45 mm"; VariantName = "[No Variations]"
Add component (AddParameter): Name = "Rated Voltage"; Value = "50 V"; VariantName = "[No Variations]"
Add component (AddParameter): Name = "Technology"; Value = "SMT"; VariantName = "[No Variations]"
Add component (AddParameter): Name = "Tolerance"; Value = "Â±5%"; VariantName = "[No Variations]"
Add component (AddParameter): Name = "Value"; Value = "100nF"; VariantName = "[No Variations]"
Added Component: Designator=C?(CAPC0805(2012)145_N)
Add component (AddParameter): Name = "Case-EIA"; Value = "0805"; VariantName = "[No Variations]"
Add component (AddParameter): Name = "Case-Metric"; Value = "2012"; VariantName = "[No Variations]"
Add component (AddParameter): Name = "Max Thickness"; Value = "1.45 mm"; VariantName = "[No Variations]"
Add component (AddParameter): Name = "Rated Voltage"; Value = "50 V"; VariantName = "[No Variations]"
Add component (AddParameter): Name = "Technology"; Value = "SMT"; VariantName = "[No Variations]"
Add component (AddParameter): Name = "Tolerance"; Value = "Â±5%"; VariantName = "[No Variations]"
Add component (AddParameter): Name = "Value"; Value = "100nF"; VariantName = "[No Variations]"
Added Component: Designator=C?(CAPC0805(2012)145_N)
Add component (AddParameter): Name = "Case-EIA"; Value = "0805"; VariantName = "[No Variations]"
Add component (AddParameter): Name = "Case-Metric"; Value = "2012"; VariantName = "[No Variations]"
Add component (AddParameter): Name = "Max Thickness"; Value = "1.45 mm"; VariantName = "[No Variations]"
Add component (AddParameter): Name = "Rated Voltage"; Value = "50 V"; VariantName = "[No Variations]"
Add component (AddParameter): Name = "Technology"; Value = "SMT"; VariantName = "[No Variations]"
Add component (AddParameter): Name = "Tolerance"; Value = "Â±5%"; VariantName = "[No Variations]"
Add component (AddParameter): Name = "Value"; Value = "100nF"; VariantName = "[No Variations]"
Added Component: Designator=C?(FP-C0805C-DN-MFG)
Add component (AddParameter): Name = "Automotive"; Value = "No"; VariantName = "[No Variations]"
Add component (AddParameter): Name = "Capacitance"; Value = "6,800 pF"; VariantName = "[No Variations]"
Add component (AddParameter): Name = "Category"; Value = "Cap"; VariantName = "[No Variations]"
Add component (AddParameter): Name = "ComponentLink2Description"; Value = "Datasheet"; VariantName = "[No Variations]"
Add component (AddParameter): Name = "ComponentLink2URL"; Value = "https://content.kemet.com/datasheets/KEM_C1003_C0G_SMD.pdf"; VariantName = "[No Variations]"
Add component (AddParameter): Name = "Device Class L1"; Value = "Passive Components"; VariantName = "[No Variations]"
Add component (AddParameter): Name = "Device Class L2"; Value = "Capacitors"; VariantName = "[No Variations]"
Add component (AddParameter): Name = "Device Class L3"; Value = "Ceramic Capacitors"; VariantName = "[No Variations]"
Add component (AddParameter): Name = "Height"; Value = "0.88mm"; VariantName = "[No Variations]"
Add component (AddParameter): Name = "Ipc Land Pattern Name"; Value = "CAPC200125X78"; VariantName = "[No Variations]"
Add component (AddParameter): Name = "Lead Free"; Value = "Yes"; VariantName = "[No Variations]"
Add component (AddParameter): Name = "Manufacturer"; Value = "KEMET"; VariantName = "[No Variations]"
Add component (AddParameter): Name = "Manufacturer Part Number"; Value = "C0805C682K5RACAUTO"; VariantName = "[No Variations]"
Add component (AddParameter): Name = "Material"; Value = "Ceramic"; VariantName = "[No Variations]"
Add component (AddParameter): Name = "Octopart"; Value = "https://octopart.com/c0805c682k5racauto-kemet-71515130"; VariantName = "[No Variations]"
Add component (AddParameter): Name = "Package"; Value = "C0805C-DN"; VariantName = "[No Variations]"
Add component (AddParameter): Name = "RoHS"; Value = "TRUE"; VariantName = "[No Variations]"
Add component (AddParameter): Name = "Temperature"; Value = "-55°C to +125°C"; VariantName = "[No Variations]"
Add component (AddParameter): Name = "Temperature Characteristic"; Value = "X7R"; VariantName = "[No Variations]"
Add component (AddParameter): Name = "Temperature Coefficient"; Value = "30ppm/°C"; VariantName = "[No Variations]"
Add component (AddParameter): Name = "Temperature Range High"; Value = "+125°C"; VariantName = "[No Variations]"
Add component (AddParameter): Name = "Temperature Range Low"; Value = "-55°C"; VariantName = "[No Variations]"
Add component (AddParameter): Name = "Tolerance"; Value = "0.1"; VariantName = "[No Variations]"
Add component (AddParameter): Name = "Value"; Value = "6,800 pF"; VariantName = "[No Variations]"
Add component (AddParameter): Name = "Voltage Rating"; Value = "50 V"; VariantName = "[No Variations]"
Added Component: Designator=C?(FP-C0805C-DN-MFG)
Add component (AddParameter): Name = "Automotive"; Value = "No"; VariantName = "[No Variations]"
Add component (AddParameter): Name = "Capacitance"; Value = "6,800 pF"; VariantName = "[No Variations]"
Add component (AddParameter): Name = "Category"; Value = "Cap"; VariantName = "[No Variations]"
Add component (AddParameter): Name = "ComponentLink2Description"; Value = "Datasheet"; VariantName = "[No Variations]"
Add component (AddParameter): Name = "ComponentLink2URL"; Value = "https://content.kemet.com/datasheets/KEM_C1003_C0G_SMD.pdf"; VariantName = "[No Variations]"
Add component (AddParameter): Name = "Device Class L1"; Value = "Passive Components"; VariantName = "[No Variations]"
Add component (AddParameter): Name = "Device Class L2"; Value = "Capacitors"; VariantName = "[No Variations]"
Add component (AddParameter): Name = "Device Class L3"; Value = "Ceramic Capacitors"; VariantName = "[No Variations]"
Add component (AddParameter): Name = "Height"; Value = "0.88mm"; VariantName = "[No Variations]"
Add component (AddParameter): Name = "Ipc Land Pattern Name"; Value = "CAPC200125X78"; VariantName = "[No Variations]"
Add component (AddParameter): Name = "Lead Free"; Value = "Yes"; VariantName = "[No Variations]"
Add component (AddParameter): Name = "Manufacturer"; Value = "KEMET"; VariantName = "[No Variations]"
Add component (AddParameter): Name = "Manufacturer Part Number"; Value = "C0805C682K5RACAUTO"; VariantName = "[No Variations]"
Add component (AddParameter): Name = "Material"; Value = "Ceramic"; VariantName = "[No Variations]"
Add component (AddParameter): Name = "Octopart"; Value = "https://octopart.com/c0805c682k5racauto-kemet-71515130"; VariantName = "[No Variations]"
Add component (AddParameter): Name = "Package"; Value = "C0805C-DN"; VariantName = "[No Variations]"
Add component (AddParameter): Name = "RoHS"; Value = "TRUE"; VariantName = "[No Variations]"
Add component (AddParameter): Name = "Temperature"; Value = "-55°C to +125°C"; VariantName = "[No Variations]"
Add component (AddParameter): Name = "Temperature Characteristic"; Value = "X7R"; VariantName = "[No Variations]"
Add component (AddParameter): Name = "Temperature Coefficient"; Value = "30ppm/°C"; VariantName = "[No Variations]"
Add component (AddParameter): Name = "Temperature Range High"; Value = "+125°C"; VariantName = "[No Variations]"
Add component (AddParameter): Name = "Temperature Range Low"; Value = "-55°C"; VariantName = "[No Variations]"
Add component (AddParameter): Name = "Tolerance"; Value = "0.1"; VariantName = "[No Variations]"
Add component (AddParameter): Name = "Value"; Value = "6,800 pF"; VariantName = "[No Variations]"
Add component (AddParameter): Name = "Voltage Rating"; Value = "50 V"; VariantName = "[No Variations]"
Added Component: Designator=C?(CAPC2013X145X50ML20T25)
Add component (AddParameter): Name = "Manufacturer"; Value = "Kemet"; VariantName = "[No Variations]"
Add component (AddParameter): Name = "Part Number"; Value = "C0805C105M3VACTU"; VariantName = "[No Variations]"
Added Component: Designator=C?(FP-C0805C-DN-MFG)
Add component (AddParameter): Name = "Automotive"; Value = "No"; VariantName = "[No Variations]"
Add component (AddParameter): Name = "Capacitance"; Value = "6,800 pF"; VariantName = "[No Variations]"
Add component (AddParameter): Name = "Category"; Value = "Cap"; VariantName = "[No Variations]"
Add component (AddParameter): Name = "ComponentLink2Description"; Value = "Datasheet"; VariantName = "[No Variations]"
Add component (AddParameter): Name = "ComponentLink2URL"; Value = "https://content.kemet.com/datasheets/KEM_C1003_C0G_SMD.pdf"; VariantName = "[No Variations]"
Add component (AddParameter): Name = "Device Class L1"; Value = "Passive Components"; VariantName = "[No Variations]"
Add component (AddParameter): Name = "Device Class L2"; Value = "Capacitors"; VariantName = "[No Variations]"
Add component (AddParameter): Name = "Device Class L3"; Value = "Ceramic Capacitors"; VariantName = "[No Variations]"
Add component (AddParameter): Name = "Height"; Value = "0.88mm"; VariantName = "[No Variations]"
Add component (AddParameter): Name = "Ipc Land Pattern Name"; Value = "CAPC200125X78"; VariantName = "[No Variations]"
Add component (AddParameter): Name = "Lead Free"; Value = "Yes"; VariantName = "[No Variations]"
Add component (AddParameter): Name = "Manufacturer"; Value = "KEMET"; VariantName = "[No Variations]"
Add component (AddParameter): Name = "Manufacturer Part Number"; Value = "C0805C682K5RACAUTO"; VariantName = "[No Variations]"
Add component (AddParameter): Name = "Material"; Value = "Ceramic"; VariantName = "[No Variations]"
Add component (AddParameter): Name = "Octopart"; Value = "https://octopart.com/c0805c682k5racauto-kemet-71515130"; VariantName = "[No Variations]"
Add component (AddParameter): Name = "Package"; Value = "C0805C-DN"; VariantName = "[No Variations]"
Add component (AddParameter): Name = "RoHS"; Value = "TRUE"; VariantName = "[No Variations]"
Add component (AddParameter): Name = "Temperature"; Value = "-55°C to +125°C"; VariantName = "[No Variations]"
Add component (AddParameter): Name = "Temperature Characteristic"; Value = "X7R"; VariantName = "[No Variations]"
Add component (AddParameter): Name = "Temperature Coefficient"; Value = "30ppm/°C"; VariantName = "[No Variations]"
Add component (AddParameter): Name = "Temperature Range High"; Value = "+125°C"; VariantName = "[No Variations]"
Add component (AddParameter): Name = "Temperature Range Low"; Value = "-55°C"; VariantName = "[No Variations]"
Add component (AddParameter): Name = "Tolerance"; Value = "0.1"; VariantName = "[No Variations]"
Add component (AddParameter): Name = "Value"; Value = "6,800 pF"; VariantName = "[No Variations]"
Add component (AddParameter): Name = "Voltage Rating"; Value = "50 V"; VariantName = "[No Variations]"
Added Component: Designator=C?(CAPC2013X145X50ML20T25)
Add component (AddParameter): Name = "Manufacturer"; Value = "Kemet"; VariantName = "[No Variations]"
Add component (AddParameter): Name = "Part Number"; Value = "C0805C105M3VACTU"; VariantName = "[No Variations]"
Added Component: Designator=C?(CAPC2013X145X50ML20T25)
Add component (AddParameter): Name = "Manufacturer"; Value = "Kemet"; VariantName = "[No Variations]"
Add component (AddParameter): Name = "Part Number"; Value = "C0805C105M3VACTU"; VariantName = "[No Variations]"
Added Component: Designator=C?(CAPC2013X145X50ML20T25)
Add component (AddParameter): Name = "Manufacturer"; Value = "Kemet"; VariantName = "[No Variations]"
Add component (AddParameter): Name = "Part Number"; Value = "C0805C105M3VACTU"; VariantName = "[No Variations]"
Added Component: Designator=C?(CAPC2013X145X50ML20T25)
Add component (AddParameter): Name = "Manufacturer"; Value = "Kemet"; VariantName = "[No Variations]"
Add component (AddParameter): Name = "Part Number"; Value = "C0805C105M3VACTU"; VariantName = "[No Variations]"
Added Component: Designator=C?(FP-C0805C-DN-MFG)
Add component (AddParameter): Name = "Automotive"; Value = "No"; VariantName = "[No Variations]"
Add component (AddParameter): Name = "Capacitance"; Value = "22,000 pF"; VariantName = "[No Variations]"
Add component (AddParameter): Name = "Category"; Value = "Cap"; VariantName = "[No Variations]"
Add component (AddParameter): Name = "ComponentLink2Description"; Value = "Datasheet"; VariantName = "[No Variations]"
Add component (AddParameter): Name = "ComponentLink2URL"; Value = "https://content.kemet.com/datasheets/KEM_C1003_C0G_SMD.pdf"; VariantName = "[No Variations]"
Add component (AddParameter): Name = "Device Class L1"; Value = "Passive Components"; VariantName = "[No Variations]"
Add component (AddParameter): Name = "Device Class L2"; Value = "Capacitors"; VariantName = "[No Variations]"
Add component (AddParameter): Name = "Device Class L3"; Value = "Ceramic Capacitors"; VariantName = "[No Variations]"
Add component (AddParameter): Name = "Height"; Value = "0.88mm"; VariantName = "[No Variations]"
Add component (AddParameter): Name = "Ipc Land Pattern Name"; Value = "CAPC200125X78"; VariantName = "[No Variations]"
Add component (AddParameter): Name = "Lead Free"; Value = "Yes"; VariantName = "[No Variations]"
Add component (AddParameter): Name = "Manufacturer"; Value = "KEMET"; VariantName = "[No Variations]"
Add component (AddParameter): Name = "Manufacturer Part Number"; Value = "C0805C223J1RACAUTO"; VariantName = "[No Variations]"
Add component (AddParameter): Name = "Material"; Value = "Ceramic"; VariantName = "[No Variations]"
Add component (AddParameter): Name = "Octopart"; Value = "https://octopart.com/c0805c223j1racauto-kemet-89441580"; VariantName = "[No Variations]"
Add component (AddParameter): Name = "Package"; Value = "C0805C-DN"; VariantName = "[No Variations]"
Add component (AddParameter): Name = "RoHS"; Value = "TRUE"; VariantName = "[No Variations]"
Add component (AddParameter): Name = "Temperature"; Value = "-55°C to +125°C"; VariantName = "[No Variations]"
Add component (AddParameter): Name = "Temperature Characteristic"; Value = "X7R"; VariantName = "[No Variations]"
Add component (AddParameter): Name = "Temperature Coefficient"; Value = "30ppm/°C"; VariantName = "[No Variations]"
Add component (AddParameter): Name = "Temperature Range High"; Value = "+125°C"; VariantName = "[No Variations]"
Add component (AddParameter): Name = "Temperature Range Low"; Value = "-55°C"; VariantName = "[No Variations]"
Add component (AddParameter): Name = "Tolerance"; Value = "0.05"; VariantName = "[No Variations]"
Add component (AddParameter): Name = "Value"; Value = "22,000 pF"; VariantName = "[No Variations]"
Add component (AddParameter): Name = "Voltage Rating"; Value = "100 V"; VariantName = "[No Variations]"
Added Component: Designator=C?(CAPC2013X145X50ML20T25)
Add component (AddParameter): Name = "Manufacturer"; Value = "Kemet"; VariantName = "[No Variations]"
Add component (AddParameter): Name = "Part Number"; Value = "C0805C105M3VACTU"; VariantName = "[No Variations]"
Added Component: Designator=C?(FP-C0805C-DN-MFG)
Add component (AddParameter): Name = "Automotive"; Value = "No"; VariantName = "[No Variations]"
Add component (AddParameter): Name = "Capacitance"; Value = "22,000 pF"; VariantName = "[No Variations]"
Add component (AddParameter): Name = "Category"; Value = "Cap"; VariantName = "[No Variations]"
Add component (AddParameter): Name = "ComponentLink2Description"; Value = "Datasheet"; VariantName = "[No Variations]"
Add component (AddParameter): Name = "ComponentLink2URL"; Value = "https://content.kemet.com/datasheets/KEM_C1003_C0G_SMD.pdf"; VariantName = "[No Variations]"
Add component (AddParameter): Name = "Device Class L1"; Value = "Passive Components"; VariantName = "[No Variations]"
Add component (AddParameter): Name = "Device Class L2"; Value = "Capacitors"; VariantName = "[No Variations]"
Add component (AddParameter): Name = "Device Class L3"; Value = "Ceramic Capacitors"; VariantName = "[No Variations]"
Add component (AddParameter): Name = "Height"; Value = "0.88mm"; VariantName = "[No Variations]"
Add component (AddParameter): Name = "Ipc Land Pattern Name"; Value = "CAPC200125X78"; VariantName = "[No Variations]"
Add component (AddParameter): Name = "Lead Free"; Value = "Yes"; VariantName = "[No Variations]"
Add component (AddParameter): Name = "Manufacturer"; Value = "KEMET"; VariantName = "[No Variations]"
Add component (AddParameter): Name = "Manufacturer Part Number"; Value = "C0805C223J1RACAUTO"; VariantName = "[No Variations]"
Add component (AddParameter): Name = "Material"; Value = "Ceramic"; VariantName = "[No Variations]"
Add component (AddParameter): Name = "Octopart"; Value = "https://octopart.com/c0805c223j1racauto-kemet-89441580"; VariantName = "[No Variations]"
Add component (AddParameter): Name = "Package"; Value = "C0805C-DN"; VariantName = "[No Variations]"
Add component (AddParameter): Name = "RoHS"; Value = "TRUE"; VariantName = "[No Variations]"
Add component (AddParameter): Name = "Temperature"; Value = "-55°C to +125°C"; VariantName = "[No Variations]"
Add component (AddParameter): Name = "Temperature Characteristic"; Value = "X7R"; VariantName = "[No Variations]"
Add component (AddParameter): Name = "Temperature Coefficient"; Value = "30ppm/°C"; VariantName = "[No Variations]"
Add component (AddParameter): Name = "Temperature Range High"; Value = "+125°C"; VariantName = "[No Variations]"
Add component (AddParameter): Name = "Temperature Range Low"; Value = "-55°C"; VariantName = "[No Variations]"
Add component (AddParameter): Name = "Tolerance"; Value = "0.05"; VariantName = "[No Variations]"
Add component (AddParameter): Name = "Value"; Value = "22,000 pF"; VariantName = "[No Variations]"
Add component (AddParameter): Name = "Voltage Rating"; Value = "100 V"; VariantName = "[No Variations]"
Added Component: Designator=C?(FP-C0805C-DN-MFG)
Add component (AddParameter): Name = "Automotive"; Value = "No"; VariantName = "[No Variations]"
Add component (AddParameter): Name = "Capacitance"; Value = "22,000 pF"; VariantName = "[No Variations]"
Add component (AddParameter): Name = "Category"; Value = "Cap"; VariantName = "[No Variations]"
Add component (AddParameter): Name = "ComponentLink2Description"; Value = "Datasheet"; VariantName = "[No Variations]"
Add component (AddParameter): Name = "ComponentLink2URL"; Value = "https://content.kemet.com/datasheets/KEM_C1003_C0G_SMD.pdf"; VariantName = "[No Variations]"
Add component (AddParameter): Name = "Device Class L1"; Value = "Passive Components"; VariantName = "[No Variations]"
Add component (AddParameter): Name = "Device Class L2"; Value = "Capacitors"; VariantName = "[No Variations]"
Add component (AddParameter): Name = "Device Class L3"; Value = "Ceramic Capacitors"; VariantName = "[No Variations]"
Add component (AddParameter): Name = "Height"; Value = "0.88mm"; VariantName = "[No Variations]"
Add component (AddParameter): Name = "Ipc Land Pattern Name"; Value = "CAPC200125X78"; VariantName = "[No Variations]"
Add component (AddParameter): Name = "Lead Free"; Value = "Yes"; VariantName = "[No Variations]"
Add component (AddParameter): Name = "Manufacturer"; Value = "KEMET"; VariantName = "[No Variations]"
Add component (AddParameter): Name = "Manufacturer Part Number"; Value = "C0805C223J1RACAUTO"; VariantName = "[No Variations]"
Add component (AddParameter): Name = "Material"; Value = "Ceramic"; VariantName = "[No Variations]"
Add component (AddParameter): Name = "Octopart"; Value = "https://octopart.com/c0805c223j1racauto-kemet-89441580"; VariantName = "[No Variations]"
Add component (AddParameter): Name = "Package"; Value = "C0805C-DN"; VariantName = "[No Variations]"
Add component (AddParameter): Name = "RoHS"; Value = "TRUE"; VariantName = "[No Variations]"
Add component (AddParameter): Name = "Temperature"; Value = "-55°C to +125°C"; VariantName = "[No Variations]"
Add component (AddParameter): Name = "Temperature Characteristic"; Value = "X7R"; VariantName = "[No Variations]"
Add component (AddParameter): Name = "Temperature Coefficient"; Value = "30ppm/°C"; VariantName = "[No Variations]"
Add component (AddParameter): Name = "Temperature Range High"; Value = "+125°C"; VariantName = "[No Variations]"
Add component (AddParameter): Name = "Temperature Range Low"; Value = "-55°C"; VariantName = "[No Variations]"
Add component (AddParameter): Name = "Tolerance"; Value = "0.05"; VariantName = "[No Variations]"
Add component (AddParameter): Name = "Value"; Value = "22,000 pF"; VariantName = "[No Variations]"
Add component (AddParameter): Name = "Voltage Rating"; Value = "100 V"; VariantName = "[No Variations]"
Added Component: Designator=C?(FP-C0805C-DN-MFG)
Add component (AddParameter): Name = "Automotive"; Value = "No"; VariantName = "[No Variations]"
Add component (AddParameter): Name = "Capacitance"; Value = "22,000 pF"; VariantName = "[No Variations]"
Add component (AddParameter): Name = "Category"; Value = "Cap"; VariantName = "[No Variations]"
Add component (AddParameter): Name = "ComponentLink2Description"; Value = "Datasheet"; VariantName = "[No Variations]"
Add component (AddParameter): Name = "ComponentLink2URL"; Value = "https://content.kemet.com/datasheets/KEM_C1003_C0G_SMD.pdf"; VariantName = "[No Variations]"
Add component (AddParameter): Name = "Device Class L1"; Value = "Passive Components"; VariantName = "[No Variations]"
Add component (AddParameter): Name = "Device Class L2"; Value = "Capacitors"; VariantName = "[No Variations]"
Add component (AddParameter): Name = "Device Class L3"; Value = "Ceramic Capacitors"; VariantName = "[No Variations]"
Add component (AddParameter): Name = "Height"; Value = "0.88mm"; VariantName = "[No Variations]"
Add component (AddParameter): Name = "Ipc Land Pattern Name"; Value = "CAPC200125X78"; VariantName = "[No Variations]"
Add component (AddParameter): Name = "Lead Free"; Value = "Yes"; VariantName = "[No Variations]"
Add component (AddParameter): Name = "Manufacturer"; Value = "KEMET"; VariantName = "[No Variations]"
Add component (AddParameter): Name = "Manufacturer Part Number"; Value = "C0805C223J1RACAUTO"; VariantName = "[No Variations]"
Add component (AddParameter): Name = "Material"; Value = "Ceramic"; VariantName = "[No Variations]"
Add component (AddParameter): Name = "Octopart"; Value = "https://octopart.com/c0805c223j1racauto-kemet-89441580"; VariantName = "[No Variations]"
Add component (AddParameter): Name = "Package"; Value = "C0805C-DN"; VariantName = "[No Variations]"
Add component (AddParameter): Name = "RoHS"; Value = "TRUE"; VariantName = "[No Variations]"
Add component (AddParameter): Name = "Temperature"; Value = "-55°C to +125°C"; VariantName = "[No Variations]"
Add component (AddParameter): Name = "Temperature Characteristic"; Value = "X7R"; VariantName = "[No Variations]"
Add component (AddParameter): Name = "Temperature Coefficient"; Value = "30ppm/°C"; VariantName = "[No Variations]"
Add component (AddParameter): Name = "Temperature Range High"; Value = "+125°C"; VariantName = "[No Variations]"
Add component (AddParameter): Name = "Temperature Range Low"; Value = "-55°C"; VariantName = "[No Variations]"
Add component (AddParameter): Name = "Tolerance"; Value = "0.05"; VariantName = "[No Variations]"
Add component (AddParameter): Name = "Value"; Value = "22,000 pF"; VariantName = "[No Variations]"
Add component (AddParameter): Name = "Voltage Rating"; Value = "100 V"; VariantName = "[No Variations]"
Added Component: Designator=C?(FP-C0805C-DN-MFG)
Add component (AddParameter): Name = "Automotive"; Value = "No"; VariantName = "[No Variations]"
Add component (AddParameter): Name = "Capacitance"; Value = "6,800 pF"; VariantName = "[No Variations]"
Add component (AddParameter): Name = "Category"; Value = "Cap"; VariantName = "[No Variations]"
Add component (AddParameter): Name = "ComponentLink2Description"; Value = "Datasheet"; VariantName = "[No Variations]"
Add component (AddParameter): Name = "ComponentLink2URL"; Value = "https://content.kemet.com/datasheets/KEM_C1003_C0G_SMD.pdf"; VariantName = "[No Variations]"
Add component (AddParameter): Name = "Device Class L1"; Value = "Passive Components"; VariantName = "[No Variations]"
Add component (AddParameter): Name = "Device Class L2"; Value = "Capacitors"; VariantName = "[No Variations]"
Add component (AddParameter): Name = "Device Class L3"; Value = "Ceramic Capacitors"; VariantName = "[No Variations]"
Add component (AddParameter): Name = "Height"; Value = "0.88mm"; VariantName = "[No Variations]"
Add component (AddParameter): Name = "Ipc Land Pattern Name"; Value = "CAPC200125X78"; VariantName = "[No Variations]"
Add component (AddParameter): Name = "Lead Free"; Value = "Yes"; VariantName = "[No Variations]"
Add component (AddParameter): Name = "Manufacturer"; Value = "KEMET"; VariantName = "[No Variations]"
Add component (AddParameter): Name = "Manufacturer Part Number"; Value = "C0805C682K5RACAUTO"; VariantName = "[No Variations]"
Add component (AddParameter): Name = "Material"; Value = "Ceramic"; VariantName = "[No Variations]"
Add component (AddParameter): Name = "Octopart"; Value = "https://octopart.com/c0805c682k5racauto-kemet-71515130"; VariantName = "[No Variations]"
Add component (AddParameter): Name = "Package"; Value = "C0805C-DN"; VariantName = "[No Variations]"
Add component (AddParameter): Name = "RoHS"; Value = "TRUE"; VariantName = "[No Variations]"
Add component (AddParameter): Name = "Temperature"; Value = "-55°C to +125°C"; VariantName = "[No Variations]"
Add component (AddParameter): Name = "Temperature Characteristic"; Value = "X7R"; VariantName = "[No Variations]"
Add component (AddParameter): Name = "Temperature Coefficient"; Value = "30ppm/°C"; VariantName = "[No Variations]"
Add component (AddParameter): Name = "Temperature Range High"; Value = "+125°C"; VariantName = "[No Variations]"
Add component (AddParameter): Name = "Temperature Range Low"; Value = "-55°C"; VariantName = "[No Variations]"
Add component (AddParameter): Name = "Tolerance"; Value = "0.1"; VariantName = "[No Variations]"
Add component (AddParameter): Name = "Value"; Value = "6,800 pF"; VariantName = "[No Variations]"
Add component (AddParameter): Name = "Voltage Rating"; Value = "50 V"; VariantName = "[No Variations]"
Added Component: Designator=C?(FP-C0805C-DN-MFG)
Add component (AddParameter): Name = "Automotive"; Value = "No"; VariantName = "[No Variations]"
Add component (AddParameter): Name = "Capacitance"; Value = "6,800 pF"; VariantName = "[No Variations]"
Add component (AddParameter): Name = "Category"; Value = "Cap"; VariantName = "[No Variations]"
Add component (AddParameter): Name = "ComponentLink2Description"; Value = "Datasheet"; VariantName = "[No Variations]"
Add component (AddParameter): Name = "ComponentLink2URL"; Value = "https://content.kemet.com/datasheets/KEM_C1003_C0G_SMD.pdf"; VariantName = "[No Variations]"
Add component (AddParameter): Name = "Device Class L1"; Value = "Passive Components"; VariantName = "[No Variations]"
Add component (AddParameter): Name = "Device Class L2"; Value = "Capacitors"; VariantName = "[No Variations]"
Add component (AddParameter): Name = "Device Class L3"; Value = "Ceramic Capacitors"; VariantName = "[No Variations]"
Add component (AddParameter): Name = "Height"; Value = "0.88mm"; VariantName = "[No Variations]"
Add component (AddParameter): Name = "Ipc Land Pattern Name"; Value = "CAPC200125X78"; VariantName = "[No Variations]"
Add component (AddParameter): Name = "Lead Free"; Value = "Yes"; VariantName = "[No Variations]"
Add component (AddParameter): Name = "Manufacturer"; Value = "KEMET"; VariantName = "[No Variations]"
Add component (AddParameter): Name = "Manufacturer Part Number"; Value = "C0805C682K5RACAUTO"; VariantName = "[No Variations]"
Add component (AddParameter): Name = "Material"; Value = "Ceramic"; VariantName = "[No Variations]"
Add component (AddParameter): Name = "Octopart"; Value = "https://octopart.com/c0805c682k5racauto-kemet-71515130"; VariantName = "[No Variations]"
Add component (AddParameter): Name = "Package"; Value = "C0805C-DN"; VariantName = "[No Variations]"
Add component (AddParameter): Name = "RoHS"; Value = "TRUE"; VariantName = "[No Variations]"
Add component (AddParameter): Name = "Temperature"; Value = "-55°C to +125°C"; VariantName = "[No Variations]"
Add component (AddParameter): Name = "Temperature Characteristic"; Value = "X7R"; VariantName = "[No Variations]"
Add component (AddParameter): Name = "Temperature Coefficient"; Value = "30ppm/°C"; VariantName = "[No Variations]"
Add component (AddParameter): Name = "Temperature Range High"; Value = "+125°C"; VariantName = "[No Variations]"
Add component (AddParameter): Name = "Temperature Range Low"; Value = "-55°C"; VariantName = "[No Variations]"
Add component (AddParameter): Name = "Tolerance"; Value = "0.1"; VariantName = "[No Variations]"
Add component (AddParameter): Name = "Value"; Value = "6,800 pF"; VariantName = "[No Variations]"
Add component (AddParameter): Name = "Voltage Rating"; Value = "50 V"; VariantName = "[No Variations]"
Added Component: Designator=C?(FP-C0805C-DN-MFG)
Add component (AddParameter): Name = "Automotive"; Value = "No"; VariantName = "[No Variations]"
Add component (AddParameter): Name = "Capacitance"; Value = "22,000 pF"; VariantName = "[No Variations]"
Add component (AddParameter): Name = "Category"; Value = "Cap"; VariantName = "[No Variations]"
Add component (AddParameter): Name = "ComponentLink2Description"; Value = "Datasheet"; VariantName = "[No Variations]"
Add component (AddParameter): Name = "ComponentLink2URL"; Value = "https://content.kemet.com/datasheets/KEM_C1003_C0G_SMD.pdf"; VariantName = "[No Variations]"
Add component (AddParameter): Name = "Device Class L1"; Value = "Passive Components"; VariantName = "[No Variations]"
Add component (AddParameter): Name = "Device Class L2"; Value = "Capacitors"; VariantName = "[No Variations]"
Add component (AddParameter): Name = "Device Class L3"; Value = "Ceramic Capacitors"; VariantName = "[No Variations]"
Add component (AddParameter): Name = "Height"; Value = "0.88mm"; VariantName = "[No Variations]"
Add component (AddParameter): Name = "Ipc Land Pattern Name"; Value = "CAPC200125X78"; VariantName = "[No Variations]"
Add component (AddParameter): Name = "Lead Free"; Value = "Yes"; VariantName = "[No Variations]"
Add component (AddParameter): Name = "Manufacturer"; Value = "KEMET"; VariantName = "[No Variations]"
Add component (AddParameter): Name = "Manufacturer Part Number"; Value = "C0805C223J1RACAUTO"; VariantName = "[No Variations]"
Add component (AddParameter): Name = "Material"; Value = "Ceramic"; VariantName = "[No Variations]"
Add component (AddParameter): Name = "Octopart"; Value = "https://octopart.com/c0805c223j1racauto-kemet-89441580"; VariantName = "[No Variations]"
Add component (AddParameter): Name = "Package"; Value = "C0805C-DN"; VariantName = "[No Variations]"
Add component (AddParameter): Name = "RoHS"; Value = "TRUE"; VariantName = "[No Variations]"
Add component (AddParameter): Name = "Temperature"; Value = "-55°C to +125°C"; VariantName = "[No Variations]"
Add component (AddParameter): Name = "Temperature Characteristic"; Value = "X7R"; VariantName = "[No Variations]"
Add component (AddParameter): Name = "Temperature Coefficient"; Value = "30ppm/°C"; VariantName = "[No Variations]"
Add component (AddParameter): Name = "Temperature Range High"; Value = "+125°C"; VariantName = "[No Variations]"
Add component (AddParameter): Name = "Temperature Range Low"; Value = "-55°C"; VariantName = "[No Variations]"
Add component (AddParameter): Name = "Tolerance"; Value = "0.05"; VariantName = "[No Variations]"
Add component (AddParameter): Name = "Value"; Value = "22,000 pF"; VariantName = "[No Variations]"
Add component (AddParameter): Name = "Voltage Rating"; Value = "100 V"; VariantName = "[No Variations]"
Added Component: Designator=D1(FP-DO-213AA-MFG)
Added Component: Designator=D2(FP-DO-213AA-MFG)
Added Component: Designator=D?(FP-DO-213AA-MFG)
Added Component: Designator=D?(FP-DO-213AA-MFG)
Added Component: Designator=IC1(SOP65P490X110-8N)
Add component (AddParameter): Name = "Arrow Part Number"; Value = "OPA695IDGKR"; VariantName = "[No Variations]"
Add component (AddParameter): Name = "Arrow Price/Stock"; Value = "https://www.arrow.com/en/products/opa695idgkr/texas-instruments?utm_currency=USD&region=nac"; VariantName = "[No Variations]"
Add component (AddParameter): Name = "Datasheet Link"; Value = "https://www.ti.com/lit/ds/symlink/opa695.pdf"; VariantName = "[No Variations]"
Add component (AddParameter): Name = "Height"; Value = "1.1mm"; VariantName = "[No Variations]"
Add component (AddParameter): Name = "Manufacturer_Name"; Value = "Texas Instruments"; VariantName = "[No Variations]"
Add component (AddParameter): Name = "Manufacturer_Part_Number"; Value = "OPA695IDGKR"; VariantName = "[No Variations]"
Add component (AddParameter): Name = "Mouser Part Number"; Value = "595-OPA695IDGKR"; VariantName = "[No Variations]"
Add component (AddParameter): Name = "Mouser Price/Stock"; Value = "https://www.mouser.co.uk/ProductDetail/Texas-Instruments/OPA695IDGKR?qs=X4N6sOTYzkhGcZmr%252BdfPhw%3D%3D"; VariantName = "[No Variations]"
Added Component: Designator=IC?(SOP65P638X110-28N)
Add component (AddParameter): Name = "Arrow Part Number"; Value = "AD9708ARU"; VariantName = "[No Variations]"
Add component (AddParameter): Name = "Arrow Price/Stock"; Value = "https://www.arrow.com/en/products/ad9708aru/analog-devices?region=europe"; VariantName = "[No Variations]"
Add component (AddParameter): Name = "Datasheet Link"; Value = "https://www.mouser.in/datasheet/2/609/AD9708-1502546.pdf"; VariantName = "[No Variations]"
Add component (AddParameter): Name = "Height"; Value = "1.1mm"; VariantName = "[No Variations]"
Add component (AddParameter): Name = "Manufacturer_Name"; Value = "Analog Devices"; VariantName = "[No Variations]"
Add component (AddParameter): Name = "Manufacturer_Part_Number"; Value = "AD9708ARU"; VariantName = "[No Variations]"
Add component (AddParameter): Name = "Mouser Part Number"; Value = "584-AD9708ARU"; VariantName = "[No Variations]"
Add component (AddParameter): Name = "Mouser Price/Stock"; Value = "https://www.mouser.co.uk/ProductDetail/Analog-Devices/AD9708ARU?qs=BpaRKvA4VqHZYY5aNLVdFA%3D%3D"; VariantName = "[No Variations]"
Added Component: Designator=IC?(SOP65P638X110-28N)
Add component (AddParameter): Name = "Arrow Part Number"; Value = "AD9708ARU"; VariantName = "[No Variations]"
Add component (AddParameter): Name = "Arrow Price/Stock"; Value = "https://www.arrow.com/en/products/ad9708aru/analog-devices?region=europe"; VariantName = "[No Variations]"
Add component (AddParameter): Name = "Datasheet Link"; Value = "https://www.mouser.in/datasheet/2/609/AD9708-1502546.pdf"; VariantName = "[No Variations]"
Add component (AddParameter): Name = "Height"; Value = "1.1mm"; VariantName = "[No Variations]"
Add component (AddParameter): Name = "Manufacturer_Name"; Value = "Analog Devices"; VariantName = "[No Variations]"
Add component (AddParameter): Name = "Manufacturer_Part_Number"; Value = "AD9708ARU"; VariantName = "[No Variations]"
Add component (AddParameter): Name = "Mouser Part Number"; Value = "584-AD9708ARU"; VariantName = "[No Variations]"
Add component (AddParameter): Name = "Mouser Price/Stock"; Value = "https://www.mouser.co.uk/ProductDetail/Analog-Devices/AD9708ARU?qs=BpaRKvA4VqHZYY5aNLVdFA%3D%3D"; VariantName = "[No Variations]"
Added Component: Designator=IC?(SOP65P490X110-8N)
Add component (AddParameter): Name = "Arrow Part Number"; Value = "OPA695IDGKR"; VariantName = "[No Variations]"
Add component (AddParameter): Name = "Arrow Price/Stock"; Value = "https://www.arrow.com/en/products/opa695idgkr/texas-instruments?utm_currency=USD&region=nac"; VariantName = "[No Variations]"
Add component (AddParameter): Name = "Datasheet Link"; Value = "https://www.ti.com/lit/ds/symlink/opa695.pdf"; VariantName = "[No Variations]"
Add component (AddParameter): Name = "Height"; Value = "1.1mm"; VariantName = "[No Variations]"
Add component (AddParameter): Name = "Manufacturer_Name"; Value = "Texas Instruments"; VariantName = "[No Variations]"
Add component (AddParameter): Name = "Manufacturer_Part_Number"; Value = "OPA695IDGKR"; VariantName = "[No Variations]"
Add component (AddParameter): Name = "Mouser Part Number"; Value = "595-OPA695IDGKR"; VariantName = "[No Variations]"
Add component (AddParameter): Name = "Mouser Price/Stock"; Value = "https://www.mouser.co.uk/ProductDetail/Texas-Instruments/OPA695IDGKR?qs=X4N6sOTYzkhGcZmr%252BdfPhw%3D%3D"; VariantName = "[No Variations]"
Added Component: Designator=IC?(SOIC127P600X175-8N)
Add component (AddParameter): Name = "Arrow Part Number"; Value = "THS3201D"; VariantName = "[No Variations]"
Add component (AddParameter): Name = "Arrow Price/Stock"; Value = "https://www.arrow.com/en/products/ths3201d/texas-instruments"; VariantName = "[No Variations]"
Add component (AddParameter): Name = "Datasheet Link"; Value = "http://www.ti.com/lit/ds/symlink/ths3201.pdf"; VariantName = "[No Variations]"
Add component (AddParameter): Name = "Height"; Value = "1.75mm"; VariantName = "[No Variations]"
Add component (AddParameter): Name = "Manufacturer_Name"; Value = "Texas Instruments"; VariantName = "[No Variations]"
Add component (AddParameter): Name = "Manufacturer_Part_Number"; Value = "THS3201D"; VariantName = "[No Variations]"
Add component (AddParameter): Name = "Mouser Part Number"; Value = "595-THS3201D"; VariantName = "[No Variations]"
Add component (AddParameter): Name = "Mouser Price/Stock"; Value = "https://www.mouser.co.uk/ProductDetail/Texas-Instruments/THS3201D?qs=ZmJdcv7QZ9pRTABekTkZgg%3D%3D"; VariantName = "[No Variations]"
Added Component: Designator=J1(HDRV2W66P0X254_1X2_508X249X1003P)
Add component (AddParameter): Name = "Arrow Part Number"; Value = ""; VariantName = "[No Variations]"
Add component (AddParameter): Name = "Arrow Price/Stock"; Value = ""; VariantName = "[No Variations]"
Add component (AddParameter): Name = "Datasheet Link"; Value = "https://www.molex.com/pdm_docs/sd/022284022_sd.pdf"; VariantName = "[No Variations]"
Add component (AddParameter): Name = "Height"; Value = "10.03mm"; VariantName = "[No Variations]"
Add component (AddParameter): Name = "Manufacturer_Name"; Value = "Molex"; VariantName = "[No Variations]"
Add component (AddParameter): Name = "Manufacturer_Part_Number"; Value = "22-28-4022"; VariantName = "[No Variations]"
Add component (AddParameter): Name = "Mouser Part Number"; Value = "538-22-28-4022"; VariantName = "[No Variations]"
Add component (AddParameter): Name = "Mouser Price/Stock"; Value = "https://www.mouser.co.uk/ProductDetail/Molex/22-28-4022?qs=MuwpYaHj751lhvs63pLLvA%3D%3D"; VariantName = "[No Variations]"
Added Component: Designator=J2(HDRV4W66P0X254_1X4_1016X249X838P)
Add component (AddParameter): Name = "Arrow Part Number"; Value = ""; VariantName = "[No Variations]"
Add component (AddParameter): Name = "Arrow Price/Stock"; Value = ""; VariantName = "[No Variations]"
Add component (AddParameter): Name = "Datasheet Link"; Value = "https://www.mouser.com/datasheet/2/276/0022284040_PCB_HEADERS-228199.pdf"; VariantName = "[No Variations]"
Add component (AddParameter): Name = "Height"; Value = "8.38mm"; VariantName = "[No Variations]"
Add component (AddParameter): Name = "Manufacturer_Name"; Value = "Molex"; VariantName = "[No Variations]"
Add component (AddParameter): Name = "Manufacturer_Part_Number"; Value = "22-28-4040"; VariantName = "[No Variations]"
Add component (AddParameter): Name = "Mouser Part Number"; Value = "538-22-28-4040"; VariantName = "[No Variations]"
Add component (AddParameter): Name = "Mouser Price/Stock"; Value = "https://www.mouser.co.uk/ProductDetail/Molex/22-28-4040?qs=MuwpYaHj751TT7oLDTEzqg%3D%3D"; VariantName = "[No Variations]"
Added Component: Designator=J3(HDRV4W66P0X254_1X4_1016X249X838P)
Add component (AddParameter): Name = "Arrow Part Number"; Value = ""; VariantName = "[No Variations]"
Add component (AddParameter): Name = "Arrow Price/Stock"; Value = ""; VariantName = "[No Variations]"
Add component (AddParameter): Name = "Datasheet Link"; Value = "https://www.mouser.com/datasheet/2/276/0022284040_PCB_HEADERS-228199.pdf"; VariantName = "[No Variations]"
Add component (AddParameter): Name = "Height"; Value = "8.38mm"; VariantName = "[No Variations]"
Add component (AddParameter): Name = "Manufacturer_Name"; Value = "Molex"; VariantName = "[No Variations]"
Add component (AddParameter): Name = "Manufacturer_Part_Number"; Value = "22-28-4040"; VariantName = "[No Variations]"
Add component (AddParameter): Name = "Mouser Part Number"; Value = "538-22-28-4040"; VariantName = "[No Variations]"
Add component (AddParameter): Name = "Mouser Price/Stock"; Value = "https://www.mouser.co.uk/ProductDetail/Molex/22-28-4040?qs=MuwpYaHj751TT7oLDTEzqg%3D%3D"; VariantName = "[No Variations]"
Added Component: Designator=J4(HDRV3W66P0X254_1X3_762X249X1041P)
Add component (AddParameter): Name = "Arrow Part Number"; Value = ""; VariantName = "[No Variations]"
Add component (AddParameter): Name = "Arrow Price/Stock"; Value = ""; VariantName = "[No Variations]"
Add component (AddParameter): Name = "Datasheet Link"; Value = "https://www.molex.com/pdm_docs/sd/022284033_sd.pdf"; VariantName = "[No Variations]"
Add component (AddParameter): Name = "Height"; Value = "10.41mm"; VariantName = "[No Variations]"
Add component (AddParameter): Name = "Manufacturer_Name"; Value = "Molex"; VariantName = "[No Variations]"
Add component (AddParameter): Name = "Manufacturer_Part_Number"; Value = "22-28-4031"; VariantName = "[No Variations]"
Add component (AddParameter): Name = "Mouser Part Number"; Value = "538-22-28-4031"; VariantName = "[No Variations]"
Add component (AddParameter): Name = "Mouser Price/Stock"; Value = "https://www.mouser.co.uk/ProductDetail/Molex/22-28-4031?qs=PcTKi%252B0N2SeG%2FDValJnqMA%3D%3D"; VariantName = "[No Variations]"
Added Component: Designator=J5(HDRV3W66P0X254_1X3_762X249X1041P)
Add component (AddParameter): Name = "Arrow Part Number"; Value = ""; VariantName = "[No Variations]"
Add component (AddParameter): Name = "Arrow Price/Stock"; Value = ""; VariantName = "[No Variations]"
Add component (AddParameter): Name = "Datasheet Link"; Value = "https://www.molex.com/pdm_docs/sd/022284033_sd.pdf"; VariantName = "[No Variations]"
Add component (AddParameter): Name = "Height"; Value = "10.41mm"; VariantName = "[No Variations]"
Add component (AddParameter): Name = "Manufacturer_Name"; Value = "Molex"; VariantName = "[No Variations]"
Add component (AddParameter): Name = "Manufacturer_Part_Number"; Value = "22-28-4031"; VariantName = "[No Variations]"
Add component (AddParameter): Name = "Mouser Part Number"; Value = "538-22-28-4031"; VariantName = "[No Variations]"
Add component (AddParameter): Name = "Mouser Price/Stock"; Value = "https://www.mouser.co.uk/ProductDetail/Molex/22-28-4031?qs=PcTKi%252B0N2SeG%2FDValJnqMA%3D%3D"; VariantName = "[No Variations]"
Added Component: Designator=J6(HDRV3W66P0X254_1X3_762X249X1041P)
Add component (AddParameter): Name = "Arrow Part Number"; Value = ""; VariantName = "[No Variations]"
Add component (AddParameter): Name = "Arrow Price/Stock"; Value = ""; VariantName = "[No Variations]"
Add component (AddParameter): Name = "Datasheet Link"; Value = "https://www.molex.com/pdm_docs/sd/022284033_sd.pdf"; VariantName = "[No Variations]"
Add component (AddParameter): Name = "Height"; Value = "10.41mm"; VariantName = "[No Variations]"
Add component (AddParameter): Name = "Manufacturer_Name"; Value = "Molex"; VariantName = "[No Variations]"
Add component (AddParameter): Name = "Manufacturer_Part_Number"; Value = "22-28-4031"; VariantName = "[No Variations]"
Add component (AddParameter): Name = "Mouser Part Number"; Value = "538-22-28-4031"; VariantName = "[No Variations]"
Add component (AddParameter): Name = "Mouser Price/Stock"; Value = "https://www.mouser.co.uk/ProductDetail/Molex/22-28-4031?qs=PcTKi%252B0N2SeG%2FDValJnqMA%3D%3D"; VariantName = "[No Variations]"
Added Component: Designator=J7(HDRV3W66P0X254_1X3_762X249X1041P)
Add component (AddParameter): Name = "Arrow Part Number"; Value = ""; VariantName = "[No Variations]"
Add component (AddParameter): Name = "Arrow Price/Stock"; Value = ""; VariantName = "[No Variations]"
Add component (AddParameter): Name = "Datasheet Link"; Value = "https://www.molex.com/pdm_docs/sd/022284033_sd.pdf"; VariantName = "[No Variations]"
Add component (AddParameter): Name = "Height"; Value = "10.41mm"; VariantName = "[No Variations]"
Add component (AddParameter): Name = "Manufacturer_Name"; Value = "Molex"; VariantName = "[No Variations]"
Add component (AddParameter): Name = "Manufacturer_Part_Number"; Value = "22-28-4031"; VariantName = "[No Variations]"
Add component (AddParameter): Name = "Mouser Part Number"; Value = "538-22-28-4031"; VariantName = "[No Variations]"
Add component (AddParameter): Name = "Mouser Price/Stock"; Value = "https://www.mouser.co.uk/ProductDetail/Molex/22-28-4031?qs=PcTKi%252B0N2SeG%2FDValJnqMA%3D%3D"; VariantName = "[No Variations]"
Added Component: Designator=J8(HDRV3W66P0X254_1X3_762X249X1041P)
Add component (AddParameter): Name = "Arrow Part Number"; Value = ""; VariantName = "[No Variations]"
Add component (AddParameter): Name = "Arrow Price/Stock"; Value = ""; VariantName = "[No Variations]"
Add component (AddParameter): Name = "Datasheet Link"; Value = "https://www.molex.com/pdm_docs/sd/022284033_sd.pdf"; VariantName = "[No Variations]"
Add component (AddParameter): Name = "Height"; Value = "10.41mm"; VariantName = "[No Variations]"
Add component (AddParameter): Name = "Manufacturer_Name"; Value = "Molex"; VariantName = "[No Variations]"
Add component (AddParameter): Name = "Manufacturer_Part_Number"; Value = "22-28-4031"; VariantName = "[No Variations]"
Add component (AddParameter): Name = "Mouser Part Number"; Value = "538-22-28-4031"; VariantName = "[No Variations]"
Add component (AddParameter): Name = "Mouser Price/Stock"; Value = "https://www.mouser.co.uk/ProductDetail/Molex/22-28-4031?qs=PcTKi%252B0N2SeG%2FDValJnqMA%3D%3D"; VariantName = "[No Variations]"
Added Component: Designator=J9(HDRV3W66P0X254_1X3_762X249X1041P)
Add component (AddParameter): Name = "Arrow Part Number"; Value = ""; VariantName = "[No Variations]"
Add component (AddParameter): Name = "Arrow Price/Stock"; Value = ""; VariantName = "[No Variations]"
Add component (AddParameter): Name = "Datasheet Link"; Value = "https://www.molex.com/pdm_docs/sd/022284033_sd.pdf"; VariantName = "[No Variations]"
Add component (AddParameter): Name = "Height"; Value = "10.41mm"; VariantName = "[No Variations]"
Add component (AddParameter): Name = "Manufacturer_Name"; Value = "Molex"; VariantName = "[No Variations]"
Add component (AddParameter): Name = "Manufacturer_Part_Number"; Value = "22-28-4031"; VariantName = "[No Variations]"
Add component (AddParameter): Name = "Mouser Part Number"; Value = "538-22-28-4031"; VariantName = "[No Variations]"
Add component (AddParameter): Name = "Mouser Price/Stock"; Value = "https://www.mouser.co.uk/ProductDetail/Molex/22-28-4031?qs=PcTKi%252B0N2SeG%2FDValJnqMA%3D%3D"; VariantName = "[No Variations]"
Added Component: Designator=J10(HDRV3W66P0X254_1X3_762X249X1041P)
Add component (AddParameter): Name = "Arrow Part Number"; Value = ""; VariantName = "[No Variations]"
Add component (AddParameter): Name = "Arrow Price/Stock"; Value = ""; VariantName = "[No Variations]"
Add component (AddParameter): Name = "Datasheet Link"; Value = "https://www.molex.com/pdm_docs/sd/022284033_sd.pdf"; VariantName = "[No Variations]"
Add component (AddParameter): Name = "Height"; Value = "10.41mm"; VariantName = "[No Variations]"
Add component (AddParameter): Name = "Manufacturer_Name"; Value = "Molex"; VariantName = "[No Variations]"
Add component (AddParameter): Name = "Manufacturer_Part_Number"; Value = "22-28-4031"; VariantName = "[No Variations]"
Add component (AddParameter): Name = "Mouser Part Number"; Value = "538-22-28-4031"; VariantName = "[No Variations]"
Add component (AddParameter): Name = "Mouser Price/Stock"; Value = "https://www.mouser.co.uk/ProductDetail/Molex/22-28-4031?qs=PcTKi%252B0N2SeG%2FDValJnqMA%3D%3D"; VariantName = "[No Variations]"
Added Component: Designator=J11(HDRV3W66P0X254_1X3_762X249X1041P)
Add component (AddParameter): Name = "Arrow Part Number"; Value = ""; VariantName = "[No Variations]"
Add component (AddParameter): Name = "Arrow Price/Stock"; Value = ""; VariantName = "[No Variations]"
Add component (AddParameter): Name = "Datasheet Link"; Value = "https://www.molex.com/pdm_docs/sd/022284033_sd.pdf"; VariantName = "[No Variations]"
Add component (AddParameter): Name = "Height"; Value = "10.41mm"; VariantName = "[No Variations]"
Add component (AddParameter): Name = "Manufacturer_Name"; Value = "Molex"; VariantName = "[No Variations]"
Add component (AddParameter): Name = "Manufacturer_Part_Number"; Value = "22-28-4031"; VariantName = "[No Variations]"
Add component (AddParameter): Name = "Mouser Part Number"; Value = "538-22-28-4031"; VariantName = "[No Variations]"
Add component (AddParameter): Name = "Mouser Price/Stock"; Value = "https://www.mouser.co.uk/ProductDetail/Molex/22-28-4031?qs=PcTKi%252B0N2SeG%2FDValJnqMA%3D%3D"; VariantName = "[No Variations]"
Added Component: Designator=J12(HDRV3W66P0X254_1X3_762X249X1041P)
Add component (AddParameter): Name = "Arrow Part Number"; Value = ""; VariantName = "[No Variations]"
Add component (AddParameter): Name = "Arrow Price/Stock"; Value = ""; VariantName = "[No Variations]"
Add component (AddParameter): Name = "Datasheet Link"; Value = "https://www.molex.com/pdm_docs/sd/022284033_sd.pdf"; VariantName = "[No Variations]"
Add component (AddParameter): Name = "Height"; Value = "10.41mm"; VariantName = "[No Variations]"
Add component (AddParameter): Name = "Manufacturer_Name"; Value = "Molex"; VariantName = "[No Variations]"
Add component (AddParameter): Name = "Manufacturer_Part_Number"; Value = "22-28-4031"; VariantName = "[No Variations]"
Add component (AddParameter): Name = "Mouser Part Number"; Value = "538-22-28-4031"; VariantName = "[No Variations]"
Add component (AddParameter): Name = "Mouser Price/Stock"; Value = "https://www.mouser.co.uk/ProductDetail/Molex/22-28-4031?qs=PcTKi%252B0N2SeG%2FDValJnqMA%3D%3D"; VariantName = "[No Variations]"
Added Component: Designator=J13(HDRV3W66P0X254_1X3_762X249X1041P)
Add component (AddParameter): Name = "Arrow Part Number"; Value = ""; VariantName = "[No Variations]"
Add component (AddParameter): Name = "Arrow Price/Stock"; Value = ""; VariantName = "[No Variations]"
Add component (AddParameter): Name = "Datasheet Link"; Value = "https://www.molex.com/pdm_docs/sd/022284033_sd.pdf"; VariantName = "[No Variations]"
Add component (AddParameter): Name = "Height"; Value = "10.41mm"; VariantName = "[No Variations]"
Add component (AddParameter): Name = "Manufacturer_Name"; Value = "Molex"; VariantName = "[No Variations]"
Add component (AddParameter): Name = "Manufacturer_Part_Number"; Value = "22-28-4031"; VariantName = "[No Variations]"
Add component (AddParameter): Name = "Mouser Part Number"; Value = "538-22-28-4031"; VariantName = "[No Variations]"
Add component (AddParameter): Name = "Mouser Price/Stock"; Value = "https://www.mouser.co.uk/ProductDetail/Molex/22-28-4031?qs=PcTKi%252B0N2SeG%2FDValJnqMA%3D%3D"; VariantName = "[No Variations]"
Added Component: Designator=J14(HDRV3W66P0X254_1X3_762X249X1041P)
Add component (AddParameter): Name = "Arrow Part Number"; Value = ""; VariantName = "[No Variations]"
Add component (AddParameter): Name = "Arrow Price/Stock"; Value = ""; VariantName = "[No Variations]"
Add component (AddParameter): Name = "Datasheet Link"; Value = "https://www.molex.com/pdm_docs/sd/022284033_sd.pdf"; VariantName = "[No Variations]"
Add component (AddParameter): Name = "Height"; Value = "10.41mm"; VariantName = "[No Variations]"
Add component (AddParameter): Name = "Manufacturer_Name"; Value = "Molex"; VariantName = "[No Variations]"
Add component (AddParameter): Name = "Manufacturer_Part_Number"; Value = "22-28-4031"; VariantName = "[No Variations]"
Add component (AddParameter): Name = "Mouser Part Number"; Value = "538-22-28-4031"; VariantName = "[No Variations]"
Add component (AddParameter): Name = "Mouser Price/Stock"; Value = "https://www.mouser.co.uk/ProductDetail/Molex/22-28-4031?qs=PcTKi%252B0N2SeG%2FDValJnqMA%3D%3D"; VariantName = "[No Variations]"
Added Component: Designator=J?(516345560)
Add component (AddParameter): Name = "Arrow Part Number"; Value = "5-1634556-0"; VariantName = "[No Variations]"
Add component (AddParameter): Name = "Arrow Price/Stock"; Value = "https://www.arrow.com/en/products/5-1634556-0/te-connectivity"; VariantName = "[No Variations]"
Add component (AddParameter): Name = "Datasheet Link"; Value = "https://www.te.com/commerce/DocumentDelivery/DDEController?Action=showdoc&DocId=Customer+Drawing%7F1634556%7FG1%7Fpdf%7FEnglish%7FENG_CD_1634556_G1.pdf%7F5-1634556-0"; VariantName = "[No Variations]"
Add component (AddParameter): Name = "Height"; Value = "10.94mm"; VariantName = "[No Variations]"
Add component (AddParameter): Name = "Manufacturer_Name"; Value = "TE Connectivity"; VariantName = "[No Variations]"
Add component (AddParameter): Name = "Manufacturer_Part_Number"; Value = "5-1634556-0"; VariantName = "[No Variations]"
Add component (AddParameter): Name = "Mouser Part Number"; Value = "571-5-1634556-0"; VariantName = "[No Variations]"
Add component (AddParameter): Name = "Mouser Price/Stock"; Value = "https://www.mouser.co.uk/ProductDetail/TE-Connectivity/5-1634556-0?qs=LASUwJSZkDnjkpARqzS8Hg%3D%3D"; VariantName = "[No Variations]"
Added Component: Designator=J?(HDRV4W66P0X254_1X4_1016X249X838P)
Add component (AddParameter): Name = "Arrow Part Number"; Value = ""; VariantName = "[No Variations]"
Add component (AddParameter): Name = "Arrow Price/Stock"; Value = ""; VariantName = "[No Variations]"
Add component (AddParameter): Name = "Datasheet Link"; Value = "https://www.mouser.com/datasheet/2/276/0022284040_PCB_HEADERS-228199.pdf"; VariantName = "[No Variations]"
Add component (AddParameter): Name = "Height"; Value = "8.38mm"; VariantName = "[No Variations]"
Add component (AddParameter): Name = "Manufacturer_Name"; Value = "Molex"; VariantName = "[No Variations]"
Add component (AddParameter): Name = "Manufacturer_Part_Number"; Value = "22-28-4040"; VariantName = "[No Variations]"
Add component (AddParameter): Name = "Mouser Part Number"; Value = "538-22-28-4040"; VariantName = "[No Variations]"
Add component (AddParameter): Name = "Mouser Price/Stock"; Value = "https://www.mouser.co.uk/ProductDetail/Molex/22-28-4040?qs=MuwpYaHj751TT7oLDTEzqg%3D%3D"; VariantName = "[No Variations]"
Added Component: Designator=J?(HDRV4W66P0X254_1X4_1016X249X838P)
Add component (AddParameter): Name = "Arrow Part Number"; Value = ""; VariantName = "[No Variations]"
Add component (AddParameter): Name = "Arrow Price/Stock"; Value = ""; VariantName = "[No Variations]"
Add component (AddParameter): Name = "Datasheet Link"; Value = "https://www.mouser.com/datasheet/2/276/0022284040_PCB_HEADERS-228199.pdf"; VariantName = "[No Variations]"
Add component (AddParameter): Name = "Height"; Value = "8.38mm"; VariantName = "[No Variations]"
Add component (AddParameter): Name = "Manufacturer_Name"; Value = "Molex"; VariantName = "[No Variations]"
Add component (AddParameter): Name = "Manufacturer_Part_Number"; Value = "22-28-4040"; VariantName = "[No Variations]"
Add component (AddParameter): Name = "Mouser Part Number"; Value = "538-22-28-4040"; VariantName = "[No Variations]"
Add component (AddParameter): Name = "Mouser Price/Stock"; Value = "https://www.mouser.co.uk/ProductDetail/Molex/22-28-4040?qs=MuwpYaHj751TT7oLDTEzqg%3D%3D"; VariantName = "[No Variations]"
Added Component: Designator=J?(HDRV3W66P0X254_1X3_762X249X1041P)
Add component (AddParameter): Name = "Arrow Part Number"; Value = ""; VariantName = "[No Variations]"
Add component (AddParameter): Name = "Arrow Price/Stock"; Value = ""; VariantName = "[No Variations]"
Add component (AddParameter): Name = "Datasheet Link"; Value = "https://www.molex.com/pdm_docs/sd/022284033_sd.pdf"; VariantName = "[No Variations]"
Add component (AddParameter): Name = "Height"; Value = "10.41mm"; VariantName = "[No Variations]"
Add component (AddParameter): Name = "Manufacturer_Name"; Value = "Molex"; VariantName = "[No Variations]"
Add component (AddParameter): Name = "Manufacturer_Part_Number"; Value = "22-28-4031"; VariantName = "[No Variations]"
Add component (AddParameter): Name = "Mouser Part Number"; Value = "538-22-28-4031"; VariantName = "[No Variations]"
Add component (AddParameter): Name = "Mouser Price/Stock"; Value = "https://www.mouser.co.uk/ProductDetail/Molex/22-28-4031?qs=PcTKi%252B0N2SeG%2FDValJnqMA%3D%3D"; VariantName = "[No Variations]"
Added Component: Designator=J?(HDRV3W66P0X254_1X3_762X249X1041P)
Add component (AddParameter): Name = "Arrow Part Number"; Value = ""; VariantName = "[No Variations]"
Add component (AddParameter): Name = "Arrow Price/Stock"; Value = ""; VariantName = "[No Variations]"
Add component (AddParameter): Name = "Datasheet Link"; Value = "https://www.molex.com/pdm_docs/sd/022284033_sd.pdf"; VariantName = "[No Variations]"
Add component (AddParameter): Name = "Height"; Value = "10.41mm"; VariantName = "[No Variations]"
Add component (AddParameter): Name = "Manufacturer_Name"; Value = "Molex"; VariantName = "[No Variations]"
Add component (AddParameter): Name = "Manufacturer_Part_Number"; Value = "22-28-4031"; VariantName = "[No Variations]"
Add component (AddParameter): Name = "Mouser Part Number"; Value = "538-22-28-4031"; VariantName = "[No Variations]"
Add component (AddParameter): Name = "Mouser Price/Stock"; Value = "https://www.mouser.co.uk/ProductDetail/Molex/22-28-4031?qs=PcTKi%252B0N2SeG%2FDValJnqMA%3D%3D"; VariantName = "[No Variations]"
Added Component: Designator=J?(HDRV3W66P0X254_1X3_762X249X1041P)
Add component (AddParameter): Name = "Arrow Part Number"; Value = ""; VariantName = "[No Variations]"
Add component (AddParameter): Name = "Arrow Price/Stock"; Value = ""; VariantName = "[No Variations]"
Add component (AddParameter): Name = "Datasheet Link"; Value = "https://www.molex.com/pdm_docs/sd/022284033_sd.pdf"; VariantName = "[No Variations]"
Add component (AddParameter): Name = "Height"; Value = "10.41mm"; VariantName = "[No Variations]"
Add component (AddParameter): Name = "Manufacturer_Name"; Value = "Molex"; VariantName = "[No Variations]"
Add component (AddParameter): Name = "Manufacturer_Part_Number"; Value = "22-28-4031"; VariantName = "[No Variations]"
Add component (AddParameter): Name = "Mouser Part Number"; Value = "538-22-28-4031"; VariantName = "[No Variations]"
Add component (AddParameter): Name = "Mouser Price/Stock"; Value = "https://www.mouser.co.uk/ProductDetail/Molex/22-28-4031?qs=PcTKi%252B0N2SeG%2FDValJnqMA%3D%3D"; VariantName = "[No Variations]"
Added Component: Designator=J?(HDRV3W66P0X254_1X3_762X249X1041P)
Add component (AddParameter): Name = "Arrow Part Number"; Value = ""; VariantName = "[No Variations]"
Add component (AddParameter): Name = "Arrow Price/Stock"; Value = ""; VariantName = "[No Variations]"
Add component (AddParameter): Name = "Datasheet Link"; Value = "https://www.molex.com/pdm_docs/sd/022284033_sd.pdf"; VariantName = "[No Variations]"
Add component (AddParameter): Name = "Height"; Value = "10.41mm"; VariantName = "[No Variations]"
Add component (AddParameter): Name = "Manufacturer_Name"; Value = "Molex"; VariantName = "[No Variations]"
Add component (AddParameter): Name = "Manufacturer_Part_Number"; Value = "22-28-4031"; VariantName = "[No Variations]"
Add component (AddParameter): Name = "Mouser Part Number"; Value = "538-22-28-4031"; VariantName = "[No Variations]"
Add component (AddParameter): Name = "Mouser Price/Stock"; Value = "https://www.mouser.co.uk/ProductDetail/Molex/22-28-4031?qs=PcTKi%252B0N2SeG%2FDValJnqMA%3D%3D"; VariantName = "[No Variations]"
Added Component: Designator=J?(HDRV3W66P0X254_1X3_762X249X1041P)
Add component (AddParameter): Name = "Arrow Part Number"; Value = ""; VariantName = "[No Variations]"
Add component (AddParameter): Name = "Arrow Price/Stock"; Value = ""; VariantName = "[No Variations]"
Add component (AddParameter): Name = "Datasheet Link"; Value = "https://www.molex.com/pdm_docs/sd/022284033_sd.pdf"; VariantName = "[No Variations]"
Add component (AddParameter): Name = "Height"; Value = "10.41mm"; VariantName = "[No Variations]"
Add component (AddParameter): Name = "Manufacturer_Name"; Value = "Molex"; VariantName = "[No Variations]"
Add component (AddParameter): Name = "Manufacturer_Part_Number"; Value = "22-28-4031"; VariantName = "[No Variations]"
Add component (AddParameter): Name = "Mouser Part Number"; Value = "538-22-28-4031"; VariantName = "[No Variations]"
Add component (AddParameter): Name = "Mouser Price/Stock"; Value = "https://www.mouser.co.uk/ProductDetail/Molex/22-28-4031?qs=PcTKi%252B0N2SeG%2FDValJnqMA%3D%3D"; VariantName = "[No Variations]"
Added Component: Designator=J?(HDRV3W66P0X254_1X3_762X249X1041P)
Add component (AddParameter): Name = "Arrow Part Number"; Value = ""; VariantName = "[No Variations]"
Add component (AddParameter): Name = "Arrow Price/Stock"; Value = ""; VariantName = "[No Variations]"
Add component (AddParameter): Name = "Datasheet Link"; Value = "https://www.molex.com/pdm_docs/sd/022284033_sd.pdf"; VariantName = "[No Variations]"
Add component (AddParameter): Name = "Height"; Value = "10.41mm"; VariantName = "[No Variations]"
Add component (AddParameter): Name = "Manufacturer_Name"; Value = "Molex"; VariantName = "[No Variations]"
Add component (AddParameter): Name = "Manufacturer_Part_Number"; Value = "22-28-4031"; VariantName = "[No Variations]"
Add component (AddParameter): Name = "Mouser Part Number"; Value = "538-22-28-4031"; VariantName = "[No Variations]"
Add component (AddParameter): Name = "Mouser Price/Stock"; Value = "https://www.mouser.co.uk/ProductDetail/Molex/22-28-4031?qs=PcTKi%252B0N2SeG%2FDValJnqMA%3D%3D"; VariantName = "[No Variations]"
Added Component: Designator=J?(HDRV2W66P0X254_1X2_508X249X1003P)
Add component (AddParameter): Name = "Arrow Part Number"; Value = ""; VariantName = "[No Variations]"
Add component (AddParameter): Name = "Arrow Price/Stock"; Value = ""; VariantName = "[No Variations]"
Add component (AddParameter): Name = "Datasheet Link"; Value = "https://www.molex.com/pdm_docs/sd/022284022_sd.pdf"; VariantName = "[No Variations]"
Add component (AddParameter): Name = "Height"; Value = "10.03mm"; VariantName = "[No Variations]"
Add component (AddParameter): Name = "Manufacturer_Name"; Value = "Molex"; VariantName = "[No Variations]"
Add component (AddParameter): Name = "Manufacturer_Part_Number"; Value = "22-28-4022"; VariantName = "[No Variations]"
Add component (AddParameter): Name = "Mouser Part Number"; Value = "538-22-28-4022"; VariantName = "[No Variations]"
Add component (AddParameter): Name = "Mouser Price/Stock"; Value = "https://www.mouser.co.uk/ProductDetail/Molex/22-28-4022?qs=MuwpYaHj751lhvs63pLLvA%3D%3D"; VariantName = "[No Variations]"
Added Component: Designator=J?(HDRV2W66P0X254_1X2_508X249X1003P)
Add component (AddParameter): Name = "Arrow Part Number"; Value = ""; VariantName = "[No Variations]"
Add component (AddParameter): Name = "Arrow Price/Stock"; Value = ""; VariantName = "[No Variations]"
Add component (AddParameter): Name = "Datasheet Link"; Value = "https://www.molex.com/pdm_docs/sd/022284022_sd.pdf"; VariantName = "[No Variations]"
Add component (AddParameter): Name = "Height"; Value = "10.03mm"; VariantName = "[No Variations]"
Add component (AddParameter): Name = "Manufacturer_Name"; Value = "Molex"; VariantName = "[No Variations]"
Add component (AddParameter): Name = "Manufacturer_Part_Number"; Value = "22-28-4022"; VariantName = "[No Variations]"
Add component (AddParameter): Name = "Mouser Part Number"; Value = "538-22-28-4022"; VariantName = "[No Variations]"
Add component (AddParameter): Name = "Mouser Price/Stock"; Value = "https://www.mouser.co.uk/ProductDetail/Molex/22-28-4022?qs=MuwpYaHj751lhvs63pLLvA%3D%3D"; VariantName = "[No Variations]"
Added Component: Designator=J?(HDRV3W66P0X254_1X3_762X249X1041P)
Add component (AddParameter): Name = "Arrow Part Number"; Value = ""; VariantName = "[No Variations]"
Add component (AddParameter): Name = "Arrow Price/Stock"; Value = ""; VariantName = "[No Variations]"
Add component (AddParameter): Name = "Datasheet Link"; Value = "https://www.molex.com/pdm_docs/sd/022284033_sd.pdf"; VariantName = "[No Variations]"
Add component (AddParameter): Name = "Height"; Value = "10.41mm"; VariantName = "[No Variations]"
Add component (AddParameter): Name = "Manufacturer_Name"; Value = "Molex"; VariantName = "[No Variations]"
Add component (AddParameter): Name = "Manufacturer_Part_Number"; Value = "22-28-4031"; VariantName = "[No Variations]"
Add component (AddParameter): Name = "Mouser Part Number"; Value = "538-22-28-4031"; VariantName = "[No Variations]"
Add component (AddParameter): Name = "Mouser Price/Stock"; Value = "https://www.mouser.co.uk/ProductDetail/Molex/22-28-4031?qs=PcTKi%252B0N2SeG%2FDValJnqMA%3D%3D"; VariantName = "[No Variations]"
Added Component: Designator=Q1(FP-SOT23-MFG)
Add component (AddParameter): Name = "RoHS Compliant"; Value = "Yes"; VariantName = "[No Variations]"
Added Component: Designator=Q2(FP-SOT23-IPC_C)
Added Component: Designator=Q?(FP-SOT23-IPC_C)
Added Component: Designator=Q?(FP-SOT23-MFG)
Add component (AddParameter): Name = "RoHS Compliant"; Value = "Yes"; VariantName = "[No Variations]"
Added Component: Designator=R1(FP-RNCP0805-MFG)
Add component (AddParameter): Name = "Case Code (Imperial)"; Value = "0805"; VariantName = "[No Variations]"
Add component (AddParameter): Name = "Case Code (Metric)"; Value = "2012"; VariantName = "[No Variations]"
Add component (AddParameter): Name = "Case/Package"; Value = "0805"; VariantName = "[No Variations]"
Add component (AddParameter): Name = "Features"; Value = "Moisture Resistant"; VariantName = "[No Variations]"
Add component (AddParameter): Name = "Height"; Value = "0.024inch"; VariantName = "[No Variations]"
Add component (AddParameter): Name = "Length"; Value = "0.079inch"; VariantName = "[No Variations]"
Add component (AddParameter): Name = "Max Operating Temperature"; Value = "155°C"; VariantName = "[No Variations]"
Add component (AddParameter): Name = "Max Power Dissipation"; Value = "250mW"; VariantName = "[No Variations]"
Add component (AddParameter): Name = "Min Operating Temperature"; Value = "-55°C"; VariantName = "[No Variations]"
Add component (AddParameter): Name = "Mount"; Value = "Surface Mount"; VariantName = "[No Variations]"
Add component (AddParameter): Name = "Number of Terminations"; Value = "2"; VariantName = "[No Variations]"
Add component (AddParameter): Name = "Packaging"; Value = "Tape and Reel"; VariantName = "[No Variations]"
Add component (AddParameter): Name = "Resistance"; Value = "200R"; VariantName = "[No Variations]"
Add component (AddParameter): Name = "Resistor Type"; Value = "Thin Film"; VariantName = "[No Variations]"
Add component (AddParameter): Name = "RoHS Compliant"; Value = "Yes"; VariantName = "[No Variations]"
Add component (AddParameter): Name = "Series"; Value = "RNCP"; VariantName = "[No Variations]"
Add component (AddParameter): Name = "Temperature Coefficient"; Value = "100ppm/°C"; VariantName = "[No Variations]"
Add component (AddParameter): Name = "Tolerance"; Value = "1%"; VariantName = "[No Variations]"
Add component (AddParameter): Name = "Width"; Value = "0.049inch"; VariantName = "[No Variations]"
Added Component: Designator=R2(FP-RNCP0805-MFG)
Add component (AddParameter): Name = "Case Code (Imperial)"; Value = "0805"; VariantName = "[No Variations]"
Add component (AddParameter): Name = "Case Code (Metric)"; Value = "2012"; VariantName = "[No Variations]"
Add component (AddParameter): Name = "Case/Package"; Value = "0805"; VariantName = "[No Variations]"
Add component (AddParameter): Name = "Features"; Value = "Moisture Resistant"; VariantName = "[No Variations]"
Add component (AddParameter): Name = "Height"; Value = "0.024inch"; VariantName = "[No Variations]"
Add component (AddParameter): Name = "Length"; Value = "0.079inch"; VariantName = "[No Variations]"
Add component (AddParameter): Name = "Max Operating Temperature"; Value = "155°C"; VariantName = "[No Variations]"
Add component (AddParameter): Name = "Max Power Dissipation"; Value = "250mW"; VariantName = "[No Variations]"
Add component (AddParameter): Name = "Min Operating Temperature"; Value = "-55°C"; VariantName = "[No Variations]"
Add component (AddParameter): Name = "Mount"; Value = "Surface Mount"; VariantName = "[No Variations]"
Add component (AddParameter): Name = "Number of Terminations"; Value = "2"; VariantName = "[No Variations]"
Add component (AddParameter): Name = "Packaging"; Value = "Tape and Reel"; VariantName = "[No Variations]"
Add component (AddParameter): Name = "Resistance"; Value = "200R"; VariantName = "[No Variations]"
Add component (AddParameter): Name = "Resistor Type"; Value = "Thin Film"; VariantName = "[No Variations]"
Add component (AddParameter): Name = "RoHS Compliant"; Value = "Yes"; VariantName = "[No Variations]"
Add component (AddParameter): Name = "Series"; Value = "RNCP"; VariantName = "[No Variations]"
Add component (AddParameter): Name = "Temperature Coefficient"; Value = "100ppm/°C"; VariantName = "[No Variations]"
Add component (AddParameter): Name = "Tolerance"; Value = "1%"; VariantName = "[No Variations]"
Add component (AddParameter): Name = "Width"; Value = "0.049inch"; VariantName = "[No Variations]"
Added Component: Designator=R3(FP-RNCP0805-MFG)
Add component (AddParameter): Name = "Case Code (Imperial)"; Value = "0805"; VariantName = "[No Variations]"
Add component (AddParameter): Name = "Case Code (Metric)"; Value = "2012"; VariantName = "[No Variations]"
Add component (AddParameter): Name = "Case/Package"; Value = "0805"; VariantName = "[No Variations]"
Add component (AddParameter): Name = "Features"; Value = "Moisture Resistant"; VariantName = "[No Variations]"
Add component (AddParameter): Name = "Height"; Value = "0.024inch"; VariantName = "[No Variations]"
Add component (AddParameter): Name = "Length"; Value = "0.079inch"; VariantName = "[No Variations]"
Add component (AddParameter): Name = "Max Operating Temperature"; Value = "155°C"; VariantName = "[No Variations]"
Add component (AddParameter): Name = "Max Power Dissipation"; Value = "250mW"; VariantName = "[No Variations]"
Add component (AddParameter): Name = "Min Operating Temperature"; Value = "-55°C"; VariantName = "[No Variations]"
Add component (AddParameter): Name = "Mount"; Value = "Surface Mount"; VariantName = "[No Variations]"
Add component (AddParameter): Name = "Number of Terminations"; Value = "2"; VariantName = "[No Variations]"
Add component (AddParameter): Name = "Packaging"; Value = "Tape and Reel"; VariantName = "[No Variations]"
Add component (AddParameter): Name = "Resistance"; Value = "200R"; VariantName = "[No Variations]"
Add component (AddParameter): Name = "Resistor Type"; Value = "Thin Film"; VariantName = "[No Variations]"
Add component (AddParameter): Name = "RoHS Compliant"; Value = "Yes"; VariantName = "[No Variations]"
Add component (AddParameter): Name = "Series"; Value = "RNCP"; VariantName = "[No Variations]"
Add component (AddParameter): Name = "Temperature Coefficient"; Value = "100ppm/°C"; VariantName = "[No Variations]"
Add component (AddParameter): Name = "Tolerance"; Value = "1%"; VariantName = "[No Variations]"
Add component (AddParameter): Name = "Width"; Value = "0.049inch"; VariantName = "[No Variations]"
Added Component: Designator=R4(FP-RNCF0805-MFG)
Add component (AddParameter): Name = "Case/Package"; Value = "0805"; VariantName = "[No Variations]"
Add component (AddParameter): Name = "Composition"; Value = "Thin Film"; VariantName = "[No Variations]"
Add component (AddParameter): Name = "Height"; Value = "650µm"; VariantName = "[No Variations]"
Add component (AddParameter): Name = "Max Operating Temperature"; Value = "155°C"; VariantName = "[No Variations]"
Add component (AddParameter): Name = "Min Operating Temperature"; Value = "-55°C"; VariantName = "[No Variations]"
Add component (AddParameter): Name = "Mount"; Value = "Surface Mount"; VariantName = "[No Variations]"
Add component (AddParameter): Name = "NexarPartId"; Value = "25743669"; VariantName = "[No Variations]"
Add component (AddParameter): Name = "Power Rating"; Value = "125mW"; VariantName = "[No Variations]"
Add component (AddParameter): Name = "Resistance"; Value = "500O"; VariantName = "[No Variations]"
Add component (AddParameter): Name = "RoHS"; Value = "Non-Compliant"; VariantName = "[No Variations]"
Add component (AddParameter): Name = "Temperature Coefficient"; Value = "5ppm/°C"; VariantName = "[No Variations]"
Add component (AddParameter): Name = "Tolerance"; Value = "0.01%"; VariantName = "[No Variations]"
Add component (AddParameter): Name = "Voltage Rating"; Value = "150V"; VariantName = "[No Variations]"
Added Component: Designator=R5(FP-MCU0805-IPC_A)
Add component (AddParameter): Name = "Case/Package"; Value = "0805"; VariantName = "[No Variations]"
Add component (AddParameter): Name = "Composition"; Value = "Thin Film"; VariantName = "[No Variations]"
Add component (AddParameter): Name = "Contact Plating"; Value = "Tin"; VariantName = "[No Variations]"
Add component (AddParameter): Name = "Depth"; Value = "1.25mm"; VariantName = "[No Variations]"
Add component (AddParameter): Name = "Height"; Value = "0.022inch"; VariantName = "[No Variations]"
Add component (AddParameter): Name = "Lead Free"; Value = "Lead Free"; VariantName = "[No Variations]"
Add component (AddParameter): Name = "Length"; Value = "0.079inch"; VariantName = "[No Variations]"
Add component (AddParameter): Name = "Max Operating Temperature"; Value = "125°C"; VariantName = "[No Variations]"
Add component (AddParameter): Name = "Max Power Dissipation"; Value = "125mW"; VariantName = "[No Variations]"
Add component (AddParameter): Name = "Military Standard"; Value = "Not"; VariantName = "[No Variations]"
Add component (AddParameter): Name = "Min Operating Temperature"; Value = "-55°C"; VariantName = "[No Variations]"
Add component (AddParameter): Name = "Number of Terminations"; Value = "2"; VariantName = "[No Variations]"
Add component (AddParameter): Name = "Package Quantity"; Value = "5000"; VariantName = "[No Variations]"
Add component (AddParameter): Name = "Packaging"; Value = "Tape and Reel"; VariantName = "[No Variations]"
Add component (AddParameter): Name = "Radiation Hardening"; Value = "No"; VariantName = "[No Variations]"
Add component (AddParameter): Name = "Resistance"; Value = "2kR"; VariantName = "[No Variations]"
Add component (AddParameter): Name = "Temperature Coefficient"; Value = "25ppm/°C"; VariantName = "[No Variations]"
Add component (AddParameter): Name = "Tolerance"; Value = "0.1%"; VariantName = "[No Variations]"
Add component (AddParameter): Name = "Width"; Value = "0.049inch"; VariantName = "[No Variations]"
Added Component: Designator=R6(FP-RMCF0805-IPC_B)
Add component (AddParameter): Name = "Case Code (Imperial)"; Value = "0805"; VariantName = "[No Variations]"
Add component (AddParameter): Name = "Case Code (Metric)"; Value = "2012"; VariantName = "[No Variations]"
Add component (AddParameter): Name = "Case/Package"; Value = "0805"; VariantName = "[No Variations]"
Add component (AddParameter): Name = "Contact Plating"; Value = "Tin"; VariantName = "[No Variations]"
Add component (AddParameter): Name = "Features"; Value = "Automotive AEC-Q200"; VariantName = "[No Variations]"
Add component (AddParameter): Name = "Height"; Value = "0.026inch"; VariantName = "[No Variations]"
Add component (AddParameter): Name = "Length"; Value = "0.079inch"; VariantName = "[No Variations]"
Add component (AddParameter): Name = "Max Operating Temperature"; Value = "155°C"; VariantName = "[No Variations]"
Add component (AddParameter): Name = "Max Power Dissipation"; Value = "125mW"; VariantName = "[No Variations]"
Add component (AddParameter): Name = "Min Operating Temperature"; Value = "-55°C"; VariantName = "[No Variations]"
Add component (AddParameter): Name = "Mount"; Value = "Surface Mount"; VariantName = "[No Variations]"
Add component (AddParameter): Name = "Number of Terminations"; Value = "2"; VariantName = "[No Variations]"
Add component (AddParameter): Name = "Packaging"; Value = "Tape and Reel"; VariantName = "[No Variations]"
Add component (AddParameter): Name = "Radiation Hardening"; Value = "No"; VariantName = "[No Variations]"
Add component (AddParameter): Name = "Resistance"; Value = "1kR"; VariantName = "[No Variations]"
Add component (AddParameter): Name = "Resistor Type"; Value = "Thick Film"; VariantName = "[No Variations]"
Add component (AddParameter): Name = "RoHS Compliant"; Value = "Yes"; VariantName = "[No Variations]"
Add component (AddParameter): Name = "Series"; Value = "RMCF"; VariantName = "[No Variations]"
Add component (AddParameter): Name = "Temperature Coefficient"; Value = "200ppm/°C"; VariantName = "[No Variations]"
Add component (AddParameter): Name = "Tolerance"; Value = "5%"; VariantName = "[No Variations]"
Add component (AddParameter): Name = "Width"; Value = "0.049inch"; VariantName = "[No Variations]"
Added Component: Designator=R7(FP-RMCF0805-IPC_B)
Add component (AddParameter): Name = "Case Code (Imperial)"; Value = "0805"; VariantName = "[No Variations]"
Add component (AddParameter): Name = "Case Code (Metric)"; Value = "2012"; VariantName = "[No Variations]"
Add component (AddParameter): Name = "Case/Package"; Value = "0805"; VariantName = "[No Variations]"
Add component (AddParameter): Name = "Contact Plating"; Value = "Tin"; VariantName = "[No Variations]"
Add component (AddParameter): Name = "Features"; Value = "Automotive AEC-Q200"; VariantName = "[No Variations]"
Add component (AddParameter): Name = "Height"; Value = "0.026inch"; VariantName = "[No Variations]"
Add component (AddParameter): Name = "Length"; Value = "0.079inch"; VariantName = "[No Variations]"
Add component (AddParameter): Name = "Max Operating Temperature"; Value = "155°C"; VariantName = "[No Variations]"
Add component (AddParameter): Name = "Max Power Dissipation"; Value = "125mW"; VariantName = "[No Variations]"
Add component (AddParameter): Name = "Min Operating Temperature"; Value = "-55°C"; VariantName = "[No Variations]"
Add component (AddParameter): Name = "Mount"; Value = "Surface Mount"; VariantName = "[No Variations]"
Add component (AddParameter): Name = "Number of Terminations"; Value = "2"; VariantName = "[No Variations]"
Add component (AddParameter): Name = "Packaging"; Value = "Tape and Reel"; VariantName = "[No Variations]"
Add component (AddParameter): Name = "Radiation Hardening"; Value = "No"; VariantName = "[No Variations]"
Add component (AddParameter): Name = "Resistance"; Value = "1kR"; VariantName = "[No Variations]"
Add component (AddParameter): Name = "Resistor Type"; Value = "Thick Film"; VariantName = "[No Variations]"
Add component (AddParameter): Name = "RoHS Compliant"; Value = "Yes"; VariantName = "[No Variations]"
Add component (AddParameter): Name = "Series"; Value = "RMCF"; VariantName = "[No Variations]"
Add component (AddParameter): Name = "Temperature Coefficient"; Value = "200ppm/°C"; VariantName = "[No Variations]"
Add component (AddParameter): Name = "Tolerance"; Value = "5%"; VariantName = "[No Variations]"
Add component (AddParameter): Name = "Width"; Value = "0.049inch"; VariantName = "[No Variations]"
Added Component: Designator=R8(FP-RMCF0805-IPC_B)
Add component (AddParameter): Name = "Case Code (Imperial)"; Value = "0805"; VariantName = "[No Variations]"
Add component (AddParameter): Name = "Case Code (Metric)"; Value = "2012"; VariantName = "[No Variations]"
Add component (AddParameter): Name = "Case/Package"; Value = "0805"; VariantName = "[No Variations]"
Add component (AddParameter): Name = "Contact Plating"; Value = "Tin"; VariantName = "[No Variations]"
Add component (AddParameter): Name = "Features"; Value = "Automotive AEC-Q200"; VariantName = "[No Variations]"
Add component (AddParameter): Name = "Height"; Value = "0.026inch"; VariantName = "[No Variations]"
Add component (AddParameter): Name = "Length"; Value = "0.079inch"; VariantName = "[No Variations]"
Add component (AddParameter): Name = "Max Operating Temperature"; Value = "155°C"; VariantName = "[No Variations]"
Add component (AddParameter): Name = "Max Power Dissipation"; Value = "125mW"; VariantName = "[No Variations]"
Add component (AddParameter): Name = "Min Operating Temperature"; Value = "-55°C"; VariantName = "[No Variations]"
Add component (AddParameter): Name = "Mount"; Value = "Surface Mount"; VariantName = "[No Variations]"
Add component (AddParameter): Name = "Number of Terminations"; Value = "2"; VariantName = "[No Variations]"
Add component (AddParameter): Name = "Packaging"; Value = "Tape and Reel"; VariantName = "[No Variations]"
Add component (AddParameter): Name = "Radiation Hardening"; Value = "No"; VariantName = "[No Variations]"
Add component (AddParameter): Name = "Resistance"; Value = "1kR"; VariantName = "[No Variations]"
Add component (AddParameter): Name = "Resistor Type"; Value = "Thick Film"; VariantName = "[No Variations]"
Add component (AddParameter): Name = "RoHS Compliant"; Value = "Yes"; VariantName = "[No Variations]"
Add component (AddParameter): Name = "Series"; Value = "RMCF"; VariantName = "[No Variations]"
Add component (AddParameter): Name = "Temperature Coefficient"; Value = "200ppm/°C"; VariantName = "[No Variations]"
Add component (AddParameter): Name = "Tolerance"; Value = "5%"; VariantName = "[No Variations]"
Add component (AddParameter): Name = "Width"; Value = "0.049inch"; VariantName = "[No Variations]"
Added Component: Designator=R9(FP-RMCF0805-IPC_B)
Add component (AddParameter): Name = "Case Code (Imperial)"; Value = "0805"; VariantName = "[No Variations]"
Add component (AddParameter): Name = "Case Code (Metric)"; Value = "2012"; VariantName = "[No Variations]"
Add component (AddParameter): Name = "Case/Package"; Value = "0805"; VariantName = "[No Variations]"
Add component (AddParameter): Name = "Contact Plating"; Value = "Tin"; VariantName = "[No Variations]"
Add component (AddParameter): Name = "Features"; Value = "Automotive AEC-Q200"; VariantName = "[No Variations]"
Add component (AddParameter): Name = "Height"; Value = "0.026inch"; VariantName = "[No Variations]"
Add component (AddParameter): Name = "Length"; Value = "0.079inch"; VariantName = "[No Variations]"
Add component (AddParameter): Name = "Max Operating Temperature"; Value = "155°C"; VariantName = "[No Variations]"
Add component (AddParameter): Name = "Max Power Dissipation"; Value = "125mW"; VariantName = "[No Variations]"
Add component (AddParameter): Name = "Min Operating Temperature"; Value = "-55°C"; VariantName = "[No Variations]"
Add component (AddParameter): Name = "Mount"; Value = "Surface Mount"; VariantName = "[No Variations]"
Add component (AddParameter): Name = "Number of Terminations"; Value = "2"; VariantName = "[No Variations]"
Add component (AddParameter): Name = "Package Quantity"; Value = "10000"; VariantName = "[No Variations]"
Add component (AddParameter): Name = "Packaging"; Value = "Tape and Reel"; VariantName = "[No Variations]"
Add component (AddParameter): Name = "Radiation Hardening"; Value = "No"; VariantName = "[No Variations]"
Add component (AddParameter): Name = "Resistance"; Value = "3kR"; VariantName = "[No Variations]"
Add component (AddParameter): Name = "Resistor Type"; Value = "Thick Film"; VariantName = "[No Variations]"
Add component (AddParameter): Name = "Series"; Value = "RMCF"; VariantName = "[No Variations]"
Add component (AddParameter): Name = "Temperature Coefficient"; Value = "200ppm/°C"; VariantName = "[No Variations]"
Add component (AddParameter): Name = "Tolerance"; Value = "5%"; VariantName = "[No Variations]"
Add component (AddParameter): Name = "Width"; Value = "0.049inch"; VariantName = "[No Variations]"
Added Component: Designator=R10(FP-RN73R2A-IPC_A)
Added Component: Designator=R11(FP-RN73R2A-IPC_A)
Added Component: Designator=R12(FP-MCU0805-IPC_A)
Add component (AddParameter): Name = "Case Code (Imperial)"; Value = "0805"; VariantName = "[No Variations]"
Add component (AddParameter): Name = "Case Code (Metric)"; Value = "2012"; VariantName = "[No Variations]"
Add component (AddParameter): Name = "Case/Package"; Value = "0805"; VariantName = "[No Variations]"
Add component (AddParameter): Name = "Composition"; Value = "Thin Film"; VariantName = "[No Variations]"
Add component (AddParameter): Name = "Features"; Value = "Automotive AEC-Q200"; VariantName = "[No Variations]"
Add component (AddParameter): Name = "Height"; Value = "0.024inch"; VariantName = "[No Variations]"
Add component (AddParameter): Name = "Length"; Value = "0.079inch"; VariantName = "[No Variations]"
Add component (AddParameter): Name = "Max Operating Temperature"; Value = "155°C"; VariantName = "[No Variations]"
Add component (AddParameter): Name = "Max Power Dissipation"; Value = "200mW"; VariantName = "[No Variations]"
Add component (AddParameter): Name = "Min Operating Temperature"; Value = "-55°C"; VariantName = "[No Variations]"
Add component (AddParameter): Name = "Number of Terminations"; Value = "2"; VariantName = "[No Variations]"
Add component (AddParameter): Name = "Package Quantity"; Value = "1"; VariantName = "[No Variations]"
Add component (AddParameter): Name = "Packaging"; Value = "Tape and Reel"; VariantName = "[No Variations]"
Add component (AddParameter): Name = "Power Rating"; Value = "200mW"; VariantName = "[No Variations]"
Add component (AddParameter): Name = "Resistance"; Value = "100R"; VariantName = "[No Variations]"
Add component (AddParameter): Name = "Temperature Coefficient"; Value = "25ppm/°C"; VariantName = "[No Variations]"
Add component (AddParameter): Name = "Tolerance"; Value = "0.1%"; VariantName = "[No Variations]"
Add component (AddParameter): Name = "Voltage Rating"; Value = "150V"; VariantName = "[No Variations]"
Add component (AddParameter): Name = "Weight"; Value = "0.000162oz"; VariantName = "[No Variations]"
Add component (AddParameter): Name = "Width"; Value = "0.049inch"; VariantName = "[No Variations]"
Added Component: Designator=R13(FP-MCU0805-IPC_A)
Add component (AddParameter): Name = "Case Code (Imperial)"; Value = "0805"; VariantName = "[No Variations]"
Add component (AddParameter): Name = "Case Code (Metric)"; Value = "2012"; VariantName = "[No Variations]"
Add component (AddParameter): Name = "Case/Package"; Value = "0805"; VariantName = "[No Variations]"
Add component (AddParameter): Name = "Composition"; Value = "Thin Film"; VariantName = "[No Variations]"
Add component (AddParameter): Name = "Features"; Value = "Automotive AEC-Q200"; VariantName = "[No Variations]"
Add component (AddParameter): Name = "Height"; Value = "0.024inch"; VariantName = "[No Variations]"
Add component (AddParameter): Name = "Length"; Value = "0.079inch"; VariantName = "[No Variations]"
Add component (AddParameter): Name = "Max Operating Temperature"; Value = "155°C"; VariantName = "[No Variations]"
Add component (AddParameter): Name = "Max Power Dissipation"; Value = "200mW"; VariantName = "[No Variations]"
Add component (AddParameter): Name = "Min Operating Temperature"; Value = "-55°C"; VariantName = "[No Variations]"
Add component (AddParameter): Name = "Number of Terminations"; Value = "2"; VariantName = "[No Variations]"
Add component (AddParameter): Name = "Package Quantity"; Value = "1"; VariantName = "[No Variations]"
Add component (AddParameter): Name = "Packaging"; Value = "Tape and Reel"; VariantName = "[No Variations]"
Add component (AddParameter): Name = "Power Rating"; Value = "200mW"; VariantName = "[No Variations]"
Add component (AddParameter): Name = "Resistance"; Value = "100R"; VariantName = "[No Variations]"
Add component (AddParameter): Name = "Temperature Coefficient"; Value = "25ppm/°C"; VariantName = "[No Variations]"
Add component (AddParameter): Name = "Tolerance"; Value = "0.1%"; VariantName = "[No Variations]"
Add component (AddParameter): Name = "Voltage Rating"; Value = "150V"; VariantName = "[No Variations]"
Add component (AddParameter): Name = "Weight"; Value = "0.000162oz"; VariantName = "[No Variations]"
Add component (AddParameter): Name = "Width"; Value = "0.049inch"; VariantName = "[No Variations]"
Added Component: Designator=R14(FP-MCU0805-IPC_A)
Add component (AddParameter): Name = "Case Code (Imperial)"; Value = "0805"; VariantName = "[No Variations]"
Add component (AddParameter): Name = "Case Code (Metric)"; Value = "2012"; VariantName = "[No Variations]"
Add component (AddParameter): Name = "Case/Package"; Value = "0805"; VariantName = "[No Variations]"
Add component (AddParameter): Name = "Composition"; Value = "Thin Film"; VariantName = "[No Variations]"
Add component (AddParameter): Name = "Features"; Value = "Automotive AEC-Q200"; VariantName = "[No Variations]"
Add component (AddParameter): Name = "Height"; Value = "0.024inch"; VariantName = "[No Variations]"
Add component (AddParameter): Name = "Length"; Value = "0.079inch"; VariantName = "[No Variations]"
Add component (AddParameter): Name = "Max Operating Temperature"; Value = "155°C"; VariantName = "[No Variations]"
Add component (AddParameter): Name = "Max Power Dissipation"; Value = "200mW"; VariantName = "[No Variations]"
Add component (AddParameter): Name = "Min Operating Temperature"; Value = "-55°C"; VariantName = "[No Variations]"
Add component (AddParameter): Name = "Number of Terminations"; Value = "2"; VariantName = "[No Variations]"
Add component (AddParameter): Name = "Package Quantity"; Value = "1"; VariantName = "[No Variations]"
Add component (AddParameter): Name = "Packaging"; Value = "Tape and Reel"; VariantName = "[No Variations]"
Add component (AddParameter): Name = "Power Rating"; Value = "200mW"; VariantName = "[No Variations]"
Add component (AddParameter): Name = "Resistance"; Value = "100R"; VariantName = "[No Variations]"
Add component (AddParameter): Name = "Temperature Coefficient"; Value = "25ppm/°C"; VariantName = "[No Variations]"
Add component (AddParameter): Name = "Tolerance"; Value = "0.1%"; VariantName = "[No Variations]"
Add component (AddParameter): Name = "Voltage Rating"; Value = "150V"; VariantName = "[No Variations]"
Add component (AddParameter): Name = "Weight"; Value = "0.000162oz"; VariantName = "[No Variations]"
Add component (AddParameter): Name = "Width"; Value = "0.049inch"; VariantName = "[No Variations]"
Added Component: Designator=R?(FP-RNCP0805-MFG)
Add component (AddParameter): Name = "Case Code (Imperial)"; Value = "0805"; VariantName = "[No Variations]"
Add component (AddParameter): Name = "Case Code (Metric)"; Value = "2012"; VariantName = "[No Variations]"
Add component (AddParameter): Name = "Case/Package"; Value = "0805"; VariantName = "[No Variations]"
Add component (AddParameter): Name = "Features"; Value = "Moisture Resistant"; VariantName = "[No Variations]"
Add component (AddParameter): Name = "Height"; Value = "0.024inch"; VariantName = "[No Variations]"
Add component (AddParameter): Name = "Length"; Value = "0.079inch"; VariantName = "[No Variations]"
Add component (AddParameter): Name = "Max Operating Temperature"; Value = "155°C"; VariantName = "[No Variations]"
Add component (AddParameter): Name = "Max Power Dissipation"; Value = "250mW"; VariantName = "[No Variations]"
Add component (AddParameter): Name = "Min Operating Temperature"; Value = "-55°C"; VariantName = "[No Variations]"
Add component (AddParameter): Name = "Mount"; Value = "Surface Mount"; VariantName = "[No Variations]"
Add component (AddParameter): Name = "Number of Terminations"; Value = "2"; VariantName = "[No Variations]"
Add component (AddParameter): Name = "Packaging"; Value = "Tape and Reel"; VariantName = "[No Variations]"
Add component (AddParameter): Name = "Resistance"; Value = "200R"; VariantName = "[No Variations]"
Add component (AddParameter): Name = "Resistor Type"; Value = "Thin Film"; VariantName = "[No Variations]"
Add component (AddParameter): Name = "RoHS Compliant"; Value = "Yes"; VariantName = "[No Variations]"
Add component (AddParameter): Name = "Series"; Value = "RNCP"; VariantName = "[No Variations]"
Add component (AddParameter): Name = "Temperature Coefficient"; Value = "100ppm/°C"; VariantName = "[No Variations]"
Add component (AddParameter): Name = "Tolerance"; Value = "1%"; VariantName = "[No Variations]"
Add component (AddParameter): Name = "Width"; Value = "0.049inch"; VariantName = "[No Variations]"
Added Component: Designator=R?(FP-RNCP0805-MFG)
Add component (AddParameter): Name = "Case Code (Imperial)"; Value = "0805"; VariantName = "[No Variations]"
Add component (AddParameter): Name = "Case Code (Metric)"; Value = "2012"; VariantName = "[No Variations]"
Add component (AddParameter): Name = "Case/Package"; Value = "0805"; VariantName = "[No Variations]"
Add component (AddParameter): Name = "Features"; Value = "Moisture Resistant"; VariantName = "[No Variations]"
Add component (AddParameter): Name = "Height"; Value = "0.024inch"; VariantName = "[No Variations]"
Add component (AddParameter): Name = "Length"; Value = "0.079inch"; VariantName = "[No Variations]"
Add component (AddParameter): Name = "Max Operating Temperature"; Value = "155°C"; VariantName = "[No Variations]"
Add component (AddParameter): Name = "Max Power Dissipation"; Value = "250mW"; VariantName = "[No Variations]"
Add component (AddParameter): Name = "Min Operating Temperature"; Value = "-55°C"; VariantName = "[No Variations]"
Add component (AddParameter): Name = "Mount"; Value = "Surface Mount"; VariantName = "[No Variations]"
Add component (AddParameter): Name = "Number of Terminations"; Value = "2"; VariantName = "[No Variations]"
Add component (AddParameter): Name = "Packaging"; Value = "Tape and Reel"; VariantName = "[No Variations]"
Add component (AddParameter): Name = "Resistance"; Value = "200R"; VariantName = "[No Variations]"
Add component (AddParameter): Name = "Resistor Type"; Value = "Thin Film"; VariantName = "[No Variations]"
Add component (AddParameter): Name = "RoHS Compliant"; Value = "Yes"; VariantName = "[No Variations]"
Add component (AddParameter): Name = "Series"; Value = "RNCP"; VariantName = "[No Variations]"
Add component (AddParameter): Name = "Temperature Coefficient"; Value = "100ppm/°C"; VariantName = "[No Variations]"
Add component (AddParameter): Name = "Tolerance"; Value = "1%"; VariantName = "[No Variations]"
Add component (AddParameter): Name = "Width"; Value = "0.049inch"; VariantName = "[No Variations]"
Added Component: Designator=R?(FP-RNCP0805-MFG)
Add component (AddParameter): Name = "Case Code (Imperial)"; Value = "0805"; VariantName = "[No Variations]"
Add component (AddParameter): Name = "Case Code (Metric)"; Value = "2012"; VariantName = "[No Variations]"
Add component (AddParameter): Name = "Case/Package"; Value = "0805"; VariantName = "[No Variations]"
Add component (AddParameter): Name = "Features"; Value = "Moisture Resistant"; VariantName = "[No Variations]"
Add component (AddParameter): Name = "Height"; Value = "0.024inch"; VariantName = "[No Variations]"
Add component (AddParameter): Name = "Length"; Value = "0.079inch"; VariantName = "[No Variations]"
Add component (AddParameter): Name = "Max Operating Temperature"; Value = "155°C"; VariantName = "[No Variations]"
Add component (AddParameter): Name = "Max Power Dissipation"; Value = "250mW"; VariantName = "[No Variations]"
Add component (AddParameter): Name = "Min Operating Temperature"; Value = "-55°C"; VariantName = "[No Variations]"
Add component (AddParameter): Name = "Mount"; Value = "Surface Mount"; VariantName = "[No Variations]"
Add component (AddParameter): Name = "Number of Terminations"; Value = "2"; VariantName = "[No Variations]"
Add component (AddParameter): Name = "Packaging"; Value = "Tape and Reel"; VariantName = "[No Variations]"
Add component (AddParameter): Name = "Resistance"; Value = "200R"; VariantName = "[No Variations]"
Add component (AddParameter): Name = "Resistor Type"; Value = "Thin Film"; VariantName = "[No Variations]"
Add component (AddParameter): Name = "RoHS Compliant"; Value = "Yes"; VariantName = "[No Variations]"
Add component (AddParameter): Name = "Series"; Value = "RNCP"; VariantName = "[No Variations]"
Add component (AddParameter): Name = "Temperature Coefficient"; Value = "100ppm/°C"; VariantName = "[No Variations]"
Add component (AddParameter): Name = "Tolerance"; Value = "1%"; VariantName = "[No Variations]"
Add component (AddParameter): Name = "Width"; Value = "0.049inch"; VariantName = "[No Variations]"
Added Component: Designator=R?(FP-RNCF0805-MFG)
Add component (AddParameter): Name = "Case/Package"; Value = "0805"; VariantName = "[No Variations]"
Add component (AddParameter): Name = "Composition"; Value = "Thin Film"; VariantName = "[No Variations]"
Add component (AddParameter): Name = "Height"; Value = "650µm"; VariantName = "[No Variations]"
Add component (AddParameter): Name = "Max Operating Temperature"; Value = "155°C"; VariantName = "[No Variations]"
Add component (AddParameter): Name = "Min Operating Temperature"; Value = "-55°C"; VariantName = "[No Variations]"
Add component (AddParameter): Name = "Mount"; Value = "Surface Mount"; VariantName = "[No Variations]"
Add component (AddParameter): Name = "NexarPartId"; Value = "25743669"; VariantName = "[No Variations]"
Add component (AddParameter): Name = "Power Rating"; Value = "125mW"; VariantName = "[No Variations]"
Add component (AddParameter): Name = "Resistance"; Value = "500O"; VariantName = "[No Variations]"
Add component (AddParameter): Name = "RoHS"; Value = "Non-Compliant"; VariantName = "[No Variations]"
Add component (AddParameter): Name = "Temperature Coefficient"; Value = "5ppm/°C"; VariantName = "[No Variations]"
Add component (AddParameter): Name = "Tolerance"; Value = "0.01%"; VariantName = "[No Variations]"
Add component (AddParameter): Name = "Voltage Rating"; Value = "150V"; VariantName = "[No Variations]"
Added Component: Designator=R?(FP-RN73R2A-IPC_A)
Added Component: Designator=R?(FP-MCU0805-IPC_A)
Add component (AddParameter): Name = "Case/Package"; Value = "0805"; VariantName = "[No Variations]"
Add component (AddParameter): Name = "Composition"; Value = "Thin Film"; VariantName = "[No Variations]"
Add component (AddParameter): Name = "Contact Plating"; Value = "Tin"; VariantName = "[No Variations]"
Add component (AddParameter): Name = "Depth"; Value = "1.25mm"; VariantName = "[No Variations]"
Add component (AddParameter): Name = "Height"; Value = "0.022inch"; VariantName = "[No Variations]"
Add component (AddParameter): Name = "Lead Free"; Value = "Lead Free"; VariantName = "[No Variations]"
Add component (AddParameter): Name = "Length"; Value = "0.079inch"; VariantName = "[No Variations]"
Add component (AddParameter): Name = "Max Operating Temperature"; Value = "125°C"; VariantName = "[No Variations]"
Add component (AddParameter): Name = "Max Power Dissipation"; Value = "125mW"; VariantName = "[No Variations]"
Add component (AddParameter): Name = "Military Standard"; Value = "Not"; VariantName = "[No Variations]"
Add component (AddParameter): Name = "Min Operating Temperature"; Value = "-55°C"; VariantName = "[No Variations]"
Add component (AddParameter): Name = "Number of Terminations"; Value = "2"; VariantName = "[No Variations]"
Add component (AddParameter): Name = "Package Quantity"; Value = "5000"; VariantName = "[No Variations]"
Add component (AddParameter): Name = "Packaging"; Value = "Tape and Reel"; VariantName = "[No Variations]"
Add component (AddParameter): Name = "Radiation Hardening"; Value = "No"; VariantName = "[No Variations]"
Add component (AddParameter): Name = "Resistance"; Value = "2kR"; VariantName = "[No Variations]"
Add component (AddParameter): Name = "Temperature Coefficient"; Value = "25ppm/°C"; VariantName = "[No Variations]"
Add component (AddParameter): Name = "Tolerance"; Value = "0.1%"; VariantName = "[No Variations]"
Add component (AddParameter): Name = "Width"; Value = "0.049inch"; VariantName = "[No Variations]"
Added Component: Designator=R?(FP-RMCF0805-MFG)
Add component (AddParameter): Name = "Case Code (Imperial)"; Value = "0805"; VariantName = "[No Variations]"
Add component (AddParameter): Name = "Case Code (Metric)"; Value = "2012"; VariantName = "[No Variations]"
Add component (AddParameter): Name = "Case/Package"; Value = "0805"; VariantName = "[No Variations]"
Add component (AddParameter): Name = "Contact Plating"; Value = "Tin"; VariantName = "[No Variations]"
Add component (AddParameter): Name = "Features"; Value = "Automotive AEC-Q200"; VariantName = "[No Variations]"
Add component (AddParameter): Name = "Height"; Value = "0.026inch"; VariantName = "[No Variations]"
Add component (AddParameter): Name = "Length"; Value = "0.079inch"; VariantName = "[No Variations]"
Add component (AddParameter): Name = "Max Operating Temperature"; Value = "155°C"; VariantName = "[No Variations]"
Add component (AddParameter): Name = "Max Power Dissipation"; Value = "125mW"; VariantName = "[No Variations]"
Add component (AddParameter): Name = "Min Operating Temperature"; Value = "-55°C"; VariantName = "[No Variations]"
Add component (AddParameter): Name = "Mount"; Value = "Surface Mount"; VariantName = "[No Variations]"
Add component (AddParameter): Name = "Number of Terminations"; Value = "2"; VariantName = "[No Variations]"
Add component (AddParameter): Name = "Packaging"; Value = "Tape and Reel"; VariantName = "[No Variations]"
Add component (AddParameter): Name = "Radiation Hardening"; Value = "No"; VariantName = "[No Variations]"
Add component (AddParameter): Name = "Resistance"; Value = "45.3kR"; VariantName = "[No Variations]"
Add component (AddParameter): Name = "Resistor Type"; Value = "Thick Film"; VariantName = "[No Variations]"
Add component (AddParameter): Name = "RoHS Compliant"; Value = "Yes"; VariantName = "[No Variations]"
Add component (AddParameter): Name = "Series"; Value = "RMCF"; VariantName = "[No Variations]"
Add component (AddParameter): Name = "Temperature Coefficient"; Value = "100ppm/°C"; VariantName = "[No Variations]"
Add component (AddParameter): Name = "Tolerance"; Value = "1%"; VariantName = "[No Variations]"
Add component (AddParameter): Name = "Width"; Value = "0.049inch"; VariantName = "[No Variations]"
Added Component: Designator=R?(FP-MCU0805-IPC_A)
Add component (AddParameter): Name = "Case Code (Imperial)"; Value = "0805"; VariantName = "[No Variations]"
Add component (AddParameter): Name = "Case Code (Metric)"; Value = "2012"; VariantName = "[No Variations]"
Add component (AddParameter): Name = "Case/Package"; Value = "0805"; VariantName = "[No Variations]"
Add component (AddParameter): Name = "Composition"; Value = "Thin Film"; VariantName = "[No Variations]"
Add component (AddParameter): Name = "Features"; Value = "Automotive AEC-Q200"; VariantName = "[No Variations]"
Add component (AddParameter): Name = "Height"; Value = "0.024inch"; VariantName = "[No Variations]"
Add component (AddParameter): Name = "Length"; Value = "0.079inch"; VariantName = "[No Variations]"
Add component (AddParameter): Name = "Max Operating Temperature"; Value = "155°C"; VariantName = "[No Variations]"
Add component (AddParameter): Name = "Max Power Dissipation"; Value = "200mW"; VariantName = "[No Variations]"
Add component (AddParameter): Name = "Min Operating Temperature"; Value = "-55°C"; VariantName = "[No Variations]"
Add component (AddParameter): Name = "Number of Terminations"; Value = "2"; VariantName = "[No Variations]"
Add component (AddParameter): Name = "Package Quantity"; Value = "1"; VariantName = "[No Variations]"
Add component (AddParameter): Name = "Packaging"; Value = "Tape and Reel"; VariantName = "[No Variations]"
Add component (AddParameter): Name = "Power Rating"; Value = "200mW"; VariantName = "[No Variations]"
Add component (AddParameter): Name = "Resistance"; Value = "100R"; VariantName = "[No Variations]"
Add component (AddParameter): Name = "Temperature Coefficient"; Value = "25ppm/°C"; VariantName = "[No Variations]"
Add component (AddParameter): Name = "Tolerance"; Value = "0.1%"; VariantName = "[No Variations]"
Add component (AddParameter): Name = "Voltage Rating"; Value = "150V"; VariantName = "[No Variations]"
Add component (AddParameter): Name = "Weight"; Value = "0.000162oz"; VariantName = "[No Variations]"
Add component (AddParameter): Name = "Width"; Value = "0.049inch"; VariantName = "[No Variations]"
Added Component: Designator=R?(FP-MCU0805-IPC_A)
Add component (AddParameter): Name = "Case Code (Imperial)"; Value = "0805"; VariantName = "[No Variations]"
Add component (AddParameter): Name = "Case Code (Metric)"; Value = "2012"; VariantName = "[No Variations]"
Add component (AddParameter): Name = "Case/Package"; Value = "0805"; VariantName = "[No Variations]"
Add component (AddParameter): Name = "Composition"; Value = "Thin Film"; VariantName = "[No Variations]"
Add component (AddParameter): Name = "Features"; Value = "Automotive AEC-Q200"; VariantName = "[No Variations]"
Add component (AddParameter): Name = "Height"; Value = "0.024inch"; VariantName = "[No Variations]"
Add component (AddParameter): Name = "Length"; Value = "0.079inch"; VariantName = "[No Variations]"
Add component (AddParameter): Name = "Max Operating Temperature"; Value = "155°C"; VariantName = "[No Variations]"
Add component (AddParameter): Name = "Max Power Dissipation"; Value = "200mW"; VariantName = "[No Variations]"
Add component (AddParameter): Name = "Min Operating Temperature"; Value = "-55°C"; VariantName = "[No Variations]"
Add component (AddParameter): Name = "Number of Terminations"; Value = "2"; VariantName = "[No Variations]"
Add component (AddParameter): Name = "Package Quantity"; Value = "1"; VariantName = "[No Variations]"
Add component (AddParameter): Name = "Packaging"; Value = "Tape and Reel"; VariantName = "[No Variations]"
Add component (AddParameter): Name = "Power Rating"; Value = "200mW"; VariantName = "[No Variations]"
Add component (AddParameter): Name = "Resistance"; Value = "100R"; VariantName = "[No Variations]"
Add component (AddParameter): Name = "Temperature Coefficient"; Value = "25ppm/°C"; VariantName = "[No Variations]"
Add component (AddParameter): Name = "Tolerance"; Value = "0.1%"; VariantName = "[No Variations]"
Add component (AddParameter): Name = "Voltage Rating"; Value = "150V"; VariantName = "[No Variations]"
Add component (AddParameter): Name = "Weight"; Value = "0.000162oz"; VariantName = "[No Variations]"
Add component (AddParameter): Name = "Width"; Value = "0.049inch"; VariantName = "[No Variations]"
Added Component: Designator=R?(FP-MCU0805-IPC_A)
Add component (AddParameter): Name = "Case/Package"; Value = "0805"; VariantName = "[No Variations]"
Add component (AddParameter): Name = "Composition"; Value = "Thin Film"; VariantName = "[No Variations]"
Add component (AddParameter): Name = "Contact Plating"; Value = "Tin"; VariantName = "[No Variations]"
Add component (AddParameter): Name = "Depth"; Value = "1.25mm"; VariantName = "[No Variations]"
Add component (AddParameter): Name = "Height"; Value = "0.022inch"; VariantName = "[No Variations]"
Add component (AddParameter): Name = "Lead Free"; Value = "Lead Free"; VariantName = "[No Variations]"
Add component (AddParameter): Name = "Length"; Value = "0.079inch"; VariantName = "[No Variations]"
Add component (AddParameter): Name = "Max Operating Temperature"; Value = "125°C"; VariantName = "[No Variations]"
Add component (AddParameter): Name = "Max Power Dissipation"; Value = "125mW"; VariantName = "[No Variations]"
Add component (AddParameter): Name = "Military Standard"; Value = "Not"; VariantName = "[No Variations]"
Add component (AddParameter): Name = "Min Operating Temperature"; Value = "-55°C"; VariantName = "[No Variations]"
Add component (AddParameter): Name = "Number of Terminations"; Value = "2"; VariantName = "[No Variations]"
Add component (AddParameter): Name = "Package Quantity"; Value = "5000"; VariantName = "[No Variations]"
Add component (AddParameter): Name = "Packaging"; Value = "Tape and Reel"; VariantName = "[No Variations]"
Add component (AddParameter): Name = "Radiation Hardening"; Value = "No"; VariantName = "[No Variations]"
Add component (AddParameter): Name = "Resistance"; Value = "2kR"; VariantName = "[No Variations]"
Add component (AddParameter): Name = "Temperature Coefficient"; Value = "25ppm/°C"; VariantName = "[No Variations]"
Add component (AddParameter): Name = "Tolerance"; Value = "0.1%"; VariantName = "[No Variations]"
Add component (AddParameter): Name = "Width"; Value = "0.049inch"; VariantName = "[No Variations]"
Added Component: Designator=R?(FP-RMCF0805-MFG)
Add component (AddParameter): Name = "Case Code (Imperial)"; Value = "0805"; VariantName = "[No Variations]"
Add component (AddParameter): Name = "Case Code (Metric)"; Value = "2012"; VariantName = "[No Variations]"
Add component (AddParameter): Name = "Case/Package"; Value = "0805"; VariantName = "[No Variations]"
Add component (AddParameter): Name = "Contact Plating"; Value = "Tin"; VariantName = "[No Variations]"
Add component (AddParameter): Name = "Features"; Value = "Automotive AEC-Q200"; VariantName = "[No Variations]"
Add component (AddParameter): Name = "Height"; Value = "0.026inch"; VariantName = "[No Variations]"
Add component (AddParameter): Name = "Length"; Value = "0.079inch"; VariantName = "[No Variations]"
Add component (AddParameter): Name = "Max Operating Temperature"; Value = "155°C"; VariantName = "[No Variations]"
Add component (AddParameter): Name = "Max Power Dissipation"; Value = "125mW"; VariantName = "[No Variations]"
Add component (AddParameter): Name = "Min Operating Temperature"; Value = "-55°C"; VariantName = "[No Variations]"
Add component (AddParameter): Name = "Mount"; Value = "Surface Mount"; VariantName = "[No Variations]"
Add component (AddParameter): Name = "Number of Terminations"; Value = "2"; VariantName = "[No Variations]"
Add component (AddParameter): Name = "Package Quantity"; Value = "10000"; VariantName = "[No Variations]"
Add component (AddParameter): Name = "Packaging"; Value = "Tape and Reel"; VariantName = "[No Variations]"
Add component (AddParameter): Name = "Radiation Hardening"; Value = "No"; VariantName = "[No Variations]"
Add component (AddParameter): Name = "Resistance"; Value = "33R"; VariantName = "[No Variations]"
Add component (AddParameter): Name = "Resistor Type"; Value = "Thick Film"; VariantName = "[No Variations]"
Add component (AddParameter): Name = "RoHS Compliant"; Value = "Yes"; VariantName = "[No Variations]"
Add component (AddParameter): Name = "Series"; Value = "RMCF"; VariantName = "[No Variations]"
Add component (AddParameter): Name = "Temperature Coefficient"; Value = "200ppm/°C"; VariantName = "[No Variations]"
Add component (AddParameter): Name = "Tolerance"; Value = "5%"; VariantName = "[No Variations]"
Add component (AddParameter): Name = "Width"; Value = "0.049inch"; VariantName = "[No Variations]"
Added Component: Designator=RN?(YC164JR0733RL)
Add component (AddParameter): Name = "Arrow Part Number"; Value = "YC164-JR-0733RL"; VariantName = "[No Variations]"
Add component (AddParameter): Name = "Arrow Price/Stock"; Value = "https://www.arrow.com/en/products/yc164-jr-0733rl/yageo?region=europe"; VariantName = "[No Variations]"
Add component (AddParameter): Name = "Datasheet Link"; Value = "https://www.yageogroup.com/content/Resource%20Library/Datasheet/PYU-YC_TC_GROUP_51_ROHS_L.pdf"; VariantName = "[No Variations]"
Add component (AddParameter): Name = "Height"; Value = "0.7mm"; VariantName = "[No Variations]"
Add component (AddParameter): Name = "Manufacturer_Name"; Value = "Yageo Group"; VariantName = "[No Variations]"
Add component (AddParameter): Name = "Manufacturer_Part_Number"; Value = "YC164-JR-0733RL"; VariantName = "[No Variations]"
Add component (AddParameter): Name = "Mouser Part Number"; Value = "603-YC164-JR-0733RL"; VariantName = "[No Variations]"
Add component (AddParameter): Name = "Mouser Price/Stock"; Value = "https://www.mouser.co.uk/ProductDetail/YAGEO/YC164-JR-0733RL?qs=o9qB%2F%252BVTi4Vtxhdi6sXU3Q%3D%3D"; VariantName = "[No Variations]"
Added Component: Designator=RN?(YC164JR0733RL)
Add component (AddParameter): Name = "Arrow Part Number"; Value = "YC164-JR-0733RL"; VariantName = "[No Variations]"
Add component (AddParameter): Name = "Arrow Price/Stock"; Value = "https://www.arrow.com/en/products/yc164-jr-0733rl/yageo?region=europe"; VariantName = "[No Variations]"
Add component (AddParameter): Name = "Datasheet Link"; Value = "https://www.yageogroup.com/content/Resource%20Library/Datasheet/PYU-YC_TC_GROUP_51_ROHS_L.pdf"; VariantName = "[No Variations]"
Add component (AddParameter): Name = "Height"; Value = "0.7mm"; VariantName = "[No Variations]"
Add component (AddParameter): Name = "Manufacturer_Name"; Value = "Yageo Group"; VariantName = "[No Variations]"
Add component (AddParameter): Name = "Manufacturer_Part_Number"; Value = "YC164-JR-0733RL"; VariantName = "[No Variations]"
Add component (AddParameter): Name = "Mouser Part Number"; Value = "603-YC164-JR-0733RL"; VariantName = "[No Variations]"
Add component (AddParameter): Name = "Mouser Price/Stock"; Value = "https://www.mouser.co.uk/ProductDetail/YAGEO/YC164-JR-0733RL?qs=o9qB%2F%252BVTi4Vtxhdi6sXU3Q%3D%3D"; VariantName = "[No Variations]"
Added Component: Designator=U1(N0014A)
Add component (AddParameter): Name = "CMRR(Min)(dB)"; Value = "70"; VariantName = "[No Variations]"
Add component (AddParameter): Name = "Code_JEDEC"; Value = "MS-001"; VariantName = "[No Variations]"
Add component (AddParameter): Name = "ComponentLink1Description"; Value = "Manufacturer URL"; VariantName = "[No Variations]"
Add component (AddParameter): Name = "ComponentLink1URL"; Value = "http://www.ti.com/"; VariantName = "[No Variations]"
Add component (AddParameter): Name = "ComponentLink2Description"; Value = "Datasheet"; VariantName = "[No Variations]"
Add component (AddParameter): Name = "ComponentLink2URL"; Value = "http://www.ti.com/lit/ds/symlink/tl074.pdf"; VariantName = "[No Variations]"
Add component (AddParameter): Name = "ComponentLink3Description"; Value = "Package Specification"; VariantName = "[No Variations]"
Add component (AddParameter): Name = "ComponentLink3URL"; Value = "http://www.ti.com/lit/ml/mpdi002c/mpdi002c.pdf"; VariantName = "[No Variations]"
Add component (AddParameter): Name = "DatasheetVersion"; Value = "SLOS080J"; VariantName = "[No Variations]"
Add component (AddParameter): Name = "Eco-Plan"; Value = "Pb-Free (RoHS)"; VariantName = "[No Variations]"
Add component (AddParameter): Name = "GBW(Typ)(MHz)"; Value = "3"; VariantName = "[No Variations]"
Add component (AddParameter): Name = "IIB(Max)(pA)"; Value = "200"; VariantName = "[No Variations]"
Add component (AddParameter): Name = "Iq per channel(Max)(mA)"; Value = "2.5"; VariantName = "[No Variations]"
Add component (AddParameter): Name = "Manufacturer"; Value = "Texas Instruments"; VariantName = "[No Variations]"
Add component (AddParameter): Name = "Mounting Technology"; Value = "Through Hole"; VariantName = "[No Variations]"
Add component (AddParameter): Name = "Number of Channels"; Value = "4"; VariantName = "[No Variations]"
Add component (AddParameter): Name = "Offset Drift(Typ)(uV/C)"; Value = "18"; VariantName = "[No Variations]"
Add component (AddParameter): Name = "PackageDescription"; Value = "14-Pin Plastic In-Line, Body 19.305 x 6.35 mm, Pitch 2.54 mm"; VariantName = "[No Variations]"
Add component (AddParameter): Name = "PackageReference"; Value = "N0014A"; VariantName = "[No Variations]"
Add component (AddParameter): Name = "PackageVersion"; Value = "4040049/E, 12/2002"; VariantName = "[No Variations]"
Add component (AddParameter): Name = "PartNumber"; Value = "TL074IN"; VariantName = "[No Variations]"
Add component (AddParameter): Name = "Rating"; Value = "Military"; VariantName = "[No Variations]"
Add component (AddParameter): Name = "Slew Rate(Typ)(V/us)"; Value = "13"; VariantName = "[No Variations]"
Add component (AddParameter): Name = "Sub Family"; Value = "General Purpose Amplifier, High Supply Voltage Amplifier (>=30V)"; VariantName = "[No Variations]"
Add component (AddParameter): Name = "Total Supply Voltage(Max)(+5V is 5, +/-5V is 10)"; Value = "36"; VariantName = "[No Variations]"
Add component (AddParameter): Name = "Total Supply Voltage(Min)(+5V is 5, +/-5V is 10)"; Value = "7"; VariantName = "[No Variations]"
Add component (AddParameter): Name = "Vio (25C)(Max)(mV)"; Value = "10"; VariantName = "[No Variations]"
Add component (AddParameter): Name = "Vn at 1kHz(Typ)(nV/rtHz)"; Value = "18"; VariantName = "[No Variations]"
Added Pin To Net: NetName=GND Pin=C1-1
Added Pin To Net: NetName=GND Pin=C2-1
Added Pin To Net: NetName=GND Pin=C3-1
Added Pin To Net: NetName=GND Pin=C5-2
Added Pin To Net: NetName=GND Pin=C6-1
Added Pin To Net: NetName=GND Pin=C7-1
Added Pin To Net: NetName=GND Pin=C8-2
Added Pin To Net: NetName=GND Pin=C10-1
Added Pin To Net: NetName=GND Pin=C?-1
Added Pin To Net: NetName=GND Pin=C?-1
Added Pin To Net: NetName=GND Pin=C?-1
Added Pin To Net: NetName=GND Pin=C?-1
Added Pin To Net: NetName=GND Pin=C?-1
Added Pin To Net: NetName=GND Pin=C?-1
Added Pin To Net: NetName=GND Pin=C?-1
Added Pin To Net: NetName=GND Pin=C?-1
Added Pin To Net: NetName=GND Pin=C?-1
Added Pin To Net: NetName=GND Pin=C?-1
Added Pin To Net: NetName=GND Pin=C?-1
Added Pin To Net: NetName=GND Pin=C?-1
Added Pin To Net: NetName=GND Pin=C?-2
Added Pin To Net: NetName=GND Pin=C?-2
Added Pin To Net: NetName=GND Pin=C?-2
Added Pin To Net: NetName=GND Pin=C?-2
Added Pin To Net: NetName=GND Pin=C?-2
Added Pin To Net: NetName=GND Pin=C?-2
Added Pin To Net: NetName=GND Pin=C?-2
Added Pin To Net: NetName=GND Pin=C?-2
Added Pin To Net: NetName=GND Pin=C?-2
Added Pin To Net: NetName=GND Pin=C?-2
Added Pin To Net: NetName=GND Pin=C?-2
Added Pin To Net: NetName=GND Pin=C?-2
Added Pin To Net: NetName=GND Pin=C?-2
Added Pin To Net: NetName=GND Pin=C?-2
Added Pin To Net: NetName=GND Pin=C?-2
Added Pin To Net: NetName=GND Pin=C?-2
Added Pin To Net: NetName=GND Pin=IC1-2
Added Pin To Net: NetName=GND Pin=IC1-8
Added Pin To Net: NetName=GND Pin=IC?-3
Added Pin To Net: NetName=GND Pin=IC?-8
Added Pin To Net: NetName=GND Pin=IC?-15
Added Pin To Net: NetName=GND Pin=IC?-15
Added Pin To Net: NetName=GND Pin=IC?-16
Added Pin To Net: NetName=GND Pin=IC?-16
Added Pin To Net: NetName=GND Pin=IC?-20
Added Pin To Net: NetName=GND Pin=IC?-20
Added Pin To Net: NetName=GND Pin=IC?-26
Added Pin To Net: NetName=GND Pin=IC?-26
Added Pin To Net: NetName=GND Pin=J1-1
Added Pin To Net: NetName=GND Pin=J9-1
Added Pin To Net: NetName=GND Pin=J9-2
Added Pin To Net: NetName=GND Pin=J9-3
Added Pin To Net: NetName=GND Pin=J10-1
Added Pin To Net: NetName=GND Pin=J10-2
Added Pin To Net: NetName=GND Pin=J10-3
Added Pin To Net: NetName=GND Pin=J11-1
Added Pin To Net: NetName=GND Pin=J11-2
Added Pin To Net: NetName=GND Pin=J11-3
Added Pin To Net: NetName=GND Pin=J12-1
Added Pin To Net: NetName=GND Pin=J12-2
Added Pin To Net: NetName=GND Pin=J12-3
Added Pin To Net: NetName=GND Pin=J13-1
Added Pin To Net: NetName=GND Pin=J13-2
Added Pin To Net: NetName=GND Pin=J13-3
Added Pin To Net: NetName=GND Pin=J14-1
Added Pin To Net: NetName=GND Pin=J14-2
Added Pin To Net: NetName=GND Pin=J14-3
Added Pin To Net: NetName=GND Pin=J?-1
Added Pin To Net: NetName=GND Pin=J?-1
Added Pin To Net: NetName=GND Pin=J?-1
Added Pin To Net: NetName=GND Pin=J?-2
Added Pin To Net: NetName=GND Pin=J?-2
Added Pin To Net: NetName=GND Pin=J?-3
Added Pin To Net: NetName=GND Pin=J?-3
Added Pin To Net: NetName=GND Pin=R1-2
Added Pin To Net: NetName=GND Pin=R5-1
Added Pin To Net: NetName=GND Pin=R14-1
Added Pin To Net: NetName=GND Pin=R?-1
Added Pin To Net: NetName=GND Pin=R?-2
Added Pin To Net: NetName=GND Pin=U1-3
Added Pin To Net: NetName=GND Pin=U1-5
Added Pin To Net: NetName=GND Pin=U1-10
Added Pin To Net: NetName=GND Pin=U1-12
Added Net: Name=GND
Added Pin To Net: NetName=NetC1_2 Pin=C1-2
Added Pin To Net: NetName=NetC1_2 Pin=IC1-4
Added Pin To Net: NetName=NetC1_2 Pin=J7-1
Added Pin To Net: NetName=NetC1_2 Pin=J7-2
Added Pin To Net: NetName=NetC1_2 Pin=J7-3
Added Net: Name=NetC1_2
Added Pin To Net: NetName=NetC2_2 Pin=C2-2
Added Pin To Net: NetName=NetC2_2 Pin=C5-1
Added Pin To Net: NetName=NetC2_2 Pin=C6-2
Added Pin To Net: NetName=NetC2_2 Pin=IC1-7
Added Pin To Net: NetName=NetC2_2 Pin=IC?-24
Added Pin To Net: NetName=NetC2_2 Pin=J6-1
Added Pin To Net: NetName=NetC2_2 Pin=J6-2
Added Pin To Net: NetName=NetC2_2 Pin=J6-3
Added Net: Name=NetC2_2
Added Pin To Net: NetName=NetC3_2 Pin=C3-2
Added Pin To Net: NetName=NetC3_2 Pin=IC?-17
Added Net: Name=NetC3_2
Added Pin To Net: NetName=NetC4_1 Pin=C4-1
Added Pin To Net: NetName=NetC4_1 Pin=IC?-19
Added Net: Name=NetC4_1
Added Pin To Net: NetName=NetC4_2 Pin=C4-2
Added Pin To Net: NetName=NetC4_2 Pin=IC?-23
Added Net: Name=NetC4_2
Added Pin To Net: NetName=NetC7_2 Pin=C7-2
Added Pin To Net: NetName=NetC7_2 Pin=C8-1
Added Pin To Net: NetName=NetC7_2 Pin=IC?-27
Added Pin To Net: NetName=NetC7_2 Pin=J8-1
Added Pin To Net: NetName=NetC7_2 Pin=J8-2
Added Pin To Net: NetName=NetC7_2 Pin=J8-3
Added Net: Name=NetC7_2
Added Pin To Net: NetName=NetC9_1 Pin=C9-1
Added Pin To Net: NetName=NetC9_1 Pin=C10-2
Added Pin To Net: NetName=NetC9_1 Pin=D1-1
Added Pin To Net: NetName=NetC9_1 Pin=D2-2
Added Pin To Net: NetName=NetC9_1 Pin=R11-2
Added Pin To Net: NetName=NetC9_1 Pin=U1-8
Added Pin To Net: NetName=NetC9_1 Pin=U1-9
Added Pin To Net: NetName=NetC9_1 Pin=U1-13
Added Pin To Net: NetName=NetC9_1 Pin=U1-14
Added Net: Name=NetC9_1
Added Pin To Net: NetName=NetC9_2 Pin=C9-2
Added Pin To Net: NetName=NetC9_2 Pin=R10-2
Added Pin To Net: NetName=NetC9_2 Pin=R11-1
Added Net: Name=NetC9_2
Added Pin To Net: NetName=NetC?_1 Pin=C?-1
Added Pin To Net: NetName=NetC?_1 Pin=C?-1
Added Pin To Net: NetName=NetC?_1 Pin=C?-1
Added Pin To Net: NetName=NetC?_1 Pin=C?-2
Added Pin To Net: NetName=NetC?_1 Pin=C?-2
Added Pin To Net: NetName=NetC?_1 Pin=IC?-27
Added Pin To Net: NetName=NetC?_1 Pin=J?-1
Added Pin To Net: NetName=NetC?_1 Pin=J?-2
Added Pin To Net: NetName=NetC?_1 Pin=J?-3
Added Net: Name=NetC?_1
Add Net: Net with name "NetC?_1" already exists
Add Net: Net with name "NetC?_1" already exists
Add Net: Net with name "NetC?_1" already exists
Add Net: Net with name "NetC?_1" already exists
Add Net: Net with name "NetC?_1" already exists
Added Pin To Net: NetName=NetC?_2 Pin=C?-2
Added Pin To Net: NetName=NetC?_2 Pin=IC?-23
Added Net: Name=NetC?_2
Add Net: Net with name "NetC?_2" already exists
Added Pin To Net: NetName=NetD1_2 Pin=D1-2
Added Pin To Net: NetName=NetD1_2 Pin=Q1-1
Added Pin To Net: NetName=NetD1_2 Pin=R12-1
Added Net: Name=NetD1_2
Added Pin To Net: NetName=NetD2_1 Pin=D2-1
Added Pin To Net: NetName=NetD2_1 Pin=Q2-1
Added Pin To Net: NetName=NetD2_1 Pin=R13-2
Added Net: Name=NetD2_1
Added Pin To Net: NetName=NetD?_1 Pin=D?-1
Added Pin To Net: NetName=NetD?_1 Pin=D?-2
Added Net: Name=NetD?_1
Add Net: Net with name "NetD?_1" already exists
Added Pin To Net: NetName=NetD?_2 Pin=D?-2
Added Pin To Net: NetName=NetD?_2 Pin=Q?-1
Added Pin To Net: NetName=NetD?_2 Pin=R?-1
Added Net: Name=NetD?_2
Added Pin To Net: NetName=NetIC1_3 Pin=IC1-3
Added Pin To Net: NetName=NetIC1_3 Pin=R2-2
Added Pin To Net: NetName=NetIC1_3 Pin=R3-2
Added Net: Name=NetIC1_3
Added Pin To Net: NetName=NetIC1_6 Pin=IC1-6
Added Pin To Net: NetName=NetIC1_6 Pin=R4-1
Added Pin To Net: NetName=NetIC1_6 Pin=R6-1
Added Net: Name=NetIC1_6
Added Pin To Net: NetName=NetIC?_1 Pin=IC?-1
Added Pin To Net: NetName=NetIC?_1 Pin=RN?-4
Added Net: Name=NetIC?_1
Add Net: Net with name "NetIC?_1" already exists
Added Pin To Net: NetName=NetIC?_2 Pin=IC?-2
Added Pin To Net: NetName=NetIC?_2 Pin=R?-1
Added Pin To Net: NetName=NetIC?_2 Pin=R?-2
Added Net: Name=NetIC?_2
Add Net: Net with name "NetIC?_2" already exists
Add Net: Net with name "NetIC?_2" already exists
Add Net: Net with name "NetIC?_2" already exists
Added Pin To Net: NetName=NetIC?_3 Pin=IC?-3
Added Pin To Net: NetName=NetIC?_3 Pin=RN?-2
Added Net: Name=NetIC?_3
Add Net: Net with name "NetIC?_3" already exists
Add Net: Net with name "NetIC?_3" already exists
Added Pin To Net: NetName=NetIC?_4 Pin=IC?-4
Added Pin To Net: NetName=NetIC?_4 Pin=RN?-1
Added Net: Name=NetIC?_4
Add Net: Net with name "NetIC?_4" already exists
Add Net: Net with name "NetIC?_4" already exists
Added Pin To Net: NetName=NetIC?_5 Pin=IC?-5
Added Pin To Net: NetName=NetIC?_5 Pin=J3-4
Added Net: Name=NetIC?_5
Add Net: Net with name "NetIC?_5" already exists
Added Pin To Net: NetName=NetIC?_6 Pin=IC?-6
Added Pin To Net: NetName=NetIC?_6 Pin=J3-3
Added Net: Name=NetIC?_6
Add Net: Net with name "NetIC?_6" already exists
Add Net: Net with name "NetIC?_6" already exists
Add Net: Net with name "NetIC?_6" already exists
Added Pin To Net: NetName=NetIC?_7 Pin=IC?-7
Added Net: Name=NetIC?_7
Add Net: Net with name "NetIC?_7" already exists
Add Net: Net with name "NetIC?_7" already exists
Added Pin To Net: NetName=NetIC?_8 Pin=IC?-8
Added Pin To Net: NetName=NetIC?_8 Pin=J3-1
Added Net: Name=NetIC?_8
Add Net: Net with name "NetIC?_8" already exists
Added Pin To Net: NetName=NetIC?_18 Pin=IC?-18
Added Pin To Net: NetName=NetIC?_18 Pin=R?-2
Added Net: Name=NetIC?_18
Add Net: Net with name "NetIC?_18" already exists
Added Pin To Net: NetName=NetIC?_28 Pin=IC?-28
Added Pin To Net: NetName=NetIC?_28 Pin=R?-2
Added Net: Name=NetIC?_28
Add Net: Net with name "NetIC?_28" already exists
Added Pin To Net: NetName=NetJ4_1 Pin=J4-1
Added Pin To Net: NetName=NetJ4_1 Pin=J4-2
Added Pin To Net: NetName=NetJ4_1 Pin=J4-3
Added Pin To Net: NetName=NetJ4_1 Pin=Q1-3
Added Pin To Net: NetName=NetJ4_1 Pin=R12-2
Added Pin To Net: NetName=NetJ4_1 Pin=U1-4
Added Net: Name=NetJ4_1
Added Pin To Net: NetName=NetJ5_1 Pin=J5-1
Added Pin To Net: NetName=NetJ5_1 Pin=J5-2
Added Pin To Net: NetName=NetJ5_1 Pin=J5-3
Added Pin To Net: NetName=NetJ5_1 Pin=Q2-3
Added Pin To Net: NetName=NetJ5_1 Pin=R13-1
Added Pin To Net: NetName=NetJ5_1 Pin=U1-11
Added Net: Name=NetJ5_1
Added Pin To Net: NetName=NetJ?_1 Pin=J?-1
Added Pin To Net: NetName=NetJ?_1 Pin=RN?-8
Added Net: Name=NetJ?_1
Add Net: Net with name "NetJ?_1" already exists
Add Net: Net with name "NetJ?_1" already exists
Added Pin To Net: NetName=NetJ?_2 Pin=J?-2
Added Pin To Net: NetName=NetJ?_2 Pin=RN?-7
Added Net: Name=NetJ?_2
Add Net: Net with name "NetJ?_2" already exists
Add Net: Net with name "NetJ?_2" already exists
Added Pin To Net: NetName=NetJ?_3 Pin=J?-3
Added Pin To Net: NetName=NetJ?_3 Pin=RN?-6
Added Net: Name=NetJ?_3
Add Net: Net with name "NetJ?_3" already exists
Added Pin To Net: NetName=NetJ?_4 Pin=J?-4
Added Pin To Net: NetName=NetJ?_4 Pin=RN?-5
Added Net: Name=NetJ?_4
Add Net: Net with name "NetJ?_4" already exists
Added Pin To Net: NetName=NetQ?_2 Pin=Q?-2
Added Pin To Net: NetName=NetQ?_2 Pin=Q?-2
Added Net: Name=NetQ?_2
Added Pin To Net: NetName=NetQ?_3 Pin=Q?-3
Added Pin To Net: NetName=NetQ?_3 Pin=R?-2
Added Net: Name=NetQ?_3
Add Net: Net with name "NetQ?_3" already exists
Added Pin To Net: NetName=NetR3_1 Pin=R3-1
Added Pin To Net: NetName=NetR3_1 Pin=R4-2
Added Net: Name=NetR3_1
Added Pin To Net: NetName=NetR6_2 Pin=R6-2
Added Pin To Net: NetName=NetR6_2 Pin=R7-1
Added Pin To Net: NetName=NetR6_2 Pin=U1-2
Added Net: Name=NetR6_2
Added Pin To Net: NetName=NetR7_2 Pin=R7-2
Added Pin To Net: NetName=NetR7_2 Pin=R8-1
Added Pin To Net: NetName=NetR7_2 Pin=U1-1
Added Net: Name=NetR7_2
Added Pin To Net: NetName=NetR8_2 Pin=R8-2
Added Pin To Net: NetName=NetR8_2 Pin=R9-1
Added Pin To Net: NetName=NetR8_2 Pin=U1-6
Added Net: Name=NetR8_2
Added Pin To Net: NetName=NetR9_2 Pin=R9-2
Added Pin To Net: NetName=NetR9_2 Pin=R10-1
Added Pin To Net: NetName=NetR9_2 Pin=U1-7
Added Net: Name=NetR9_2
Added Pin To Net: NetName=NetR?_1 Pin=R?-1
Added Pin To Net: NetName=NetR?_1 Pin=R?-1
Added Net: Name=NetR?_1
Added Pin To Net: NetName=sig2_N Pin=IC?-21
Added Pin To Net: NetName=sig2_N Pin=R2-1
Added Net: Name=sig2_N
Added Pin To Net: NetName=sig2_P Pin=IC?-22
Added Pin To Net: NetName=sig2_P Pin=R1-1
Added Net: Name=sig2_P
Added Pin To Net: NetName=sig_N Pin=IC?-21
Added Pin To Net: NetName=sig_N Pin=R?-1
Added Net: Name=sig_N
Added Pin To Net: NetName=sig_P Pin=IC?-22
Added Pin To Net: NetName=sig_P Pin=R?-2
Added Net: Name=sig_P
Added Class: Name=PROTOTIPO
Added Class: Name=SAMPLER
Added Differential Pair: Name=sig2
Added Differential Pair: Name=sig
Added Rule: Name=Schematic Supply Nets
